id_edition;id_race;year;cat;s_cat
1;1000;1958;C;1
2;1000;1959;C;1
3;1000;1960;C;1
4;1000;1961;C;1
5;1000;1962;C;1
6;1000;1963;C;1
7;1000;1964;C;1
8;1000;1965;C;1
9;1000;1966;C;1
10;1000;1967;C;1
11;1000;1968;C;1
12;1000;1969;C;1
13;1000;1970;C;1
14;1000;1971;C;1
15;1000;1972;C;1
16;1000;1973;C;1
17;1000;1974;C;1
18;1000;1975;C;1
19;1000;1976;C;1
20;1000;1977;C;1
21;1000;1978;C;1
22;1000;1979;C;1
23;1000;1980;C;1
24;1000;1981;C;1
25;1000;1982;C;1
26;1000;1983;C;1
27;1000;1985;C;1
28;1000;1986;C;1
29;1000;1987;C;1
30;1000;1989;C;1
31;1000;1990;C;1
32;1000;1991;C;1
33;1000;1993;C;1
34;1000;1994;C;1
35;1000;1995;C;1
36;1000;1996;C;1
37;1000;1997;C;1
38;1000;1998;C;1
39;1000;1999;C;1
40;1000;2000;C;1
41;1000;2001;C;1
42;1000;2002;C;1
43;1000;2003;C;1
44;1000;2004;C;1
45;1000;2005;C;1
46;1000;2006;C;1
47;1000;2007;C;1
48;1000;2008;C;1
49;1000;2009;C;1
50;1000;2010;C;1
51;1000;2011;C;1
52;1000;2012;C;1
53;1000;2013;C;1
54;1000;2014;C;1
55;1000;2015;C;1
56;1000;2016;C;1
57;1000;2017;C;1
58;1000;2018;C;1
59;1000;2019;C;1
60;1000;2020;C;1
61;1000;2021;C;1
62;1000;2022;C;1
63;1000;2023;C;1
64;1000;2024;C;1
65;1000;2025;C;1
66;1010;1984;C;1
67;1010;1988;C;1
68;1010;1992;C;1
69;1010;1996;C;1
70;1010;2000;C;1
71;1010;2004;C;1
72;1010;2008;C;1
73;1010;2012;C;1
74;1010;2016;C;1
75;1010;2021;C;1
76;1010;2024;C;1
77;1020;1988;C;4
78;1020;1989;C;4
79;1020;1990;C;4
80;1020;1991;C;4
81;1020;1992;C;4
82;1020;1993;C;4
83;1020;1994;C;4
84;1020;1995;C;4
85;1020;1996;C;4
86;1030;1991;C;4
87;1040;1991;C;4
88;1040;1992;C;4
89;1040;1993;C;4
90;1040;1994;C;4
91;1040;1995;C;4
92;1040;1996;C;4
93;1040;1997;C;4
94;1040;1998;C;4
95;1040;1999;C;4
96;1040;2000;C;4
97;1040;2001;C;4
98;1050;1992;C;4
99;1050;1993;C;4
100;1050;1994;C;4
101;1050;1995;C;4
102;1050;1996;C;4
103;1050;1997;C;4
104;1050;1998;C;4
105;1050;1999;C;4
106;1050;2000;C;4
107;1050;2001;C;4
108;1050;2002;C;4
109;1050;2003;C;4
110;1050;2004;C;4
111;1050;2005;C;4
112;1060;1994;C;4
113;1060;1995;C;4
114;1060;1996;C;4
115;1060;1997;C;4
116;1060;1998;C;4
117;1060;1999;C;4
118;1060;2000;C;4
119;1070;1994;C;4
120;1070;1995;C;4
121;1070;1996;C;4
122;1070;1997;C;4
123;1070;1998;C;4
124;1070;1999;C;4
125;1070;2000;C;4
126;1070;2001;C;4
127;1070;2002;C;4
128;1070;2003;C;1
129;1070;2004;C;1
130;1070;2005;C;1
131;1070;2006;C;1
132;1070;2007;C;1
133;1070;2008;C;1
134;1070;2009;C;1
135;1080;1994;C;4
136;1080;1995;C;4
137;1080;1996;C;4
138;1080;1997;C;4
139;1080;1998;C;4
140;1080;1999;C;4
141;1080;2000;C;4
142;1080;2001;C;4
143;1080;2002;C;4
144;1080;2003;C;4
145;1080;2004;C;4
146;1080;2005;C;4
147;1080;2006;C;4
148;1080;2007;C;4
149;1080;2008;C;4
150;1080;2009;C;4
151;1080;2010;C;4
152;1080;2011;C;4
153;1080;2012;C;4
154;1090;1994;C;4
155;1090;1995;C;4
156;1090;1996;C;4
157;1090;1997;C;4
158;1090;1998;C;1
159;1090;1999;C;1
160;1090;2000;C;1
161;1090;2001;C;1
162;1090;2002;C;2
163;1090;2003;C;2
164;1090;2004;C;2
165;1090;2005;C;2
166;1090;2006;C;2
167;1090;2007;C;2
168;1090;2008;C;2
169;1090;2009;C;2
170;1090;2010;C;2
171;1090;2011;C;2
172;1090;2012;C;2
173;1090;2013;C;4
174;1090;2014;C;2
175;1090;2015;C;1
176;1090;2016;C;1
177;1100;2014;C;4
178;1100;2015;C;4
179;1100;2017;C;4
180;1110;1994;C;4
181;1110;1995;C;4
182;1110;1996;C;4
183;1110;1999;C;4
184;1110;2000;C;4
185;1110;2001;C;4
186;1110;2002;C;4
187;1110;2003;C;4
188;1110;2004;C;4
189;1110;2005;C;4
190;1110;2006;C;4
191;1110;2007;C;4
192;1110;2008;C;1
193;1110;2009;C;1
194;1110;2010;C;1
195;1110;2011;C;1
196;1110;2012;C;1
197;1110;2013;C;1
198;1110;2014;C;1
199;1110;2015;C;1
200;1110;2016;C;1
201;1110;2017;C;1
202;1110;2018;C;1
203;1110;2019;C;1
204;1110;2021;C;1
205;1110;2022;C;1
206;1110;2023;C;1
207;1110;2024;C;1
208;1110;2025;C;1
209;1120;1995;C;4
210;1120;1997;C;4
211;1130;1995;C;4
212;1130;1996;C;4
213;1130;1997;C;4
214;1140;1995;C;4
215;1140;1996;C;4
216;1140;1997;C;4
217;1140;1998;C;4
218;1140;2000;C;4
219;1150;1996;C;4
220;1150;1997;C;4
221;1150;1998;C;4
222;1160;1996;C;4
223;1160;1997;C;4
224;1160;1998;C;4
225;1160;1999;C;4
226;1160;2000;C;4
227;1160;2001;C;4
228;1160;2002;C;4
229;1160;2003;C;4
230;1160;2004;C;2
231;1160;2005;C;2
232;1160;2006;C;1
233;1160;2007;C;1
234;1160;2008;C;1
235;1160;2009;C;1
236;1170;1997;C;4
237;1170;1998;C;1
238;1170;1999;C;1
239;1170;2000;C;2
240;1170;2001;C;1
241;1180;1997;C;4
242;1180;1998;C;1
243;1180;1999;C;1
244;1180;2000;C;1
245;1180;2001;C;1
246;1180;2002;C;1
247;1180;2008;C;4
248;1190;1998;C;4
249;1200;1998;C;1
250;1200;1999;C;1
251;1200;2000;C;1
252;1200;2001;C;1
253;1200;2002;C;1
254;1200;2003;C;1
255;1200;2004;C;1
256;1200;2005;C;1
257;1200;2006;C;1
258;1210;1998;C;1
259;1210;1999;C;1
260;1210;2000;C;1
261;1210;2001;C;1
262;1210;2002;C;1
263;1210;2003;C;1
264;1210;2004;C;1
265;1210;2005;C;1
266;1210;2006;C;1
267;1210;2007;C;1
268;1210;2008;C;1
269;1220;1998;C;1
270;1220;1999;C;1
271;1220;2000;C;1
272;1220;2001;C;1
273;1220;2002;C;1
274;1220;2003;C;1
275;1220;2004;C;1
276;1220;2005;C;1
277;1220;2006;C;1
278;1220;2007;C;1
279;1220;2008;C;1
280;1220;2009;C;1
281;1230;1998;C;4
282;1230;1999;C;1
283;1230;2000;C;1
284;1230;2001;C;1
285;1230;2002;C;1
286;1230;2003;C;1
287;1230;2004;C;1
288;1230;2005;C;1
289;1230;2006;C;1
290;1230;2007;C;1
291;1230;2008;C;1
292;1230;2009;C;1
293;1230;2010;C;1
294;1230;2011;C;1
295;1230;2012;C;1
296;1230;2013;C;1
297;1230;2014;C;1
298;1230;2015;C;1
299;1230;2016;C;1
300;1230;2017;C;1
301;1230;2018;C;1
302;1230;2019;C;1
303;1230;2020;C;1
304;1230;2021;C;1
305;1230;2022;C;1
306;1230;2023;C;1
307;1230;2024;C;1
308;1230;2025;C;1
309;1240;1999;C;1
310;1240;2000;C;1
311;1240;2001;C;1
312;1240;2002;C;1
313;1240;2003;C;1
314;1240;2004;C;1
315;1240;2005;C;1
316;1250;1999;C;1
317;1250;2001;C;1
318;1250;2002;C;1
319;1250;2005;C;1
320;1250;2006;C;1
321;1250;2009;C;2
322;1260;1999;C;4
323;1260;2000;C;4
324;1260;2002;C;4
325;1260;2007;C;4
326;1260;2008;C;4
327;1260;2009;C;4
328;1260;2010;C;4
329;1260;2011;C;4
330;1260;2012;C;4
331;1260;2014;C;4
332;1260;2015;C;4
333;1270;2001;C;4
334;1280;2001;C;4
335;1280;2002;C;4
336;1280;2003;C;4
337;1280;2004;C;4
338;1280;2005;C;2
339;1280;2006;C;2
340;1280;2007;C;2
341;1280;2008;C;2
342;1280;2009;C;2
343;1280;2010;C;2
344;1280;2011;C;2
345;1280;2012;C;4
346;1280;2013;C;2
347;1280;2014;C;1
348;1280;2015;C;1
349;1290;2001;C;4
350;1290;2002;C;2
351;1290;2003;C;1
352;1290;2017;C;1
353;1290;2018;C;1
354;1290;2019;C;1
355;1290;2021;C;1
356;1290;2022;C;1
357;1290;2023;C;1
358;1290;2024;C;1
359;1290;2025;C;1
360;1300;2002;C;1
361;1300;2003;C;1
362;1300;2004;C;1
363;1300;2005;C;1
364;1300;2006;C;1
365;1300;2010;C;1
366;1300;2011;C;1
367;1310;2002;C;4
368;1310;2003;C;4
369;1310;2004;C;4
370;1310;2005;C;4
371;1310;2006;C;4
372;1310;2007;C;4
373;1310;2008;C;4
374;1310;2009;C;4
375;1310;2010;C;4
376;1310;2011;C;4
377;1310;2012;C;4
378;1310;2013;C;4
379;1310;2014;C;4
380;1310;2015;C;4
381;1310;2016;C;4
382;1310;2017;C;4
383;1310;2018;C;4
384;1320;2002;C;1
385;1320;2003;C;1
386;1320;2004;C;1
387;1320;2005;C;1
388;1320;2006;C;1
389;1320;2007;C;1
390;1320;2008;C;1
391;1320;2009;C;1
392;1320;2010;C;1
393;1320;2011;C;1
394;1320;2012;C;1
395;1320;2013;C;1
396;1320;2014;C;1
397;1320;2015;C;1
398;1320;2016;C;1
399;1320;2017;C;1
400;1320;2018;C;1
401;1320;2019;C;1
402;1320;2020;C;1
403;1320;2021;C;1
404;1320;2022;C;1
405;1320;2023;C;1
406;1320;2024;C;1
407;1320;2025;C;1
408;1330;2004;C;4
409;1340;2004;C;1
410;1340;2005;C;1
411;1340;2006;C;1
412;1340;2007;C;1
413;1340;2008;C;1
414;1340;2009;C;1
415;1340;2010;C;1
416;1340;2011;C;1
417;1340;2012;C;1
418;1340;2013;C;1
419;1340;2014;C;1
420;1340;2015;C;1
421;1340;2016;C;1
422;1340;2017;C;1
423;1340;2018;C;1
424;1340;2019;C;1
425;1340;2020;C;1
426;1340;2021;C;1
427;1340;2022;C;1
428;1340;2023;C;1
429;1340;2024;C;1
430;1340;2025;C;1
431;1350;2005;C;4
432;1360;2005;C;1
433;1370;2006;C;4
434;1380;2006;C;1
435;1380;2007;C;1
436;1380;2008;C;1
437;1380;2009;C;1
438;1380;2010;C;1
439;1380;2011;C;1
440;1380;2012;C;1
441;1380;2013;C;1
442;1380;2014;C;1
443;1380;2015;C;1
444;1380;2016;C;1
445;1380;2017;C;1
446;1380;2018;C;1
447;1380;2019;C;1
448;1380;2022;C;1
449;1390;2006;C;4
450;1390;2007;C;4
451;1390;2008;C;4
452;1390;2009;C;4
453;1390;2010;C;4
454;1390;2011;C;4
455;1390;2012;C;4
456;1390;2013;C;4
457;1390;2014;C;4
458;1390;2015;C;4
459;1390;2016;C;4
460;1390;2017;C;4
461;1390;2018;C;4
462;1390;2019;C;4
463;1390;2020;C;4
464;1390;2021;C;3
465;1390;2022;C;3
466;1390;2023;C;1
467;1390;2024;C;1
468;1390;2025;C;1
469;1400;2007;C;4
470;1400;2008;C;4
471;1400;2009;C;4
472;1400;2010;C;4
473;1400;2011;C;4
474;1400;2012;C;4
475;1410;2007;C;2
476;1410;2008;C;2
477;1410;2009;C;2
478;1410;2010;C;2
479;1410;2011;C;2
480;1410;2012;C;2
481;1410;2013;C;4
482;1410;2014;C;4
483;1410;2015;C;4
484;1410;2016;C;4
485;1410;2017;C;4
486;1410;2018;C;4
487;1410;2019;C;4
488;1410;2021;C;4
489;1410;2022;C;4
490;1420;2007;C;1
491;1420;2008;C;1
492;1420;2009;C;1
493;1420;2010;C;1
494;1420;2011;C;1
495;1420;2012;C;1
496;1420;2013;C;1
497;1420;2014;C;1
498;1420;2015;C;1
499;1420;2016;C;1
500;1420;2017;C;1
501;1420;2018;C;1
502;1420;2019;C;1
503;1420;2021;C;1
504;1420;2022;C;1
505;1420;2023;C;1
506;1420;2024;C;1
507;1430;2008;C;4
508;1430;2009;C;2
509;1430;2010;C;2
510;1430;2011;C;2
511;1440;2010;C;4
512;1440;2011;C;4
513;1440;2012;C;4
514;1440;2013;C;4
515;1440;2014;C;4
516;1440;2015;C;4
517;1450;2010;C;1
518;1450;2011;C;1
519;1450;2012;C;1
520;1450;2013;C;1
521;1450;2014;C;1
522;1450;2015;C;1
523;1460;2010;C;4
524;1460;2011;C;4
525;1460;2012;C;4
526;1460;2013;C;4
527;1460;2014;C;4
528;1460;2015;C;4
529;1460;2016;C;4
530;1460;2017;C;4
531;1460;2018;C;4
532;1460;2019;C;4
533;1460;2021;C;4
534;1460;2022;C;4
535;1460;2023;C;4
536;1470;2011;C;4
537;1470;2012;C;4
538;1470;2013;C;4
539;1470;2014;C;4
540;1470;2015;C;4
541;1470;2016;C;4
542;1470;2017;C;4
543;1470;2018;C;4
544;1480;2012;C;4
545;1480;2013;C;4
546;1480;2014;C;4
547;1490;2012;C;4
548;1490;2013;C;4
549;1490;2014;C;4
550;1500;2012;C;4
551;1500;2013;C;4
552;1500;2014;C;4
553;1500;2015;C;4
554;1500;2016;C;1
555;1500;2017;C;1
556;1500;2018;C;1
557;1500;2019;C;1
558;1500;2020;C;1
559;1500;2021;C;1
560;1500;2022;C;1
561;1500;2023;C;1
562;1500;2024;C;1
563;1500;2025;C;1
564;1510;2012;C;4
565;1510;2013;C;4
566;1510;2014;C;4
567;1510;2015;C;4
568;1510;2016;C;4
569;1510;2017;C;4
570;1510;2018;C;4
571;1510;2019;C;4
572;1510;2021;C;4
573;1510;2022;C;3
574;1510;2023;C;3
575;1510;2024;C;3
576;1510;2025;C;3
577;1520;2013;C;4
578;1520;2014;C;4
579;1530;2014;C;4
580;1530;2015;C;4
581;1540;2014;C;2
582;1540;2015;C;2
583;1540;2016;C;1
584;1540;2017;C;1
585;1540;2018;C;1
586;1540;2019;C;1
587;1540;2020;C;1
588;1540;2021;C;1
589;1550;2014;C;4
590;1550;2015;C;4
591;1550;2016;C;4
592;1550;2017;C;4
593;1550;2018;C;4
594;1550;2019;C;4
595;1550;2020;C;3
596;1550;2021;C;3
597;1550;2022;C;3
598;1550;2023;C;3
599;1550;2024;C;3
600;1550;2025;C;3
601;1560;2015;C;2
602;1560;2016;C;1
603;1560;2017;C;1
604;1570;2015;C;4
605;1570;2016;C;1
606;1570;2017;C;1
607;1570;2018;C;1
608;1570;2019;C;1
609;1580;2015;C;2
610;1580;2016;C;1
611;1580;2017;C;1
612;1580;2018;C;1
613;1580;2019;C;1
614;1580;2020;C;1
615;1580;2021;C;1
616;1580;2022;C;1
617;1580;2023;C;1
618;1580;2024;C;1
619;1580;2025;C;1
620;1590;2015;C;4
621;1590;2016;C;4
622;1590;2017;C;4
623;1590;2018;C;4
624;1590;2019;C;4
625;1590;2020;C;1
626;1590;2023;C;1
627;1590;2024;C;1
628;1590;2025;C;1
629;1600;2016;C;4
630;1600;2017;C;4
631;1600;2018;C;4
632;1600;2019;C;4
633;1600;2020;C;4
634;1600;2021;C;4
635;1600;2022;C;3
636;1600;2023;C;3
637;1600;2024;C;3
638;1600;2025;C;3
639;1610;2016;C;3
640;1610;2017;C;3
641;1610;2018;C;3
642;1610;2019;C;3
643;1610;2020;C;3
644;1610;2021;C;3
645;1610;2022;C;3
646;1610;2023;C;3
647;1610;2024;C;3
648;1610;2025;C;3
649;1620;2017;C;1
650;1620;2018;C;1
651;1620;2019;C;1
652;1620;2020;C;1
653;1620;2021;C;1
654;1620;2022;C;1
655;1620;2023;C;1
656;1620;2024;C;1
657;1620;2025;C;1
658;1630;2017;C;4
659;1630;2018;C;1
660;1630;2019;C;1
661;1630;2023;C;1
662;1630;2024;C;1
663;1630;2025;C;1
664;1640;2018;C;1
665;1640;2019;C;1
666;1640;2020;C;1
667;1640;2021;C;1
668;1640;2022;C;1
669;1640;2023;C;1
670;1640;2024;C;1
671;1640;2025;C;1
672;1650;2019;C;4
673;1650;2021;C;1
674;1660;2019;C;4
675;1660;2021;C;3
676;1660;2022;C;3
677;1660;2023;C;3
678;1660;2024;C;3
679;1660;2025;C;3
680;1670;2019;C;4
681;1670;2020;C;4
682;1670;2021;C;4
683;1670;2022;C;4
684;1670;2023;C;3
685;1670;2024;C;3
686;1670;2025;C;3
687;1680;2021;C;1
688;1680;2022;C;1
689;1680;2023;C;1
690;1680;2024;C;1
691;1680;2025;C;1
692;1690;2021;C;4
693;1690;2022;C;4
694;1690;2023;C;4
695;1690;2024;C;3
696;1690;2025;C;3
697;1700;2025;C;1
698;1710;2025;C;1
699;1720;2025;C;3
700;1730;2004;C;4
701;1730;2005;C;4
702;1730;2006;C;4
703;1730;2007;C;4
704;1730;2008;C;4
705;1730;2009;C;4
706;1730;2010;C;4
707;1730;2011;C;4
708;1730;2012;C;4
709;1730;2013;C;4
710;1730;2014;C;4
711;1730;2015;C;4
712;1730;2016;C;4
713;2000;1984;T;4
714;2000;1985;T;4
715;2000;1986;T;4
716;2000;1987;T;4
717;2000;1988;T;4
718;2001;1984;S;4
719;2001;1985;S;4
720;2001;1986;S;4
721;2001;1987;S;4
722;2001;1988;S;4
723;2010;1984;T;4
724;2010;1985;T;4
725;2010;1986;T;4
726;2010;1987;T;4
727;2010;1988;T;4
728;2010;1989;T;4
729;2010;1990;T;4
730;2011;1984;S;4
731;2011;1985;S;4
732;2011;1986;S;4
733;2011;1987;S;4
734;2011;1988;S;4
735;2011;1989;S;4
736;2011;1990;S;4
737;2020;1984;T;0
738;2020;1985;T;0
739;2020;1986;T;0
740;2020;1987;T;0
741;2020;1988;T;0
742;2020;1989;T;0
743;2020;1990;T;0
744;2020;1992;T;2
745;2020;1993;T;2
746;2021;1984;S;0
747;2021;1985;S;0
748;2021;1986;S;0
749;2021;1987;S;0
750;2021;1988;S;0
751;2021;1989;S;0
752;2021;1990;S;0
753;2021;1992;S;2
754;2021;1993;S;2
755;2030;1984;T;4
756;2030;1985;T;4
757;2030;1986;T;4
758;2030;1987;T;4
759;2030;1988;T;4
760;2030;1989;T;2
761;2030;1990;T;2
762;2030;1991;T;2
763;2030;1992;T;2
764;2030;1993;T;2
765;2030;1994;T;2
766;2030;1995;T;0
767;2030;1996;T;0
768;2030;1997;T;0
769;2030;1998;T;0
770;2030;1999;T;0
771;2030;2000;T;0
772;2030;2001;T;0
773;2030;2002;T;0
774;2031;1984;S;4
775;2031;1985;S;4
776;2031;1986;S;4
777;2031;1987;S;4
778;2031;1988;S;4
779;2031;1989;S;2
780;2031;1990;S;2
781;2031;1991;S;2
782;2031;1992;S;2
783;2031;1993;S;2
784;2031;1994;S;2
785;2031;1995;S;0
786;2031;1996;S;0
787;2031;1997;S;0
788;2031;1998;S;0
789;2031;1999;S;0
790;2031;2000;S;0
791;2031;2001;S;0
792;2031;2002;S;0
793;2040;1984;T;0
794;2040;1985;T;0
795;2040;1986;T;0
796;2040;1987;T;0
797;2040;1988;T;0
798;2040;1989;T;0
799;2040;2022;T;0
800;2040;2023;T;0
801;2040;2024;T;0
802;2040;2025;T;0
803;2041;1984;S;0
804;2041;1985;S;0
805;2041;1986;S;0
806;2041;1987;S;0
807;2041;1988;S;0
808;2041;1989;S;0
809;2041;2022;S;0
810;2041;2023;S;0
811;2041;2024;S;0
812;2041;2025;S;0
813;2050;1985;T;4
814;2050;1986;T;4
815;2050;1987;T;4
816;2050;1988;T;4
817;2051;1985;S;4
818;2051;1986;S;4
819;2051;1987;S;4
820;2051;1988;S;4
821;2060;1985;T;4
822;2060;1986;T;2
823;2060;1987;T;0
824;2060;1988;T;0
825;2060;1989;T;0
826;2060;1990;T;0
827;2060;1991;T;0
828;2060;1992;T;0
829;2060;1993;T;0
830;2060;1994;T;0
831;2060;1995;T;0
832;2060;1996;T;0
833;2060;1997;T;0
834;2060;1998;T;0
835;2060;1999;T;0
836;2060;2000;T;0
837;2060;2001;T;0
838;2060;2002;T;0
839;2060;2003;T;0
840;2060;2004;T;0
841;2060;2005;T;0
842;2060;2006;T;0
843;2060;2007;T;0
844;2060;2008;T;0
845;2060;2009;T;0
846;2060;2010;T;0
847;2061;1985;S;4
848;2061;1986;S;2
849;2061;1987;S;0
850;2061;1988;S;0
851;2061;1989;S;0
852;2061;1990;S;0
853;2061;1991;S;0
854;2061;1992;S;0
855;2061;1993;S;0
856;2061;1994;S;0
857;2061;1995;S;0
858;2061;1996;S;0
859;2061;1997;S;0
860;2061;1998;S;0
861;2061;1999;S;0
862;2061;2000;S;0
863;2061;2001;S;0
864;2061;2002;S;0
865;2061;2003;S;0
866;2061;2004;S;0
867;2061;2005;S;0
868;2061;2006;S;0
869;2061;2007;S;0
870;2061;2008;S;0
871;2061;2009;S;0
872;2061;2010;S;0
873;2070;1986;T;4
874;2070;1987;T;4
875;2070;1988;T;4
876;2071;1986;S;4
877;2071;1987;S;4
878;2071;1988;S;4
879;2080;1986;T;4
880;2080;1987;T;4
881;2080;1988;T;4
882;2080;1989;T;4
883;2080;1990;T;4
884;2080;1991;T;4
885;2080;1992;T;4
886;2080;1993;T;4
887;2081;1986;S;4
888;2081;1987;S;4
889;2081;1988;S;4
890;2081;1989;S;4
891;2081;1990;S;4
892;2081;1991;S;4
893;2081;1992;S;4
894;2081;1993;S;4
895;2090;1986;T;4
896;2090;1987;T;4
897;2090;1988;T;4
898;2090;1989;T;4
899;2090;1991;T;2
900;2090;1992;T;2
901;2090;1993;T;2
902;2090;1994;T;2
903;2090;1995;T;2
904;2090;1996;T;2
905;2090;1997;T;2
906;2090;1998;T;2
907;2091;1986;S;4
908;2091;1987;S;4
909;2091;1988;S;4
910;2091;1989;S;4
911;2091;1991;S;2
912;2091;1992;S;2
913;2091;1993;S;2
914;2091;1994;S;2
915;2091;1995;S;2
916;2091;1996;S;2
917;2091;1997;S;2
918;2091;1998;S;2
919;2100;1986;T;4
920;2100;1987;T;4
921;2100;1988;T;4
922;2100;1989;T;4
923;2100;1990;T;4
924;2100;1991;T;4
925;2100;1992;T;4
926;2100;1993;T;4
927;2100;1994;T;4
928;2100;1995;T;4
929;2100;1996;T;4
930;2100;1997;T;4
931;2100;1998;T;4
932;2100;1999;T;4
933;2100;2001;T;4
934;2101;1986;S;4
935;2101;1987;S;4
936;2101;1988;S;4
937;2101;1989;S;4
938;2101;1990;S;4
939;2101;1991;S;4
940;2101;1992;S;4
941;2101;1993;S;4
942;2101;1994;S;4
943;2101;1995;S;4
944;2101;1996;S;4
945;2101;1997;S;4
946;2101;1998;S;4
947;2101;1999;S;4
948;2101;2001;S;4
949;2110;1987;T;4
950;2110;1988;T;4
951;2111;1987;S;4
952;2111;1988;S;4
953;2120;1987;T;4
954;2120;1988;T;4
955;2120;1989;T;4
956;2120;1990;T;4
957;2120;1991;T;4
958;2120;1992;T;2
959;2120;1993;T;2
960;2120;1994;T;2
961;2120;1995;T;2
962;2120;1996;T;2
963;2120;1997;T;2
964;2121;1987;S;4
965;2121;1988;S;4
966;2121;1989;S;4
967;2121;1990;S;4
968;2121;1991;S;4
969;2121;1992;S;2
970;2121;1993;S;2
971;2121;1994;S;2
972;2121;1995;S;2
973;2121;1996;S;2
974;2121;1997;S;2
975;2130;1987;T;4
976;2130;1988;T;4
977;2130;1989;T;4
978;2130;1991;T;4
979;2130;1992;T;2
980;2130;1993;T;2
981;2130;1994;T;2
982;2130;1995;T;2
983;2130;1996;T;2
984;2130;1997;T;2
985;2130;1998;T;2
986;2130;1999;T;2
987;2130;2000;T;4
988;2130;2001;T;4
989;2130;2011;T;4
990;2130;2012;T;4
991;2130;2013;T;4
992;2130;2014;T;4
993;2130;2015;T;4
994;2130;2016;T;4
995;2131;1987;S;4
996;2131;1988;S;4
997;2131;1989;S;4
998;2131;1991;S;4
999;2131;1992;S;2
1000;2131;1993;S;2
1001;2131;1994;S;2
1002;2131;1995;S;2
1003;2131;1996;S;2
1004;2131;1997;S;2
1005;2131;1998;S;2
1006;2131;1999;S;2
1007;2131;2000;S;4
1008;2131;2001;S;4
1009;2131;2011;S;4
1010;2131;2012;S;4
1011;2131;2013;S;4
1012;2131;2014;S;4
1013;2131;2015;S;4
1014;2131;2016;S;4
1015;2140;1988;T;4
1016;2140;1990;T;4
1017;2140;1991;T;4
1018;2140;1992;T;4
1019;2140;1993;T;4
1020;2140;1994;T;4
1021;2140;1995;T;4
1022;2141;1988;S;4
1023;2141;1990;S;4
1024;2141;1991;S;4
1025;2141;1992;S;4
1026;2141;1993;S;4
1027;2141;1994;S;4
1028;2141;1995;S;4
1029;2150;1988;T;0
1030;2150;1989;T;0
1031;2150;1990;T;0
1032;2150;1993;T;0
1033;2150;1994;T;0
1034;2150;1995;T;0
1035;2150;1996;T;0
1036;2150;1997;T;0
1037;2150;1998;T;0
1038;2150;1999;T;0
1039;2150;2000;T;0
1040;2150;2001;T;0
1041;2150;2002;T;0
1042;2150;2003;T;0
1043;2150;2004;T;0
1044;2150;2005;T;0
1045;2150;2006;T;0
1046;2150;2007;T;0
1047;2150;2008;T;0
1048;2150;2009;T;0
1049;2150;2010;T;0
1050;2150;2011;T;0
1051;2150;2012;T;0
1052;2150;2013;T;0
1053;2150;2014;T;0
1054;2150;2015;T;0
1055;2150;2016;T;0
1056;2150;2017;T;0
1057;2150;2018;T;0
1058;2150;2019;T;0
1059;2150;2020;T;0
1060;2150;2021;T;0
1061;2150;2022;T;0
1062;2150;2023;T;0
1063;2150;2024;T;0
1064;2150;2025;T;0
1065;2151;1988;S;0
1066;2151;1989;S;0
1067;2151;1990;S;0
1068;2151;1993;S;0
1069;2151;1994;S;0
1070;2151;1995;S;0
1071;2151;1996;S;0
1072;2151;1997;S;0
1073;2151;1998;S;0
1074;2151;1999;S;0
1075;2151;2000;S;0
1076;2151;2001;S;0
1077;2151;2002;S;0
1078;2151;2003;S;0
1079;2151;2004;S;0
1080;2151;2005;S;0
1081;2151;2006;S;0
1082;2151;2007;S;0
1083;2151;2008;S;0
1084;2151;2009;S;0
1085;2151;2010;S;0
1086;2151;2011;S;0
1087;2151;2012;S;0
1088;2151;2013;S;0
1089;2151;2014;S;0
1090;2151;2015;S;0
1091;2151;2016;S;0
1092;2151;2017;S;0
1093;2151;2018;S;0
1094;2151;2019;S;0
1095;2151;2020;S;0
1096;2151;2021;S;0
1097;2151;2022;S;0
1098;2151;2023;S;0
1099;2151;2024;S;0
1100;2151;2025;S;0
1101;2160;1988;T;4
1102;2160;1989;T;4
1103;2160;1990;T;4
1104;2160;1991;T;4
1105;2161;1988;S;4
1106;2161;1989;S;4
1107;2161;1990;S;4
1108;2161;1991;S;4
1109;2170;1989;T;4
1110;2170;1990;T;4
1111;2170;1991;T;2
1112;2170;1992;T;2
1113;2170;1993;T;2
1114;2170;1994;T;2
1115;2170;1995;T;2
1116;2170;1996;T;2
1117;2170;1997;T;2
1118;2171;1989;S;4
1119;2171;1990;S;4
1120;2171;1991;S;2
1121;2171;1992;S;2
1122;2171;1993;S;2
1123;2171;1994;S;2
1124;2171;1995;S;2
1125;2171;1996;S;2
1126;2171;1997;S;2
1127;2180;1990;T;4
1128;2180;1991;T;4
1129;2181;1990;S;4
1130;2181;1991;S;4
1131;2190;1990;T;4
1132;2190;1991;T;4
1133;2191;1990;S;4
1134;2191;1991;S;4
1135;2200;1990;T;4
1136;2200;1991;T;4
1137;2201;1990;S;4
1138;2201;1991;S;4
1139;2210;1990;T;0
1140;2210;1991;T;0
1141;2210;1992;T;0
1142;2210;1993;T;0
1143;2211;1990;S;0
1144;2211;1991;S;0
1145;2211;1992;S;0
1146;2211;1993;S;0
1147;2220;1991;T;4
1148;2220;1992;T;4
1149;2220;1993;T;4
1150;2221;1991;S;4
1151;2221;1992;S;4
1152;2221;1993;S;4
1153;2230;1991;T;4
1154;2230;1992;T;4
1155;2230;1993;T;2
1156;2230;1994;T;2
1157;2230;1995;T;2
1158;2230;1996;T;2
1159;2230;1997;T;2
1160;2230;1998;T;2
1161;2230;1999;T;2
1162;2230;2000;T;4
1163;2230;2001;T;2
1164;2231;1991;S;4
1165;2231;1992;S;4
1166;2231;1993;S;2
1167;2231;1994;S;2
1168;2231;1995;S;2
1169;2231;1996;S;2
1170;2231;1997;S;2
1171;2231;1998;S;2
1172;2231;1999;S;2
1173;2231;2000;S;4
1174;2231;2001;S;2
1175;2240;1992;T;4
1176;2240;1993;T;4
1177;2240;1994;T;4
1178;2240;1995;T;4
1179;2240;1996;T;4
1180;2241;1992;S;4
1181;2241;1993;S;4
1182;2241;1994;S;4
1183;2241;1995;S;4
1184;2241;1996;S;4
1185;2250;1992;T;4
1186;2250;1993;T;4
1187;2250;1994;T;4
1188;2250;1995;T;4
1189;2250;1996;T;4
1190;2251;1992;S;4
1191;2251;1993;S;4
1192;2251;1994;S;4
1193;2251;1995;S;4
1194;2251;1996;S;4
1195;2260;1992;T;4
1196;2260;1993;T;4
1197;2260;1994;T;4
1198;2260;1995;T;4
1199;2260;1996;T;4
1200;2260;1997;T;4
1201;2261;1992;S;4
1202;2261;1993;S;4
1203;2261;1994;S;4
1204;2261;1995;S;4
1205;2261;1996;S;4
1206;2261;1997;S;4
1207;2270;1992;T;0
1208;2270;1993;T;0
1209;2270;1994;T;0
1210;2270;1995;T;0
1211;2270;1996;T;0
1212;2270;1997;T;0
1213;2270;1998;T;0
1214;2270;1999;T;0
1215;2270;2000;T;0
1216;2270;2001;T;0
1217;2270;2002;T;0
1218;2270;2003;T;0
1219;2270;2005;T;4
1220;2270;2006;T;4
1221;2270;2007;T;4
1222;2270;2008;T;4
1223;2270;2009;T;4
1224;2271;1992;S;0
1225;2271;1993;S;0
1226;2271;1994;S;0
1227;2271;1995;S;0
1228;2271;1996;S;0
1229;2271;1997;S;0
1230;2271;1998;S;0
1231;2271;1999;S;0
1232;2271;2000;S;0
1233;2271;2001;S;0
1234;2271;2002;S;0
1235;2271;2003;S;0
1236;2271;2005;S;4
1237;2271;2006;S;4
1238;2271;2007;S;4
1239;2271;2008;S;4
1240;2271;2009;S;4
1241;2280;1992;T;4
1242;2280;1993;T;4
1243;2280;1994;T;4
1244;2280;1995;T;2
1245;2280;1996;T;2
1246;2280;1997;T;2
1247;2280;1998;T;2
1248;2280;1999;T;2
1249;2280;2000;T;2
1250;2280;2001;T;4
1251;2280;2002;T;2
1252;2280;2003;T;4
1253;2280;2004;T;4
1254;2280;2005;T;4
1255;2280;2006;T;4
1256;2280;2007;T;4
1257;2280;2008;T;4
1258;2280;2009;T;4
1259;2280;2010;T;4
1260;2280;2011;T;4
1261;2280;2012;T;4
1262;2280;2013;T;4
1263;2280;2014;T;4
1264;2280;2015;T;4
1265;2280;2016;T;4
1266;2280;2017;T;4
1267;2280;2018;T;4
1268;2280;2019;T;4
1269;2281;1992;S;4
1270;2281;1993;S;4
1271;2281;1994;S;4
1272;2281;1995;S;2
1273;2281;1996;S;2
1274;2281;1997;S;2
1275;2281;1998;S;2
1276;2281;1999;S;2
1277;2281;2000;S;2
1278;2281;2001;S;4
1279;2281;2002;S;2
1280;2281;2003;S;4
1281;2281;2004;S;4
1282;2281;2005;S;4
1283;2281;2006;S;4
1284;2281;2007;S;4
1285;2281;2008;S;4
1286;2281;2009;S;4
1287;2281;2010;S;4
1288;2281;2011;S;4
1289;2281;2012;S;4
1290;2281;2013;S;4
1291;2281;2014;S;4
1292;2281;2015;S;4
1293;2281;2016;S;4
1294;2281;2017;S;4
1295;2281;2018;S;4
1296;2281;2019;S;4
1297;2290;1992;T;4
1298;2290;1993;T;4
1299;2290;1994;T;4
1300;2290;1995;T;2
1301;2290;1996;T;2
1302;2290;1997;T;2
1303;2290;1998;T;2
1304;2290;1999;T;2
1305;2290;2000;T;2
1306;2290;2001;T;2
1307;2290;2002;T;2
1308;2290;2003;T;2
1309;2290;2004;T;2
1310;2290;2005;T;2
1311;2290;2006;T;2
1312;2290;2007;T;2
1313;2290;2008;T;2
1314;2290;2009;T;2
1315;2290;2010;T;2
1316;2290;2011;T;2
1317;2290;2012;T;2
1318;2290;2013;T;2
1319;2290;2014;T;2
1320;2290;2015;T;2
1321;2290;2016;T;3
1322;2290;2017;T;3
1323;2290;2018;T;1
1324;2290;2019;T;1
1325;2291;1992;S;4
1326;2291;1993;S;4
1327;2291;1994;S;4
1328;2291;1995;S;2
1329;2291;1996;S;2
1330;2291;1997;S;2
1331;2291;1998;S;2
1332;2291;1999;S;2
1333;2291;2000;S;2
1334;2291;2001;S;2
1335;2291;2002;S;2
1336;2291;2003;S;2
1337;2291;2004;S;2
1338;2291;2005;S;2
1339;2291;2006;S;2
1340;2291;2007;S;2
1341;2291;2008;S;2
1342;2291;2009;S;2
1343;2291;2010;S;2
1344;2291;2011;S;2
1345;2291;2012;S;2
1346;2291;2013;S;2
1347;2291;2014;S;2
1348;2291;2015;S;2
1349;2291;2016;S;3
1350;2291;2017;S;3
1351;2291;2018;S;1
1352;2291;2019;S;1
1353;2300;1992;T;4
1354;2300;1993;T;4
1355;2300;2012;T;4
1356;2300;2013;T;4
1357;2300;2014;T;4
1358;2300;2015;T;4
1359;2300;2016;T;4
1360;2300;2017;T;4
1361;2300;2018;T;4
1362;2300;2019;T;4
1363;2300;2021;T;4
1364;2300;2022;T;4
1365;2301;1992;S;4
1366;2301;1993;S;4
1367;2301;2012;S;4
1368;2301;2013;S;4
1369;2301;2014;S;4
1370;2301;2015;S;4
1371;2301;2016;S;4
1372;2301;2017;S;4
1373;2301;2018;S;4
1374;2301;2019;S;4
1375;2301;2021;S;4
1376;2301;2022;S;4
1377;2310;1992;T;4
1378;2310;1993;T;4
1379;2310;1994;T;2
1380;2310;1995;T;2
1381;2310;1996;T;2
1382;2310;1997;T;2
1383;2310;1998;T;2
1384;2310;1999;T;2
1385;2310;2000;T;2
1386;2310;2001;T;2
1387;2310;2002;T;2
1388;2310;2003;T;2
1389;2310;2004;T;2
1390;2310;2005;T;2
1391;2310;2006;T;2
1392;2310;2007;T;2
1393;2310;2008;T;2
1394;2310;2009;T;2
1395;2310;2010;T;2
1396;2310;2011;T;2
1397;2310;2012;T;2
1398;2310;2013;T;2
1399;2310;2014;T;2
1400;2310;2015;T;2
1401;2310;2016;T;3
1402;2310;2017;T;3
1403;2310;2018;T;3
1404;2310;2019;T;3
1405;2310;2021;T;3
1406;2310;2022;T;3
1407;2310;2023;T;3
1408;2310;2024;T;3
1409;2311;1992;S;4
1410;2311;1993;S;4
1411;2311;1994;S;2
1412;2311;1995;S;2
1413;2311;1996;S;2
1414;2311;1997;S;2
1415;2311;1998;S;2
1416;2311;1999;S;2
1417;2311;2000;S;2
1418;2311;2001;S;2
1419;2311;2002;S;2
1420;2311;2003;S;2
1421;2311;2004;S;2
1422;2311;2005;S;2
1423;2311;2006;S;2
1424;2311;2007;S;2
1425;2311;2008;S;2
1426;2311;2009;S;2
1427;2311;2010;S;2
1428;2311;2011;S;2
1429;2311;2012;S;2
1430;2311;2013;S;2
1431;2311;2014;S;2
1432;2311;2015;S;2
1433;2311;2016;S;3
1434;2311;2017;S;3
1435;2311;2018;S;3
1436;2311;2019;S;3
1437;2311;2021;S;3
1438;2311;2022;S;3
1439;2311;2023;S;3
1440;2311;2024;S;3
1441;2320;1993;T;4
1442;2321;1993;S;4
1443;2330;1993;T;4
1444;2330;1994;T;4
1445;2331;1993;S;4
1446;2331;1994;S;4
1447;2340;1993;T;4
1448;2340;1994;T;4
1449;2340;1995;T;4
1450;2340;1996;T;4
1451;2340;1997;T;4
1452;2340;1998;T;4
1453;2341;1993;S;4
1454;2341;1994;S;4
1455;2341;1995;S;4
1456;2341;1996;S;4
1457;2341;1997;S;4
1458;2341;1998;S;4
1459;2350;1993;T;4
1460;2350;1994;T;4
1461;2350;1995;T;4
1462;2350;1996;T;4
1463;2350;1997;T;4
1464;2350;1998;T;4
1465;2350;1999;T;4
1466;2351;1993;S;4
1467;2351;1994;S;4
1468;2351;1995;S;4
1469;2351;1996;S;4
1470;2351;1997;S;4
1471;2351;1998;S;4
1472;2351;1999;S;4
1473;2360;1994;T;4
1474;2361;1994;S;4
1475;2370;1994;T;2
1476;2370;1995;T;2
1477;2370;1996;T;2
1478;2371;1994;S;2
1479;2371;1995;S;2
1480;2371;1996;S;2
1481;2380;1994;T;4
1482;2380;1995;T;4
1483;2380;1996;T;4
1484;2380;1997;T;2
1485;2380;1998;T;2
1486;2380;1999;T;2
1487;2380;2000;T;2
1488;2380;2001;T;4
1489;2380;2002;T;4
1490;2380;2003;T;2
1491;2380;2004;T;2
1492;2380;2005;T;4
1493;2380;2006;T;2
1494;2380;2007;T;2
1495;2380;2008;T;2
1496;2380;2009;T;2
1497;2380;2010;T;2
1498;2380;2011;T;2
1499;2380;2012;T;2
1500;2380;2013;T;2
1501;2380;2016;T;3
1502;2381;1995;S;4
1503;2381;1996;S;4
1504;2381;1997;S;2
1505;2381;1998;S;2
1506;2381;1999;S;2
1507;2381;2000;S;2
1508;2381;2001;S;4
1509;2381;2002;S;4
1510;2381;2003;S;2
1511;2381;2004;S;2
1512;2381;2005;S;4
1513;2381;2006;S;2
1514;2381;2007;S;2
1515;2381;2008;S;2
1516;2381;2009;S;2
1517;2381;2010;S;2
1518;2381;2011;S;2
1519;2381;2012;S;2
1520;2381;2013;S;2
1521;2381;2016;S;3
1522;2390;1996;T;4
1523;2390;1997;T;4
1524;2390;1998;T;4
1525;2390;1999;T;4
1526;2391;1996;S;4
1527;2391;1997;S;4
1528;2391;1998;S;4
1529;2391;1999;S;4
1530;2400;1996;T;2
1531;2400;1997;T;2
1532;2400;1998;T;2
1533;2400;1999;T;2
1534;2400;2000;T;2
1535;2400;2001;T;2
1536;2400;2002;T;2
1537;2400;2003;T;2
1538;2400;2004;T;2
1539;2400;2005;T;2
1540;2400;2006;T;2
1541;2400;2007;T;2
1542;2400;2008;T;2
1543;2400;2009;T;2
1544;2400;2010;T;2
1545;2400;2011;T;2
1546;2400;2012;T;2
1547;2400;2013;T;2
1548;2400;2014;T;4
1549;2400;2015;T;4
1550;2400;2016;T;4
1551;2400;2017;T;4
1552;2400;2018;T;4
1553;2400;2019;T;4
1554;2401;1996;S;2
1555;2401;1997;S;2
1556;2401;1998;S;2
1557;2401;1999;S;2
1558;2401;2000;S;2
1559;2401;2001;S;2
1560;2401;2002;S;2
1561;2401;2003;S;2
1562;2401;2004;S;2
1563;2401;2005;S;2
1564;2401;2006;S;2
1565;2401;2007;S;2
1566;2401;2008;S;2
1567;2401;2009;S;2
1568;2401;2010;S;2
1569;2401;2011;S;2
1570;2401;2012;S;2
1571;2401;2013;S;2
1572;2401;2014;S;4
1573;2401;2015;S;4
1574;2401;2016;S;4
1575;2401;2017;S;4
1576;2401;2018;S;4
1577;2401;2019;S;4
1578;2410;1997;T;4
1579;2410;1998;T;4
1580;2410;1999;T;4
1581;2410;2000;T;4
1582;2410;2001;T;4
1583;2410;2003;T;4
1584;2411;1997;S;4
1585;2411;1998;S;4
1586;2411;1999;S;4
1587;2411;2000;S;4
1588;2411;2001;S;4
1589;2411;2003;S;4
1590;2420;1997;T;4
1591;2420;1998;T;4
1592;2420;1999;T;4
1593;2420;2000;T;4
1594;2420;2001;T;4
1595;2420;2002;T;4
1596;2420;2003;T;4
1597;2420;2004;T;4
1598;2420;2005;T;4
1599;2420;2006;T;4
1600;2420;2007;T;4
1601;2420;2008;T;4
1602;2420;2009;T;4
1603;2420;2010;T;4
1604;2420;2011;T;4
1605;2420;2012;T;4
1606;2420;2013;T;4
1607;2420;2014;T;4
1608;2420;2015;T;4
1609;2420;2016;T;4
1610;2421;1997;S;4
1611;2421;1998;S;4
1612;2421;1999;S;4
1613;2421;2000;S;4
1614;2421;2001;S;4
1615;2421;2002;S;4
1616;2421;2003;S;4
1617;2421;2004;S;4
1618;2421;2005;S;4
1619;2421;2006;S;4
1620;2421;2007;S;4
1621;2421;2008;S;4
1622;2421;2009;S;4
1623;2421;2010;S;4
1624;2421;2011;S;4
1625;2421;2012;S;4
1626;2421;2013;S;4
1627;2421;2014;S;4
1628;2421;2015;S;4
1629;2421;2016;S;4
1630;2430;1998;T;4
1631;2430;1999;T;4
1632;2430;2000;T;4
1633;2430;2001;T;4
1634;2430;2002;T;4
1635;2430;2003;T;4
1636;2430;2004;T;4
1637;2430;2005;T;4
1638;2431;1998;S;4
1639;2431;1999;S;4
1640;2431;2000;S;4
1641;2431;2001;S;4
1642;2431;2002;S;4
1643;2431;2003;S;4
1644;2431;2004;S;4
1645;2431;2005;S;4
1646;2440;1998;T;4
1647;2440;1999;T;4
1648;2440;2000;T;4
1649;2440;2001;T;4
1650;2440;2002;T;4
1651;2440;2003;T;4
1652;2440;2004;T;4
1653;2440;2005;T;4
1654;2440;2006;T;4
1655;2440;2007;T;4
1656;2440;2008;T;4
1657;2441;1998;S;4
1658;2441;1999;S;4
1659;2441;2000;S;4
1660;2441;2001;S;4
1661;2441;2002;S;4
1662;2441;2003;S;4
1663;2441;2004;S;4
1664;2441;2005;S;4
1665;2441;2006;S;4
1666;2441;2007;S;4
1667;2441;2008;S;4
1668;2450;1998;T;4
1669;2450;1999;T;4
1670;2450;2000;T;4
1671;2450;2001;T;4
1672;2450;2002;T;4
1673;2450;2003;T;4
1674;2450;2004;T;4
1675;2450;2005;T;4
1676;2450;2006;T;4
1677;2450;2007;T;4
1678;2450;2008;T;4
1679;2450;2009;T;4
1680;2450;2010;T;4
1681;2450;2011;T;2
1682;2450;2012;T;2
1683;2450;2013;T;2
1684;2450;2014;T;2
1685;2450;2015;T;2
1686;2450;2016;T;3
1687;2450;2017;T;1
1688;2450;2018;T;1
1689;2450;2019;T;1
1690;2450;2021;T;1
1691;2450;2022;T;1
1692;2450;2023;T;1
1693;2450;2024;T;1
1694;2450;2025;T;1
1695;2451;1998;S;4
1696;2451;1999;S;4
1697;2451;2000;S;4
1698;2451;2001;S;4
1699;2451;2002;S;4
1700;2451;2003;S;4
1701;2451;2004;S;4
1702;2451;2005;S;4
1703;2451;2006;S;4
1704;2451;2007;S;4
1705;2451;2008;S;4
1706;2451;2009;S;4
1707;2451;2010;S;4
1708;2451;2011;S;2
1709;2451;2012;S;2
1710;2451;2013;S;2
1711;2451;2014;S;2
1712;2451;2015;S;2
1713;2451;2016;S;3
1714;2451;2017;S;1
1715;2451;2018;S;1
1716;2451;2019;S;1
1717;2451;2021;S;1
1718;2451;2022;S;1
1719;2451;2023;S;1
1720;2451;2024;S;1
1721;2451;2025;S;1
1722;2460;1998;T;2
1723;2460;1999;T;2
1724;2460;2000;T;2
1725;2460;2001;T;2
1726;2460;2021;T;3
1727;2460;2022;T;3
1728;2460;2023;T;1
1729;2460;2024;T;1
1730;2460;2025;T;1
1731;2461;1998;S;2
1732;2461;1999;S;2
1733;2461;2000;S;2
1734;2461;2001;S;2
1735;2461;2021;S;3
1736;2461;2022;S;3
1737;2461;2023;S;1
1738;2461;2024;S;1
1739;2461;2025;S;1
1740;2470;2000;T;4
1741;2471;2000;S;4
1742;2480;2002;T;4
1743;2481;2002;S;4
1744;2490;2002;T;4
1745;2491;2002;S;4
1746;2500;2002;T;2
1747;2500;2003;T;2
1748;2500;2004;T;2
1749;2500;2005;T;2
1750;2501;2002;S;2
1751;2501;2003;S;2
1752;2501;2004;S;2
1753;2501;2005;S;2
1754;2510;2002;T;4
1755;2510;2003;T;2
1756;2510;2004;T;2
1757;2510;2005;T;2
1758;2510;2006;T;2
1759;2510;2007;T;2
1760;2510;2008;T;2
1761;2510;2009;T;2
1762;2511;2002;S;4
1763;2511;2003;S;2
1764;2511;2004;S;2
1765;2511;2005;S;2
1766;2511;2006;S;2
1767;2511;2007;S;2
1768;2511;2008;S;2
1769;2511;2009;S;2
1770;2520;2003;T;2
1771;2520;2004;T;2
1772;2520;2005;T;2
1773;2520;2006;T;2
1774;2521;2003;S;2
1775;2521;2004;S;2
1776;2521;2005;S;2
1777;2521;2006;S;2
1778;2530;2004;T;4
1779;2531;2004;S;4
1780;2540;2005;T;4
1781;2540;2006;T;4
1782;2540;2007;T;4
1783;2541;2005;S;4
1784;2541;2006;S;4
1785;2541;2007;S;4
1786;2550;2005;T;4
1787;2550;2006;T;4
1788;2550;2007;T;4
1789;2550;2008;T;4
1790;2550;2009;T;4
1791;2550;2010;T;4
1792;2550;2011;T;4
1793;2550;2012;T;4
1794;2550;2013;T;4
1795;2551;2005;S;4
1796;2551;2006;S;4
1797;2551;2007;S;4
1798;2551;2008;S;4
1799;2551;2009;S;4
1800;2551;2010;S;4
1801;2551;2011;S;4
1802;2551;2012;S;4
1803;2551;2013;S;4
1804;2560;2005;T;4
1805;2560;2006;T;4
1806;2560;2007;T;4
1807;2560;2008;T;4
1808;2560;2009;T;4
1809;2560;2010;T;4
1810;2560;2011;T;4
1811;2560;2012;T;4
1812;2560;2013;T;4
1813;2560;2014;T;4
1814;2560;2015;T;4
1815;2560;2016;T;4
1816;2560;2017;T;4
1817;2560;2018;T;4
1818;2560;2019;T;4
1819;2560;2020;T;4
1820;2560;2021;T;4
1821;2560;2022;T;4
1822;2560;2023;T;4
1823;2560;2024;T;4
1824;2560;2025;T;4
1825;2561;2005;S;4
1826;2561;2006;S;4
1827;2561;2007;S;4
1828;2561;2008;S;4
1829;2561;2009;S;4
1830;2561;2010;S;4
1831;2561;2011;S;4
1832;2561;2012;S;4
1833;2561;2013;S;4
1834;2561;2014;S;4
1835;2561;2015;S;4
1836;2561;2016;S;4
1837;2561;2017;S;4
1838;2561;2018;S;4
1839;2561;2019;S;4
1840;2561;2020;S;4
1841;2561;2021;S;4
1842;2561;2022;S;4
1843;2561;2023;S;4
1844;2561;2024;S;4
1845;2561;2025;S;4
1846;2570;2006;T;4
1847;2570;2007;T;4
1848;2570;2008;T;4
1849;2570;2009;T;4
1850;2570;2010;T;4
1851;2570;2011;T;4
1852;2570;2012;T;4
1853;2571;2006;S;4
1854;2571;2007;S;4
1855;2571;2008;S;4
1856;2571;2009;S;4
1857;2571;2010;S;4
1858;2571;2011;S;4
1859;2571;2012;S;4
1860;2580;2006;T;4
1861;2580;2007;T;4
1862;2580;2008;T;2
1863;2580;2009;T;2
1864;2580;2010;T;2
1865;2580;2012;T;2
1866;2580;2013;T;2
1867;2580;2014;T;2
1868;2580;2015;T;2
1869;2580;2016;T;3
1870;2581;2006;S;4
1871;2581;2007;S;4
1872;2581;2008;S;2
1873;2581;2009;S;2
1874;2581;2010;S;2
1875;2581;2012;S;2
1876;2581;2013;S;2
1877;2581;2014;S;2
1878;2581;2015;S;2
1879;2581;2016;S;3
1880;2590;2007;T;4
1881;2590;2008;T;4
1882;2591;2007;S;4
1883;2591;2008;S;4
1884;2600;2009;T;2
1885;2600;2010;T;2
1886;2600;2011;T;2
1887;2600;2012;T;2
1888;2600;2013;T;2
1889;2600;2014;T;2
1890;2600;2015;T;2
1891;2600;2016;T;3
1892;2601;2009;S;2
1893;2601;2010;S;2
1894;2601;2011;S;2
1895;2601;2012;S;2
1896;2601;2013;S;2
1897;2601;2014;S;2
1898;2601;2015;S;2
1899;2601;2016;S;3
1900;2610;2009;T;2
1901;2610;2010;T;2
1902;2610;2011;T;2
1903;2610;2012;T;2
1904;2610;2013;T;2
1905;2610;2014;T;2
1906;2610;2015;T;2
1907;2610;2016;T;1
1908;2610;2017;T;1
1909;2610;2018;T;1
1910;2610;2019;T;1
1911;2610;2023;T;1
1912;2610;2024;T;1
1913;2610;2025;T;1
1914;2611;2009;S;2
1915;2611;2010;S;2
1916;2611;2011;S;2
1917;2611;2012;S;2
1918;2611;2013;S;2
1919;2611;2014;S;2
1920;2611;2015;S;2
1921;2611;2016;S;1
1922;2611;2017;S;1
1923;2611;2018;S;1
1924;2611;2019;S;1
1925;2611;2023;S;1
1926;2611;2024;S;1
1927;2611;2025;S;1
1928;2620;2010;T;4
1929;2620;2011;T;4
1930;2620;2012;T;4
1931;2621;2010;S;4
1932;2621;2011;S;4
1933;2621;2012;S;4
1934;2630;2011;T;4
1935;2630;2012;T;4
1936;2630;2013;T;4
1937;2630;2014;T;4
1938;2630;2015;T;4
1939;2630;2016;T;4
1940;2630;2017;T;4
1941;2630;2018;T;4
1942;2630;2019;T;4
1943;2630;2021;T;4
1944;2631;2011;S;4
1945;2631;2012;S;4
1946;2631;2013;S;4
1947;2631;2014;S;4
1948;2631;2015;S;4
1949;2631;2016;S;4
1950;2631;2017;S;4
1951;2631;2018;S;4
1952;2631;2019;S;4
1953;2631;2021;S;4
1954;2640;2012;T;4
1955;2641;2012;S;4
1956;2650;2012;T;4
1957;2651;2012;S;4
1958;2660;2012;T;4
1959;2660;2013;T;4
1960;2660;2014;T;4
1961;2661;2012;S;4
1962;2661;2013;S;4
1963;2661;2014;S;4
1964;2670;2012;T;2
1965;2670;2013;T;2
1966;2670;2014;T;2
1967;2670;2015;T;2
1968;2670;2016;T;3
1969;2670;2017;T;3
1970;2670;2018;T;3
1971;2670;2019;T;3
1972;2670;2021;T;3
1973;2670;2022;T;3
1974;2670;2023;T;3
1975;2671;2012;S;2
1976;2671;2013;S;2
1977;2671;2014;S;2
1978;2671;2015;S;2
1979;2671;2016;S;3
1980;2671;2017;S;3
1981;2671;2018;S;3
1982;2671;2019;S;3
1983;2671;2021;S;3
1984;2671;2022;S;3
1985;2671;2023;S;3
1986;2680;2013;T;4
1987;2681;2013;S;4
1988;2690;2014;T;2
1989;2690;2015;T;2
1990;2690;2016;T;1
1991;2690;2017;T;1
1992;2690;2018;T;1
1993;2690;2019;T;1
1994;2690;2021;T;1
1995;2690;2022;T;1
1996;2690;2024;T;1
1997;2690;2025;T;1
1998;2691;2014;S;2
1999;2691;2015;S;2
2000;2691;2016;S;1
2001;2691;2017;S;1
2002;2691;2018;S;1
2003;2691;2019;S;1
2004;2691;2021;S;1
2005;2691;2022;S;1
2006;2691;2024;S;1
2007;2691;2025;S;1
2008;2700;2014;T;4
2009;2700;2015;T;4
2010;2700;2016;T;3
2011;2700;2017;T;1
2012;2700;2018;T;1
2013;2700;2019;T;1
2014;2700;2021;T;1
2015;2700;2022;T;1
2016;2700;2023;T;1
2017;2701;2014;S;4
2018;2701;2015;S;4
2019;2701;2016;S;3
2020;2701;2017;S;1
2021;2701;2018;S;1
2022;2701;2019;S;1
2023;2701;2021;S;1
2024;2701;2022;S;1
2025;2701;2023;S;1
2026;2710;2014;T;4
2027;2710;2015;T;4
2028;2710;2016;T;4
2029;2710;2017;T;4
2030;2710;2018;T;4
2031;2710;2019;T;4
2032;2710;2021;T;4
2033;2710;2022;T;4
2034;2710;2023;T;4
2035;2710;2024;T;4
2036;2710;2025;T;4
2037;2711;2014;S;4
2038;2711;2015;S;4
2039;2711;2016;S;4
2040;2711;2017;S;4
2041;2711;2018;S;4
2042;2711;2019;S;4
2043;2711;2021;S;4
2044;2711;2022;S;4
2045;2711;2023;S;4
2046;2711;2024;S;4
2047;2711;2025;S;4
2048;2720;2015;T;2
2049;2720;2016;T;1
2050;2720;2017;T;1
2051;2720;2018;T;1
2052;2720;2019;T;1
2053;2721;2015;S;2
2054;2721;2016;S;1
2055;2721;2017;S;1
2056;2721;2018;S;1
2057;2721;2019;S;1
2058;2730;2016;T;4
2059;2730;2017;T;4
2060;2730;2018;T;3
2061;2730;2019;T;3
2062;2730;2020;T;3
2063;2730;2023;T;1
2064;2730;2024;T;1
2065;2730;2025;T;1
2066;2731;2016;S;4
2067;2731;2017;S;4
2068;2731;2018;S;3
2069;2731;2019;S;3
2070;2731;2020;S;3
2071;2731;2023;S;1
2072;2731;2024;S;1
2073;2731;2025;S;1
2074;2740;2017;T;4
2075;2740;2018;T;4
2076;2740;2019;T;4
2077;2740;2020;T;4
2078;2740;2021;T;4
2079;2740;2022;T;4
2080;2740;2023;T;3
2081;2740;2024;T;3
2082;2740;2025;T;3
2083;2741;2017;S;4
2084;2741;2018;S;4
2085;2741;2019;S;4
2086;2741;2020;S;4
2087;2741;2021;S;4
2088;2741;2022;S;4
2089;2741;2023;S;3
2090;2741;2024;S;3
2091;2741;2025;S;3
2092;2750;2018;T;1
2093;2750;2019;T;1
2094;2750;2020;T;1
2095;2750;2021;T;1
2096;2750;2022;T;1
2097;2751;2018;S;1
2098;2751;2019;S;1
2099;2751;2020;S;1
2100;2751;2021;S;1
2101;2751;2022;S;1
2102;2760;2019;T;4
2103;2760;2021;T;1
2104;2760;2022;T;1
2105;2760;2023;T;1
2106;2760;2024;T;1
2107;2760;2025;T;1
2108;2761;2019;S;4
2109;2761;2021;S;1
2110;2761;2022;S;1
2111;2761;2023;S;1
2112;2761;2024;S;1
2113;2761;2025;S;1
2114;2770;2022;T;1
2115;2770;2023;T;1
2116;2770;2024;T;1
2117;2770;2025;T;1
2118;2771;2022;S;1
2119;2771;2023;S;1
2120;2771;2024;S;1
2121;2771;2025;S;1
2122;2780;2022;T;1
2123;2780;2023;T;1
2124;2780;2024;T;1
2125;2781;2022;S;1
2126;2781;2023;S;1
2127;2781;2024;S;1
2128;2790;2022;T;1
2129;2790;2023;T;1
2130;2790;2024;T;1
2131;2790;2025;T;1
2132;2791;2022;S;1
2133;2791;2023;S;1
2134;2791;2024;S;1
2135;2791;2025;S;1
2136;2800;2023;T;0
2137;2800;2024;T;0
2138;2800;2025;T;0
2139;2801;2023;S;0
2140;2801;2024;S;0
2141;2801;2025;S;0
2142;2810;2023;T;1
2143;2810;2024;T;1
2144;2810;2025;T;1
2145;2811;2023;S;1
2146;2811;2024;S;1
2147;2811;2025;S;1
2148;2820;2024;T;4
2149;2820;2025;T;4
2150;2821;2024;S;4
2151;2821;2025;S;4
2152;3000;1993;I;5
2153;3000;1994;I;5
2154;3000;1995;I;5
2155;3000;1996;I;5
2156;3000;1997;I;5
2157;3000;1998;I;5
2158;3000;1999;I;5
2159;3000;2001;I;5
2160;3000;2002;I;5
2161;3000;2003;I;5
2162;3000;2004;I;5
2163;3000;2005;I;5
2164;3000;2006;I;5
2165;3000;2007;I;5
2166;3000;2008;I;5
2167;3000;2009;I;5
2168;3000;2010;I;5
2169;3000;2011;I;5
2170;3000;2012;I;5
2171;3000;2013;I;5
2172;3000;2014;I;5
2173;3000;2015;I;5
2174;3000;2016;I;5
2175;3000;2018;I;5
2176;3000;2019;I;5
2177;3010;1994;I;5
2178;3010;1996;I;5
2179;3010;1997;I;5
2180;3010;1998;I;5
2181;3010;1999;I;5
2182;3010;2000;I;5
2183;3010;2001;I;5
2184;3010;2003;I;5
2185;3010;2004;I;5
2186;3020;1994;I;5
2187;3020;1995;I;5
2188;3020;1996;I;5
2189;3020;1997;I;5
2190;3020;1998;I;5
2191;3020;1999;I;5
2192;3020;2000;I;5
2193;3020;2001;I;5
2194;3020;2002;I;5
2195;3020;2003;I;5
2196;3020;2004;I;5
2197;3020;2005;I;5
2198;3020;2006;I;5
2199;3020;2007;I;5
2200;3020;2008;I;5
2201;3020;2009;I;5
2202;3020;2010;I;5
2203;3020;2011;I;5
2204;3020;2012;I;5
2205;3020;2013;I;5
2206;3020;2014;I;5
2207;3020;2015;I;5
2208;3020;2016;I;5
2209;3020;2017;I;5
2210;3020;2018;I;5
2211;3020;2019;I;5
2212;3020;2020;I;5
2213;3020;2021;I;5
2214;3020;2022;I;5
2215;3020;2023;I;5
2216;3020;2024;I;5
2217;3020;2025;I;5
2218;3030;1996;I;5
2219;3030;2000;I;5
2220;3030;2004;I;5
2221;3030;2008;I;5
2222;3030;2012;I;5
2223;3030;2016;I;5
2224;3030;2021;I;5
2225;3030;2024;I;5
2226;3040;2001;I;5
2227;3040;2004;I;5
2228;3040;2005;I;5
2229;3040;2006;I;5
2230;3040;2007;I;5
2231;3040;2008;I;5
2232;3050;2005;I;5
2233;3050;2006;I;5
2234;3050;2007;I;5
2235;3050;2008;I;5
2236;3050;2009;I;5
2237;3050;2010;I;5
2238;3050;2011;I;5
2239;3050;2012;I;5
2240;3050;2013;I;5
2241;3050;2014;I;5
2242;3050;2015;I;5
2243;3050;2016;I;5
2244;3050;2017;I;5
2245;3050;2018;I;5
2246;3050;2019;I;5
2247;3050;2021;I;5
2248;3050;2022;I;5
2249;3050;2023;I;5
2250;3050;2024;I;5
2251;3050;2025;I;5
2252;3060;2009;I;5
2253;3060;2010;I;5
2254;3070;2016;I;5
2255;3070;2017;I;5
2256;3070;2018;I;5
2257;3070;2019;I;5
2258;3070;2020;I;5
2259;3070;2021;I;5
2260;3070;2022;I;5
2261;3070;2023;I;5
2262;3070;2024;I;5
2263;3070;2025;I;5
2264;4000;1950;N;1
2265;4000;1952;N;1
2266;4000;1953;N;1
2267;4000;1954;N;1
2268;4000;1955;N;1
2269;4000;1956;N;1
2270;4000;1957;N;1
2271;4000;1958;N;1
2272;4000;1959;N;1
2273;4000;1960;N;1
2274;4000;1961;N;1
2275;4000;1962;N;1
2276;4000;1963;N;1
2277;4000;1964;N;1
2278;4000;1965;N;1
2279;4000;1966;N;1
2280;4000;1967;N;1
2281;4000;1968;N;1
2282;4000;1969;N;1
2283;4000;1970;N;1
2284;4000;1971;N;1
2285;4000;1972;N;1
2286;4000;1973;N;1
2287;4000;1974;N;1
2288;4000;1975;N;1
2289;4000;1976;N;1
2290;4000;1977;N;1
2291;4000;1978;N;1
2292;4000;1979;N;1
2293;4000;1980;N;1
2294;4000;1981;N;1
2295;4000;1982;N;1
2296;4000;1983;N;1
2297;4000;1984;N;1
2298;4000;1985;N;1
2299;4000;1986;N;1
2300;4000;1987;N;1
2301;4000;1988;N;1
2302;4000;1989;N;1
2303;4000;1990;N;1
2304;4000;1991;N;1
2305;4000;1992;N;1
2306;4000;1993;N;1
2307;4000;1994;N;1
2308;4000;1995;N;1
2309;4000;1996;N;1
2310;4000;1997;N;1
2311;4000;1998;N;1
2312;4000;1999;N;1
2313;4000;2000;N;1
2314;4000;2001;N;1
2315;4000;2002;N;1
2316;4000;2003;N;1
2317;4000;2004;N;1
2318;4000;2005;N;1
2319;4000;2006;N;1
2320;4000;2007;N;1
2321;4000;2008;N;1
2322;4000;2009;N;1
2323;4000;2010;N;1
2324;4000;2011;N;1
2325;4000;2012;N;1
2326;4000;2013;N;1
2327;4000;2014;N;1
2328;4000;2015;N;1
2329;4000;2016;N;1
2330;4000;2017;N;1
2331;4000;2018;N;1
2332;4000;2019;N;1
2333;4000;2021;N;1
2334;4000;2022;N;1
2335;4000;2023;N;1
2336;4000;2024;N;1
2337;4000;2025;N;1
2338;4001;1951;N;1
2339;4001;1952;N;1
2340;4001;1953;N;1
2341;4001;1954;N;1
2342;4001;1955;N;1
2343;4001;1956;N;1
2344;4001;1957;N;1
2345;4001;1958;N;1
2346;4001;1959;N;1
2347;4001;1960;N;1
2348;4001;1961;N;1
2349;4001;1962;N;1
2350;4001;1963;N;1
2351;4001;1964;N;1
2352;4001;1965;N;1
2353;4001;1966;N;1
2354;4001;1967;N;1
2355;4001;1968;N;1
2356;4001;1969;N;1
2357;4001;1970;N;1
2358;4001;1971;N;1
2359;4001;1972;N;1
2360;4001;1973;N;1
2361;4001;1974;N;1
2362;4001;1975;N;1
2363;4001;1976;N;1
2364;4001;1977;N;1
2365;4001;1978;N;1
2366;4001;1979;N;1
2367;4001;1980;N;1
2368;4001;1981;N;1
2369;4001;1982;N;1
2370;4001;1983;N;1
2371;4001;1984;N;1
2372;4001;1985;N;1
2373;4001;1986;N;1
2374;4001;1987;N;1
2375;4001;1988;N;1
2376;4001;1989;N;1
2377;4001;1990;N;1
2378;4001;1991;N;1
2379;4001;1992;N;1
2380;4001;1993;N;1
2381;4001;1994;N;1
2382;4001;1995;N;1
2383;4001;1996;N;1
2384;4001;1997;N;1
2385;4001;1998;N;1
2386;4001;1999;N;1
2387;4001;2000;N;1
2388;4001;2001;N;1
2389;4001;2002;N;1
2390;4001;2003;N;1
2391;4001;2004;N;1
2392;4001;2005;N;1
2393;4001;2006;N;1
2394;4001;2007;N;1
2395;4001;2008;N;1
2396;4001;2009;N;1
2397;4001;2010;N;1
2398;4001;2011;N;1
2399;4001;2012;N;1
2400;4001;2013;N;1
2401;4001;2014;N;1
2402;4001;2015;N;1
2403;4001;2016;N;1
2404;4001;2017;N;1
2405;4001;2018;N;1
2406;4001;2019;N;1
2407;4001;2020;N;1
2408;4001;2021;N;1
2409;4001;2022;N;1
2410;4001;2023;N;1
2411;4001;2024;N;1
2412;4001;2025;N;1
2413;4002;1953;N;1
2414;4002;1954;N;1
2415;4002;1956;N;1
2416;4002;1957;N;1
2417;4002;1966;N;1
2418;4002;1967;N;1
2419;4002;1968;N;1
2420;4002;1969;N;1
2421;4002;1970;N;1
2422;4002;1971;N;1
2423;4002;1972;N;1
2424;4002;1973;N;1
2425;4002;1974;N;1
2426;4002;1975;N;1
2427;4002;1976;N;1
2428;4002;1977;N;1
2429;4002;1978;N;1
2430;4002;1979;N;1
2431;4002;1980;N;1
2432;4002;1981;N;1
2433;4002;1982;N;1
2434;4002;1983;N;1
2435;4002;1984;N;1
2436;4002;1985;N;1
2437;4002;1986;N;1
2438;4002;1987;N;1
2439;4002;1988;N;1
2440;4002;1989;N;1
2441;4002;1990;N;1
2442;4002;1991;N;1
2443;4002;1992;N;1
2444;4002;1993;N;1
2445;4002;1994;N;1
2446;4002;1995;N;1
2447;4002;1996;N;1
2448;4002;1997;N;1
2449;4002;1998;N;1
2450;4002;1999;N;1
2451;4002;2000;N;1
2452;4002;2001;N;1
2453;4002;2002;N;1
2454;4002;2003;N;1
2455;4002;2004;N;1
2456;4002;2005;N;1
2457;4002;2006;N;1
2458;4002;2007;N;1
2459;4002;2008;N;1
2460;4002;2009;N;1
2461;4002;2010;N;1
2462;4002;2011;N;1
2463;4002;2012;N;1
2464;4002;2013;N;1
2465;4002;2014;N;1
2466;4002;2015;N;1
2467;4002;2016;N;1
2468;4002;2017;N;1
2469;4002;2018;N;1
2470;4002;2019;N;1
2471;4002;2021;N;1
2472;4002;2022;N;1
2473;4002;2023;N;1
2474;4002;2024;N;1
2475;4002;2025;N;1
2476;4003;1957;N;1
2477;4003;1958;N;1
2478;4003;1959;N;1
2479;4003;1965;N;1
2480;4003;1966;N;1
2481;4003;1967;N;1
2482;4003;1968;N;1
2483;4003;1969;N;1
2484;4003;1970;N;1
2485;4003;1971;N;1
2486;4003;1972;N;1
2487;4003;1973;N;1
2488;4003;1974;N;1
2489;4003;1975;N;1
2490;4003;1976;N;1
2491;4003;1977;N;1
2492;4003;1978;N;1
2493;4003;1979;N;1
2494;4003;1980;N;1
2495;4003;1981;N;1
2496;4003;1982;N;1
2497;4003;1983;N;1
2498;4003;1984;N;1
2499;4003;1985;N;1
2500;4003;1986;N;1
2501;4003;1987;N;1
2502;4003;1988;N;1
2503;4003;1989;N;1
2504;4003;1990;N;1
2505;4003;1991;N;1
2506;4003;1992;N;1
2507;4003;1993;N;1
2508;4003;1994;N;1
2509;4003;1995;N;1
2510;4003;1996;N;1
2511;4003;1997;N;1
2512;4003;1998;N;1
2513;4003;1999;N;1
2514;4003;2000;N;1
2515;4003;2001;N;1
2516;4003;2002;N;1
2517;4003;2003;N;1
2518;4003;2004;N;1
2519;4003;2005;N;1
2520;4003;2006;N;1
2521;4003;2007;N;1
2522;4003;2008;N;1
2523;4003;2009;N;1
2524;4003;2010;N;1
2525;4003;2011;N;1
2526;4003;2012;N;1
2527;4003;2013;N;1
2528;4003;2014;N;1
2529;4003;2015;N;1
2530;4003;2016;N;1
2531;4003;2017;N;1
2532;4003;2018;N;1
2533;4003;2019;N;1
2534;4003;2020;N;1
2535;4003;2021;N;1
2536;4003;2022;N;1
2537;4003;2023;N;1
2538;4003;2024;N;1
2539;4003;2025;N;1
2540;4004;1959;N;1
2541;4004;1960;N;1
2542;4004;1961;N;1
2543;4004;1962;N;1
2544;4004;1963;N;1
2545;4004;1964;N;1
2546;4004;1965;N;1
2547;4004;1966;N;1
2548;4004;1967;N;1
2549;4004;1968;N;1
2550;4004;1969;N;1
2551;4004;1970;N;1
2552;4004;1971;N;1
2553;4004;1972;N;1
2554;4004;1973;N;1
2555;4004;1974;N;1
2556;4004;1975;N;1
2557;4004;1976;N;1
2558;4004;1977;N;1
2559;4004;1978;N;1
2560;4004;1979;N;1
2561;4004;1980;N;1
2562;4004;1981;N;1
2563;4004;1982;N;1
2564;4004;1983;N;1
2565;4004;1984;N;1
2566;4004;1985;N;1
2567;4004;1986;N;1
2568;4004;1987;N;1
2569;4004;1988;N;1
2570;4004;1989;N;1
2571;4004;1990;N;1
2572;4004;1991;N;1
2573;4004;1992;N;1
2574;4004;1993;N;1
2575;4004;1994;N;1
2576;4004;1995;N;1
2577;4004;1996;N;1
2578;4004;1997;N;1
2579;4004;1998;N;1
2580;4004;1999;N;1
2581;4004;2000;N;1
2582;4004;2001;N;1
2583;4004;2002;N;1
2584;4004;2003;N;1
2585;4004;2004;N;1
2586;4004;2005;N;1
2587;4004;2006;N;1
2588;4004;2007;N;1
2589;4004;2008;N;1
2590;4004;2009;N;1
2591;4004;2010;N;1
2592;4004;2011;N;1
2593;4004;2012;N;1
2594;4004;2013;N;1
2595;4004;2014;N;1
2596;4004;2015;N;1
2597;4004;2016;N;1
2598;4004;2017;N;1
2599;4004;2018;N;1
2600;4004;2019;N;1
2601;4004;2020;N;1
2602;4004;2021;N;1
2603;4004;2022;N;1
2604;4004;2023;N;1
2605;4004;2024;N;1
2606;4004;2025;N;1
2607;4005;1963;N;1
2608;4005;1964;N;1
2609;4005;1965;N;1
2610;4005;1966;N;1
2611;4005;1967;N;1
2612;4005;1968;N;1
2613;4005;1969;N;1
2614;4005;1970;N;1
2615;4005;1971;N;1
2616;4005;1972;N;1
2617;4005;1973;N;1
2618;4005;1974;N;1
2619;4005;1975;N;1
2620;4005;1976;N;1
2621;4005;1977;N;1
2622;4005;1978;N;1
2623;4005;1979;N;1
2624;4005;1980;N;1
2625;4005;1981;N;1
2626;4005;1982;N;1
2627;4005;1983;N;1
2628;4005;1984;N;1
2629;4005;1985;N;1
2630;4005;1986;N;1
2631;4005;1987;N;1
2632;4005;1988;N;1
2633;4005;1989;N;1
2634;4005;1990;N;1
2635;4005;1991;N;1
2636;4005;1992;N;1
2637;4005;1993;N;1
2638;4005;1994;N;1
2639;4005;1995;N;1
2640;4005;1996;N;1
2641;4005;1997;N;1
2642;4005;1998;N;1
2643;4005;1999;N;1
2644;4005;2000;N;1
2645;4005;2001;N;1
2646;4005;2002;N;1
2647;4005;2003;N;1
2648;4005;2004;N;1
2649;4005;2005;N;1
2650;4005;2006;N;1
2651;4005;2007;N;1
2652;4005;2008;N;1
2653;4005;2009;N;1
2654;4005;2010;N;1
2655;4005;2011;N;1
2656;4005;2012;N;1
2657;4005;2013;N;1
2658;4005;2014;N;1
2659;4005;2015;N;1
2660;4005;2016;N;1
2661;4005;2017;N;1
2662;4005;2018;N;1
2663;4005;2019;N;1
2664;4005;2020;N;1
2665;4005;2021;N;1
2666;4005;2022;N;1
2667;4005;2023;N;1
2668;4005;2024;N;1
2669;4005;2025;N;1
2670;4006;1968;N;1
2671;4006;1970;N;1
2672;4006;1971;N;1
2673;4006;1972;N;1
2674;4006;1973;N;1
2675;4006;1974;N;1
2676;4006;1975;N;1
2677;4006;1976;N;1
2678;4006;1977;N;1
2679;4006;1978;N;1
2680;4006;1979;N;1
2681;4006;1980;N;1
2682;4006;1981;N;1
2683;4006;1982;N;1
2684;4006;1983;N;1
2685;4006;1984;N;1
2686;4006;1985;N;1
2687;4006;1986;N;1
2688;4006;1987;N;1
2689;4006;1988;N;1
2690;4006;1989;N;1
2691;4006;1990;N;1
2692;4006;1991;N;1
2693;4006;1992;N;1
2694;4006;1993;N;1
2695;4006;1994;N;1
2696;4006;1995;N;1
2697;4006;1996;N;1
2698;4006;1997;N;1
2699;4006;1998;N;1
2700;4006;1999;N;1
2701;4006;2000;N;1
2702;4006;2001;N;1
2703;4006;2002;N;1
2704;4006;2003;N;1
2705;4006;2004;N;1
2706;4006;2005;N;1
2707;4006;2006;N;1
2708;4006;2007;N;1
2709;4006;2008;N;1
2710;4006;2009;N;1
2711;4006;2010;N;1
2712;4006;2011;N;1
2713;4006;2012;N;1
2714;4006;2013;N;1
2715;4006;2014;N;1
2716;4006;2015;N;1
2717;4006;2016;N;1
2718;4006;2017;N;1
2719;4006;2018;N;1
2720;4006;2019;N;1
2721;4006;2020;N;1
2722;4006;2021;N;1
2723;4006;2022;N;1
2724;4006;2023;N;1
2725;4006;2024;N;1
2726;4006;2025;N;1
2727;4007;1971;N;1
2728;4007;1972;N;1
2729;4007;1973;N;1
2730;4007;1974;N;1
2731;4007;1975;N;1
2732;4007;1976;N;1
2733;4007;1977;N;1
2734;4007;1978;N;1
2735;4007;1979;N;1
2736;4007;1980;N;1
2737;4007;1981;N;1
2738;4007;1982;N;1
2739;4007;1983;N;1
2740;4007;1984;N;1
2741;4007;1985;N;1
2742;4007;1986;N;1
2743;4007;1987;N;1
2744;4007;1988;N;1
2745;4007;1989;N;1
2746;4007;1990;N;1
2747;4007;1991;N;1
2748;4007;1992;N;1
2749;4007;1993;N;1
2750;4007;1994;N;1
2751;4007;1995;N;1
2752;4007;1996;N;1
2753;4007;1997;N;1
2754;4007;1998;N;1
2755;4007;1999;N;1
2756;4007;2000;N;1
2757;4007;2001;N;1
2758;4007;2002;N;1
2759;4007;2003;N;1
2760;4007;2004;N;1
2761;4007;2005;N;1
2762;4007;2006;N;1
2763;4007;2007;N;1
2764;4007;2008;N;1
2765;4007;2009;N;1
2766;4007;2010;N;1
2767;4007;2011;N;1
2768;4007;2012;N;1
2769;4007;2013;N;1
2770;4007;2014;N;1
2771;4007;2015;N;1
2772;4007;2016;N;1
2773;4007;2017;N;1
2774;4007;2018;N;1
2775;4007;2019;N;1
2776;4007;2020;N;1
2777;4007;2021;N;1
2778;4007;2022;N;1
2779;4007;2023;N;1
2780;4007;2024;N;1
2781;4007;2025;N;1
2782;4008;1972;N;1
2783;4008;1973;N;1
2784;4008;1981;N;1
2785;4008;1982;N;1
2786;4008;1983;N;1
2787;4008;1984;N;1
2788;4008;1985;N;1
2789;4008;1986;N;1
2790;4008;1987;N;1
2791;4008;1989;N;1
2792;4009;1973;N;1
2793;4009;1974;N;1
2794;4009;1975;N;1
2795;4009;1976;N;1
2796;4009;1977;N;1
2797;4009;1978;N;1
2798;4009;1979;N;1
2799;4009;1980;N;1
2800;4009;1981;N;1
2801;4009;1982;N;1
2802;4009;1983;N;1
2803;4009;1984;N;1
2804;4009;1985;N;1
2805;4009;1986;N;1
2806;4009;1987;N;1
2807;4009;1988;N;1
2808;4009;1989;N;1
2809;4009;1990;N;1
2810;4009;1991;N;1
2811;4009;1992;N;1
2812;4009;1993;N;1
2813;4009;1994;N;1
2814;4009;1995;N;1
2815;4009;1996;N;1
2816;4009;1997;N;1
2817;4009;1998;N;1
2818;4009;1999;N;1
2819;4009;2000;N;1
2820;4009;2001;N;1
2821;4009;2002;N;1
2822;4009;2003;N;1
2823;4009;2004;N;1
2824;4009;2005;N;1
2825;4009;2006;N;1
2826;4009;2007;N;1
2827;4009;2008;N;1
2828;4009;2009;N;1
2829;4009;2010;N;1
2830;4009;2011;N;1
2831;4009;2012;N;1
2832;4009;2013;N;1
2833;4009;2014;N;1
2834;4009;2015;N;1
2835;4009;2016;N;1
2836;4009;2017;N;1
2837;4009;2018;N;1
2838;4009;2019;N;1
2839;4009;2020;N;1
2840;4009;2021;N;1
2841;4009;2022;N;1
2842;4009;2023;N;1
2843;4009;2024;N;1
2844;4009;2025;N;1
2845;4010;1974;N;1
2846;4010;1975;N;1
2847;4010;1976;N;1
2848;4010;1977;N;1
2849;4010;1978;N;1
2850;4010;1979;N;1
2851;4010;1980;N;1
2852;4010;1981;N;1
2853;4010;1982;N;1
2854;4010;1983;N;1
2855;4010;1984;N;1
2856;4010;1985;N;1
2857;4010;1986;N;1
2858;4010;1987;N;1
2859;4010;1988;N;1
2860;4010;1989;N;1
2861;4010;1990;N;1
2862;4010;1991;N;1
2863;4010;1992;N;1
2864;4010;1993;N;1
2865;4010;1994;N;1
2866;4010;1995;N;1
2867;4010;1996;N;1
2868;4010;1997;N;1
2869;4010;1998;N;1
2870;4010;1999;N;1
2871;4010;2000;N;1
2872;4010;2001;N;1
2873;4010;2002;N;1
2874;4010;2003;N;1
2875;4010;2004;N;1
2876;4010;2005;N;1
2877;4010;2006;N;1
2878;4010;2007;N;1
2879;4010;2008;N;1
2880;4010;2009;N;1
2881;4010;2010;N;1
2882;4010;2011;N;1
2883;4010;2012;N;1
2884;4010;2013;N;1
2885;4010;2014;N;1
2886;4010;2015;N;1
2887;4010;2016;N;1
2888;4010;2017;N;1
2889;4010;2018;N;1
2890;4010;2019;N;1
2891;4010;2021;N;1
2892;4010;2022;N;1
2893;4010;2023;N;1
2894;4010;2024;N;1
2895;4010;2025;N;1
2896;4011;1979;N;1
2897;4011;1981;N;1
2898;4011;1982;N;1
2899;4011;1984;N;1
2900;4011;1985;N;1
2901;4011;1986;N;1
2902;4011;1987;N;1
2903;4011;1988;N;1
2904;4011;1989;N;1
2905;4011;1990;N;1
2906;4011;1991;N;1
2907;4011;1992;N;1
2908;4011;1993;N;1
2909;4011;1994;N;1
2910;4011;1995;N;1
2911;4011;1996;N;1
2912;4011;1997;N;1
2913;4011;1998;N;1
2914;4011;1999;N;1
2915;4011;2000;N;1
2916;4011;2001;N;1
2917;4011;2002;N;1
2918;4011;2003;N;1
2919;4011;2004;N;1
2920;4011;2005;N;1
2921;4011;2006;N;1
2922;4011;2007;N;1
2923;4011;2008;N;1
2924;4011;2009;N;1
2925;4011;2010;N;1
2926;4011;2011;N;1
2927;4011;2012;N;1
2928;4011;2013;N;1
2929;4011;2014;N;1
2930;4011;2015;N;1
2931;4011;2016;N;1
2932;4011;2017;N;1
2933;4011;2018;N;1
2934;4011;2019;N;1
2935;4011;2020;N;1
2936;4011;2021;N;1
2937;4011;2022;N;1
2938;4011;2023;N;1
2939;4011;2024;N;1
2940;4011;2025;N;1
2941;4012;1979;N;1
2942;4012;1980;N;1
2943;4012;1981;N;1
2944;4012;1982;N;1
2945;4012;1983;N;1
2946;4012;1984;N;1
2947;4012;1985;N;1
2948;4012;1986;N;1
2949;4012;1987;N;1
2950;4012;1988;N;1
2951;4012;1989;N;1
2952;4012;1990;N;1
2953;4012;1991;N;1
2954;4012;1992;N;1
2955;4012;1993;N;1
2956;4012;1994;N;1
2957;4012;1995;N;1
2958;4012;1996;N;1
2959;4012;1997;N;1
2960;4012;1998;N;1
2961;4012;1999;N;1
2962;4012;2000;N;1
2963;4012;2001;N;1
2964;4012;2002;N;1
2965;4012;2003;N;1
2966;4012;2004;N;1
2967;4012;2005;N;1
2968;4012;2006;N;1
2969;4012;2007;N;1
2970;4012;2008;N;1
2971;4012;2009;N;1
2972;4012;2010;N;1
2973;4012;2011;N;1
2974;4012;2012;N;1
2975;4012;2013;N;1
2976;4012;2014;N;1
2977;4012;2015;N;1
2978;4012;2016;N;1
2979;4012;2017;N;1
2980;4012;2018;N;1
2981;4012;2019;N;1
2982;4012;2020;N;1
2983;4012;2021;N;1
2984;4012;2022;N;1
2985;4012;2023;N;1
2986;4012;2024;N;1
2987;4013;1981;N;1
2988;4013;1982;N;1
2989;4013;1983;N;1
2990;4013;1984;N;1
2991;4013;1985;N;1
2992;4013;1986;N;1
2993;4013;1987;N;1
2994;4013;1988;N;1
2995;4013;1989;N;1
2996;4013;1990;N;1
2997;4013;1991;N;1
2998;4013;1992;N;1
2999;4013;1993;N;1
3000;4013;1994;N;1
3001;4013;1995;N;1
3002;4013;1996;N;1
3003;4013;1997;N;1
3004;4013;1998;N;1
3005;4013;1999;N;1
3006;4013;2000;N;1
3007;4013;2001;N;1
3008;4013;2002;N;1
3009;4013;2003;N;1
3010;4013;2004;N;1
3011;4013;2005;N;1
3012;4013;2006;N;1
3013;4013;2007;N;1
3014;4013;2008;N;1
3015;4013;2009;N;1
3016;4013;2010;N;1
3017;4013;2011;N;1
3018;4013;2012;N;1
3019;4013;2013;N;1
3020;4013;2014;N;1
3021;4013;2015;N;1
3022;4013;2016;N;1
3023;4013;2017;N;1
3024;4013;2018;N;1
3025;4013;2019;N;1
3026;4013;2020;N;1
3027;4013;2021;N;1
3028;4013;2022;N;1
3029;4013;2023;N;1
3030;4013;2024;N;1
3031;4013;2025;N;1
3032;4014;1982;N;1
3033;4014;1983;N;1
3034;4014;1984;N;1
3035;4014;1985;N;1
3036;4014;1986;N;1
3037;4014;1987;N;1
3038;4014;1988;N;1
3039;4014;1989;N;1
3040;4014;1990;N;1
3041;4014;1991;N;1
3042;4014;1992;N;1
3043;4014;1993;N;1
3044;4014;1994;N;1
3045;4014;1995;N;1
3046;4014;1996;N;1
3047;4014;1997;N;1
3048;4014;1998;N;1
3049;4014;1999;N;1
3050;4014;2000;N;1
3051;4014;2001;N;1
3052;4014;2002;N;1
3053;4014;2003;N;1
3054;4014;2004;N;1
3055;4014;2005;N;1
3056;4014;2006;N;1
3057;4014;2007;N;1
3058;4014;2008;N;1
3059;4014;2009;N;1
3060;4014;2010;N;1
3061;4014;2011;N;1
3062;4014;2012;N;1
3063;4014;2013;N;1
3064;4014;2014;N;1
3065;4014;2015;N;1
3066;4014;2016;N;1
3067;4014;2017;N;1
3068;4014;2018;N;1
3069;4014;2019;N;1
3070;4014;2020;N;1
3071;4014;2021;N;1
3072;4014;2022;N;1
3073;4014;2023;N;1
3074;4014;2024;N;1
3075;4014;2025;N;1
3076;4015;1993;N;1
3077;4015;1994;N;1
3078;4015;1995;N;1
3079;4015;1996;N;1
3080;4015;1997;N;1
3081;4015;1998;N;1
3082;4015;1999;N;1
3083;4015;2000;N;1
3084;4015;2001;N;1
3085;4015;2002;N;1
3086;4015;2003;N;1
3087;4015;2004;N;1
3088;4015;2005;N;1
3089;4015;2006;N;1
3090;4015;2007;N;1
3091;4015;2008;N;1
3092;4015;2009;N;1
3093;4015;2010;N;1
3094;4015;2011;N;1
3095;4015;2012;N;1
3096;4015;2013;N;1
3097;4015;2014;N;1
3098;4015;2015;N;1
3099;4015;2016;N;1
3100;4015;2017;N;1
3101;4015;2018;N;1
3102;4015;2019;N;1
3103;4015;2020;N;1
3104;4015;2021;N;1
3105;4015;2023;N;1
3106;4016;1995;N;1
3107;4016;1996;N;1
3108;4016;1998;N;1
3109;4016;1999;N;1
3110;4016;2002;N;1
3111;4016;2003;N;1
3112;4016;2004;N;1
3113;4016;2005;N;1
3114;4016;2006;N;1
3115;4016;2007;N;1
3116;4016;2008;N;1
3117;4016;2009;N;1
3118;4016;2010;N;1
3119;4016;2011;N;1
3120;4016;2012;N;1
3121;4016;2013;N;1
3122;4016;2014;N;1
3123;4016;2015;N;1
3124;4016;2016;N;1
3125;4016;2017;N;1
3126;4016;2018;N;1
3127;4016;2019;N;1
3128;4016;2020;N;1
3129;4016;2021;N;1
3130;4016;2022;N;1
3131;4016;2023;N;1
3132;4016;2024;N;1
3133;4016;2025;N;1
3134;4017;1952;N;2
3135;4017;1953;N;2
3136;4017;1954;N;2
3137;4017;1955;N;2
3138;4017;1956;N;2
3139;4017;1957;N;2
3140;4017;1958;N;2
3141;4017;1959;N;2
3142;4017;1960;N;2
3143;4017;1961;N;2
3144;4017;1962;N;2
3145;4017;1963;N;2
3146;4017;1964;N;2
3147;4017;1965;N;2
3148;4017;1966;N;2
3149;4017;1967;N;2
3150;4017;1968;N;2
3151;4017;1969;N;2
3152;4017;1970;N;2
3153;4017;1971;N;2
3154;4017;1972;N;2
3155;4017;1973;N;2
3156;4017;1974;N;2
3157;4017;1975;N;2
3158;4017;1976;N;2
3159;4017;1978;N;2
3160;4017;1979;N;2
3161;4017;1980;N;2
3162;4017;1981;N;2
3163;4017;1982;N;2
3164;4017;1983;N;2
3165;4017;1984;N;2
3166;4017;1985;N;2
3167;4017;1988;N;2
3168;4017;1989;N;2
3169;4017;1990;N;2
3170;4017;1991;N;2
3171;4017;1992;N;2
3172;4018;1956;N;2
3173;4018;1957;N;2
3174;4018;1958;N;2
3175;4018;1959;N;2
3176;4018;1960;N;2
3177;4018;1961;N;2
3178;4018;1962;N;2
3179;4018;1963;N;2
3180;4018;1968;N;2
3181;4018;1969;N;2
3182;4018;1970;N;2
3183;4018;1971;N;2
3184;4018;1972;N;2
3185;4018;1974;N;2
3186;4018;1976;N;2
3187;4018;1977;N;2
3188;4018;1978;N;2
3189;4018;1979;N;2
3190;4018;1980;N;2
3191;4018;1981;N;2
3192;4018;1982;N;2
3193;4018;1983;N;2
3194;4018;1984;N;2
3195;4018;1985;N;2
3196;4018;1986;N;2
3197;4018;1987;N;2
3198;4018;1988;N;2
3199;4018;1989;N;2
3200;4018;1990;N;2
3201;4019;1957;N;2
3202;4019;1958;N;2
3203;4019;1959;N;2
3204;4019;1960;N;2
3205;4019;1961;N;2
3206;4019;1962;N;2
3207;4019;1963;N;2
3208;4019;1964;N;2
3209;4019;1965;N;2
3210;4019;1966;N;2
3211;4019;1967;N;2
3212;4019;1984;N;2
3213;4019;1987;N;2
3214;4019;1988;N;2
3215;4019;1989;N;2
3216;4019;1990;N;2
3217;4019;1991;N;2
3218;4019;1992;N;2
3219;4019;1993;N;2
3220;4019;1994;N;2
3221;4019;1995;N;2
3222;4019;1996;N;2
3223;4019;1997;N;2
3224;4019;1998;N;2
3225;4019;1999;N;2
3226;4019;2000;N;2
3227;4019;2001;N;2
3228;4019;2002;N;2
3229;4019;2003;N;2
3230;4019;2004;N;2
3231;4019;2005;N;2
3232;4019;2006;N;2
3233;4019;2007;N;2
3234;4019;2008;N;2
3235;4019;2009;N;2
3236;4019;2010;N;2
3237;4019;2011;N;2
3238;4019;2012;N;2
3239;4019;2013;N;2
3240;4019;2014;N;2
3241;4019;2015;N;2
3242;4019;2016;N;2
3243;4019;2017;N;2
3244;4019;2018;N;2
3245;4019;2019;N;2
3246;4019;2020;N;2
3247;4019;2021;N;2
3248;4019;2022;N;2
3249;4019;2023;N;2
3250;4019;2024;N;2
3251;4019;2025;N;2
3252;4020;1959;N;2
3253;4020;1960;N;2
3254;4020;1961;N;2
3255;4020;1962;N;2
3256;4020;1963;N;2
3257;4020;1964;N;2
3258;4020;1965;N;2
3259;4020;1966;N;2
3260;4020;1967;N;2
3261;4020;1968;N;2
3262;4020;1969;N;2
3263;4020;1970;N;2
3264;4020;1971;N;2
3265;4020;1972;N;2
3266;4020;1973;N;2
3267;4020;1974;N;2
3268;4020;1982;N;2
3269;4020;1983;N;2
3270;4020;1984;N;2
3271;4020;1985;N;2
3272;4020;1986;N;2
3273;4020;1987;N;2
3274;4020;1988;N;2
3275;4020;1989;N;2
3276;4020;1990;N;2
3277;4020;1991;N;2
3278;4020;1992;N;2
3279;4020;1993;N;2
3280;4020;1994;N;2
3281;4020;1995;N;2
3282;4020;1996;N;2
3283;4020;1997;N;2
3284;4020;1998;N;2
3285;4020;1999;N;2
3286;4020;2000;N;2
3287;4020;2001;N;2
3288;4020;2002;N;2
3289;4020;2003;N;2
3290;4020;2004;N;2
3291;4020;2005;N;2
3292;4020;2006;N;2
3293;4020;2007;N;2
3294;4020;2008;N;2
3295;4020;2009;N;2
3296;4020;2010;N;2
3297;4020;2011;N;2
3298;4020;2012;N;2
3299;4020;2013;N;2
3300;4020;2014;N;2
3301;4020;2015;N;2
3302;4020;2016;N;2
3303;4020;2017;N;2
3304;4020;2018;N;2
3305;4020;2019;N;2
3306;4020;2020;N;2
3307;4020;2021;N;2
3308;4020;2022;N;2
3309;4020;2023;N;2
3310;4020;2024;N;2
3311;4020;2025;N;2
3312;4021;1975;N;2
3313;4021;1976;N;2
3314;4021;1977;N;2
3315;4021;1978;N;2
3316;4021;1979;N;2
3317;4021;1980;N;2
3318;4021;1981;N;2
3319;4021;1982;N;2
3320;4021;1983;N;2
3321;4021;1984;N;2
3322;4021;1985;N;2
3323;4021;1986;N;2
3324;4021;1987;N;2
3325;4021;1988;N;2
3326;4021;1989;N;2
3327;4021;1990;N;2
3328;4021;1991;N;2
3329;4021;1997;N;2
3330;4021;1998;N;2
3331;4021;1999;N;2
3332;4021;2000;N;2
3333;4021;2001;N;2
3334;4021;2002;N;2
3335;4021;2003;N;2
3336;4021;2004;N;2
3337;4021;2005;N;2
3338;4021;2006;N;2
3339;4021;2007;N;2
3340;4021;2008;N;2
3341;4021;2009;N;2
3342;4021;2010;N;2
3343;4021;2011;N;2
3344;4021;2012;N;2
3345;4021;2013;N;2
3346;4021;2014;N;2
3347;4021;2015;N;2
3348;4021;2016;N;2
3349;4021;2017;N;2
3350;4021;2018;N;2
3351;4021;2019;N;2
3352;4021;2020;N;2
3353;4021;2021;N;2
3354;4021;2022;N;2
3355;4021;2023;N;2
3356;4021;2024;N;2
3357;4021;2025;N;2
3358;4022;1981;N;2
3359;4022;1982;N;2
3360;4022;1983;N;2
3361;4022;1984;N;2
3362;4022;1985;N;2
3363;4022;1986;N;2
3364;4022;1987;N;2
3365;4022;1988;N;2
3366;4022;1989;N;2
3367;4022;1990;N;2
3368;4022;1991;N;2
3369;4022;1992;N;2
3370;4022;1994;N;2
3371;4022;1995;N;2
3372;4022;1996;N;2
3373;4022;1997;N;2
3374;4022;1998;N;2
3375;4022;1999;N;2
3376;4022;2000;N;2
3377;4022;2001;N;2
3378;4022;2002;N;2
3379;4022;2003;N;2
3380;4022;2004;N;2
3381;4022;2005;N;2
3382;4022;2006;N;2
3383;4022;2007;N;2
3384;4022;2008;N;2
3385;4022;2009;N;2
3386;4022;2010;N;2
3387;4022;2011;N;2
3388;4022;2012;N;2
3389;4022;2013;N;2
3390;4022;2014;N;2
3391;4022;2015;N;2
3392;4022;2016;N;2
3393;4022;2017;N;2
3394;4022;2018;N;2
3395;4022;2019;N;2
3396;4022;2020;N;2
3397;4022;2021;N;2
3398;4022;2022;N;2
3399;4022;2023;N;2
3400;4022;2024;N;2
3401;4022;2025;N;2
3402;4023;1982;N;2
3403;4023;1983;N;2
3404;4023;1984;N;2
3405;4023;1985;N;2
3406;4023;1986;N;2
3407;4023;1987;N;2
3408;4023;1988;N;2
3409;4023;1989;N;2
3410;4023;1990;N;2
3411;4023;1991;N;2
3412;4023;1992;N;2
3413;4023;1993;N;2
3414;4023;1994;N;2
3415;4023;1995;N;2
3416;4023;1996;N;2
3417;4023;1997;N;2
3418;4023;1998;N;2
3419;4023;1999;N;2
3420;4023;2000;N;2
3421;4023;2001;N;2
3422;4023;2002;N;2
3423;4023;2003;N;2
3424;4023;2004;N;2
3425;4023;2005;N;2
3426;4023;2006;N;2
3427;4023;2007;N;2
3428;4023;2008;N;2
3429;4023;2009;N;2
3430;4023;2010;N;2
3431;4023;2011;N;2
3432;4023;2012;N;2
3433;4023;2013;N;2
3434;4023;2014;N;2
3435;4023;2015;N;2
3436;4023;2016;N;2
3437;4023;2017;N;2
3438;4023;2018;N;2
3439;4023;2019;N;2
3440;4023;2020;N;2
3441;4023;2021;N;2
3442;4023;2022;N;2
3443;4023;2023;N;2
3444;4023;2024;N;2
3445;4023;2025;N;2
3446;4024;1983;N;2
3447;4024;1984;N;2
3448;4024;1985;N;2
3449;4024;1987;N;2
3450;4024;1988;N;2
3451;4024;1989;N;2
3452;4024;1990;N;2
3453;4024;1992;N;2
3454;4024;1998;N;2
3455;4024;1999;N;2
3456;4024;2000;N;2
3457;4024;2001;N;2
3458;4024;2002;N;2
3459;4024;2003;N;2
3460;4024;2004;N;2
3461;4024;2005;N;2
3462;4024;2006;N;2
3463;4024;2007;N;2
3464;4024;2008;N;2
3465;4024;2009;N;2
3466;4024;2010;N;2
3467;4024;2011;N;2
3468;4024;2012;N;2
3469;4024;2013;N;2
3470;4024;2014;N;2
3471;4024;2015;N;2
3472;4024;2016;N;2
3473;4024;2017;N;2
3474;4024;2018;N;2
3475;4024;2019;N;2
3476;4024;2020;N;2
3477;4024;2021;N;2
3478;4024;2022;N;2
3479;4024;2023;N;2
3480;4024;2024;N;2
3481;4024;2025;N;2
3482;4025;1985;N;2
3483;4025;1986;N;2
3484;4025;1987;N;2
3485;4025;1988;N;2
3486;4025;1989;N;2
3487;4025;1990;N;2
3488;4025;1991;N;2
3489;4025;1992;N;2
3490;4025;1993;N;2
3491;4025;1994;N;2
3492;4025;1995;N;2
3493;4025;1996;N;2
3494;4025;1997;N;2
3495;4025;1998;N;2
3496;4025;1999;N;2
3497;4025;2000;N;2
3498;4025;2001;N;2
3499;4025;2002;N;2
3500;4025;2003;N;2
3501;4025;2004;N;2
3502;4025;2005;N;2
3503;4025;2006;N;2
3504;4025;2007;N;2
3505;4025;2008;N;2
3506;4025;2009;N;2
3507;4025;2010;N;2
3508;4025;2011;N;2
3509;4025;2012;N;2
3510;4025;2013;N;2
3511;4025;2014;N;2
3512;4025;2015;N;2
3513;4025;2016;N;2
3514;4025;2017;N;2
3515;4025;2018;N;2
3516;4025;2019;N;2
3517;4025;2021;N;2
3518;4025;2022;N;2
3519;4025;2023;N;2
3520;4025;2024;N;2
3521;4025;2025;N;2
3522;4026;1989;N;2
3523;4026;1990;N;2
3524;4026;1998;N;2
3525;4026;1999;N;2
3526;4026;2001;N;2
3527;4026;2002;N;2
3528;4026;2003;N;2
3529;4026;2006;N;2
3530;4026;2007;N;2
3531;4026;2008;N;2
3532;4026;2009;N;2
3533;4026;2010;N;2
3534;4026;2011;N;2
3535;4026;2012;N;2
3536;4026;2013;N;2
3537;4026;2014;N;2
3538;4026;2015;N;2
3539;4026;2016;N;2
3540;4026;2017;N;2
3541;4026;2018;N;2
3542;4026;2019;N;2
3543;4026;2020;N;2
3544;4026;2021;N;2
3545;4026;2022;N;2
3546;4026;2023;N;2
3547;4026;2024;N;2
3548;4026;2025;N;2
3549;4027;1991;N;2
3550;4027;2000;N;2
3551;4027;2001;N;2
3552;4027;2002;N;2
3553;4027;2003;N;2
3554;4027;2005;N;2
3555;4027;2006;N;2
3556;4027;2007;N;2
3557;4027;2008;N;2
3558;4027;2009;N;2
3559;4027;2010;N;2
3560;4027;2011;N;2
3561;4027;2012;N;2
3562;4027;2013;N;2
3563;4027;2014;N;2
3564;4027;2015;N;2
3565;4027;2016;N;2
3566;4027;2017;N;2
3567;4027;2018;N;2
3568;4027;2019;N;2
3569;4027;2021;N;2
3570;4027;2022;N;2
3571;4027;2023;N;2
3572;4027;2024;N;2
3573;4027;2025;N;2
3574;4028;1992;N;2
3575;4028;1994;N;2
3576;4028;1995;N;2
3577;4028;1996;N;2
3578;4028;2002;N;2
3579;4028;2003;N;2
3580;4028;2004;N;2
3581;4028;2005;N;2
3582;4028;2006;N;2
3583;4028;2007;N;2
3584;4028;2008;N;2
3585;4028;2009;N;2
3586;4028;2010;N;2
3587;4028;2011;N;2
3588;4028;2012;N;2
3589;4028;2013;N;2
3590;4028;2014;N;2
3591;4028;2015;N;2
3592;4028;2016;N;2
3593;4028;2017;N;2
3594;4028;2018;N;2
3595;4028;2019;N;2
3596;4028;2020;N;2
3597;4028;2021;N;2
3598;4028;2022;N;2
3599;4028;2023;N;2
3600;4028;2024;N;2
3601;4028;2025;N;2
3602;4029;1992;N;2
3603;4029;1995;N;2
3604;4029;1996;N;2
3605;4029;1997;N;2
3606;4029;1998;N;2
3607;4029;1999;N;2
3608;4029;2000;N;2
3609;4029;2001;N;2
3610;4029;2002;N;2
3611;4029;2003;N;2
3612;4029;2005;N;2
3613;4029;2006;N;2
3614;4029;2007;N;2
3615;4029;2008;N;2
3616;4029;2009;N;2
3617;4029;2010;N;2
3618;4029;2011;N;2
3619;4029;2012;N;2
3620;4029;2013;N;2
3621;4029;2014;N;2
3622;4029;2015;N;2
3623;4029;2016;N;2
3624;4029;2017;N;2
3625;4029;2018;N;2
3626;4029;2019;N;2
3627;4029;2020;N;2
3628;4029;2021;N;2
3629;4029;2023;N;2
3630;4029;2024;N;2
3631;4029;2025;N;2
3632;4030;1993;N;2
3633;4030;1994;N;2
3634;4030;1995;N;2
3635;4030;1996;N;2
3636;4030;1997;N;2
3637;4030;1998;N;2
3638;4030;1999;N;2
3639;4030;2000;N;2
3640;4030;2001;N;2
3641;4030;2002;N;2
3642;4030;2003;N;2
3643;4030;2004;N;2
3644;4030;2005;N;2
3645;4030;2006;N;2
3646;4030;2007;N;2
3647;4030;2008;N;2
3648;4030;2009;N;2
3649;4030;2010;N;2
3650;4030;2011;N;2
3651;4030;2012;N;2
3652;4030;2013;N;2
3653;4030;2014;N;2
3654;4030;2015;N;2
3655;4030;2016;N;2
3656;4030;2017;N;2
3657;4030;2018;N;2
3658;4030;2019;N;2
3659;4030;2020;N;2
3660;4030;2021;N;2
3661;4030;2022;N;2
3662;4030;2023;N;2
3663;4030;2024;N;2
3664;4030;2025;N;2
3665;4031;1993;N;2
3666;4031;1994;N;2
3667;4031;1995;N;2
3668;4031;1996;N;2
3669;4031;1997;N;2
3670;4031;1998;N;2
3671;4031;1999;N;2
3672;4031;2000;N;2
3673;4031;2001;N;2
3674;4031;2002;N;2
3675;4031;2006;N;2
3676;4031;2007;N;2
3677;4031;2008;N;2
3678;4031;2009;N;2
3679;4031;2010;N;2
3680;4031;2011;N;2
3681;4031;2012;N;2
3682;4031;2013;N;2
3683;4031;2014;N;2
3684;4031;2015;N;2
3685;4031;2016;N;2
3686;4031;2017;N;2
3687;4031;2018;N;2
3688;4031;2019;N;2
3689;4031;2020;N;2
3690;4031;2021;N;2
3691;4031;2022;N;2
3692;4031;2023;N;2
3693;4031;2024;N;2
3694;4031;2025;N;2
3695;4032;1995;N;2
3696;4032;1998;N;2
3697;4032;2000;N;2
3698;4032;2001;N;2
3699;4032;2002;N;2
3700;4032;2003;N;2
3701;4032;2004;N;2
3702;4032;2005;N;2
3703;4032;2006;N;2
3704;4032;2007;N;2
3705;4032;2008;N;2
3706;4032;2009;N;2
3707;4032;2010;N;2
3708;4032;2011;N;2
3709;4032;2012;N;2
3710;4032;2013;N;2
3711;4032;2014;N;2
3712;4032;2015;N;2
3713;4032;2016;N;2
3714;4032;2017;N;2
3715;4032;2018;N;2
3716;4032;2019;N;2
3717;4032;2020;N;2
3718;4032;2021;N;2
3719;4032;2022;N;2
3720;4032;2023;N;2
3721;4032;2024;N;2
3722;4032;2025;N;2
3723;4033;1996;N;2
3724;4033;1998;N;2
3725;4033;1999;N;2
3726;4033;2000;N;2
3727;4033;2001;N;2
3728;4033;2002;N;2
3729;4033;2003;N;2
3730;4033;2004;N;2
3731;4033;2005;N;2
3732;4033;2006;N;2
3733;4033;2007;N;2
3734;4033;2008;N;2
3735;4033;2009;N;2
3736;4033;2010;N;2
3737;4033;2011;N;2
3738;4033;2012;N;2
3739;4033;2013;N;2
3740;4033;2014;N;2
3741;4033;2015;N;2
3742;4033;2016;N;2
3743;4033;2017;N;2
3744;4033;2018;N;2
3745;4033;2019;N;2
3746;4033;2020;N;2
3747;4033;2021;N;2
3748;4033;2022;N;2
3749;4033;2023;N;2
3750;4033;2024;N;2
3751;4033;2025;N;2
3752;4034;1998;N;2
3753;4034;1999;N;2
3754;4034;2000;N;2
3755;4034;2001;N;2
3756;4034;2002;N;2
3757;4034;2003;N;2
3758;4034;2004;N;2
3759;4034;2005;N;2
3760;4034;2006;N;2
3761;4034;2007;N;2
3762;4034;2008;N;2
3763;4034;2009;N;2
3764;4034;2010;N;2
3765;4034;2011;N;2
3766;4034;2012;N;2
3767;4034;2013;N;2
3768;4034;2014;N;2
3769;4034;2015;N;2
3770;4034;2016;N;2
3771;4034;2017;N;2
3772;4034;2018;N;2
3773;4034;2019;N;2
3774;4034;2021;N;2
3775;4034;2022;N;2
3776;4034;2023;N;2
3777;4034;2024;N;2
3778;4034;2025;N;2
3779;4035;1999;N;2
3780;4035;2001;N;2
3781;4035;2003;N;2
3782;4036;1999;N;2
3783;4036;2000;N;2
3784;4036;2001;N;2
3785;4036;2003;N;2
3786;4036;2005;N;2
3787;4036;2006;N;2
3788;4036;2007;N;2
3789;4036;2008;N;2
3790;4036;2009;N;2
3791;4036;2010;N;2
3792;4036;2011;N;2
3793;4036;2012;N;2
3794;4036;2013;N;2
3795;4036;2014;N;2
3796;4036;2015;N;2
3797;4036;2016;N;2
3798;4036;2017;N;2
3799;4036;2018;N;2
3800;4036;2019;N;2
3801;4036;2020;N;2
3802;4036;2021;N;2
3803;4036;2022;N;2
3804;4036;2025;N;2
3805;4037;1999;N;2
3806;4037;2000;N;2
3807;4037;2001;N;2
3808;4037;2002;N;2
3809;4037;2003;N;2
3810;4037;2004;N;2
3811;4037;2005;N;2
3812;4037;2006;N;2
3813;4037;2007;N;2
3814;4037;2008;N;2
3815;4037;2009;N;2
3816;4037;2010;N;2
3817;4037;2011;N;2
3818;4037;2012;N;2
3819;4037;2013;N;2
3820;4037;2014;N;2
3821;4037;2015;N;2
3822;4037;2016;N;2
3823;4037;2017;N;2
3824;4037;2018;N;2
3825;4037;2019;N;2
3826;4037;2020;N;2
3827;4037;2021;N;2
3828;4037;2022;N;2
3829;4037;2023;N;2
3830;4038;1999;N;2
3831;4038;2000;N;2
3832;4038;2006;N;2
3833;4038;2007;N;2
3834;4038;2008;N;2
3835;4038;2009;N;2
3836;4038;2010;N;2
3837;4038;2011;N;2
3838;4038;2012;N;2
3839;4038;2013;N;2
3840;4038;2014;N;2
3841;4038;2015;N;2
3842;4038;2016;N;2
3843;4038;2017;N;2
3844;4038;2018;N;2
3845;4038;2019;N;2
3846;4038;2021;N;2
3847;4038;2022;N;2
3848;4038;2023;N;2
3849;4038;2024;N;2
3850;4038;2025;N;2
3851;4039;2001;N;2
3852;4039;2002;N;2
3853;4039;2006;N;2
3854;4039;2007;N;2
3855;4039;2008;N;2
3856;4039;2009;N;2
3857;4039;2010;N;2
3858;4039;2011;N;2
3859;4039;2012;N;2
3860;4039;2013;N;2
3861;4039;2014;N;2
3862;4039;2015;N;2
3863;4039;2016;N;2
3864;4039;2017;N;2
3865;4039;2018;N;2
3866;4039;2019;N;2
3867;4039;2020;N;2
3868;4039;2021;N;2
3869;4039;2022;N;2
3870;4039;2023;N;2
3871;4039;2024;N;2
3872;4039;2025;N;2
3873;4040;2003;N;2
3874;4040;2004;N;2
3875;4040;2007;N;2
3876;4040;2008;N;2
3877;4040;2009;N;2
3878;4040;2010;N;2
3879;4040;2011;N;2
3880;4040;2012;N;2
3881;4040;2013;N;2
3882;4040;2014;N;2
3883;4040;2015;N;2
3884;4040;2016;N;2
3885;4040;2017;N;2
3886;4040;2018;N;2
3887;4040;2019;N;2
3888;4040;2020;N;2
3889;4040;2021;N;2
3890;4040;2022;N;2
3891;4040;2023;N;2
3892;4040;2024;N;2
3893;4040;2025;N;2
3894;4041;2004;N;2
3895;4041;2005;N;2
3896;4041;2006;N;2
3897;4041;2007;N;2
3898;4041;2008;N;2
3899;4041;2009;N;2
3900;4041;2010;N;2
3901;4041;2011;N;2
3902;4041;2012;N;2
3903;4041;2013;N;2
3904;4041;2014;N;2
3905;4041;2015;N;2
3906;4041;2016;N;2
3907;4041;2017;N;2
3908;4041;2018;N;2
3909;4041;2019;N;2
3910;4041;2020;N;2
3911;4041;2021;N;2
3912;4041;2022;N;2
3913;4041;2023;N;2
3914;4041;2024;N;2
3915;4041;2025;N;2
3916;4042;2005;N;2
3917;4042;2006;N;2
3918;4042;2007;N;2
3919;4042;2008;N;2
3920;4042;2009;N;2
3921;4042;2015;N;2
3922;4042;2016;N;2
3923;4042;2017;N;2
3924;4042;2018;N;2
3925;4042;2019;N;2
3926;4042;2021;N;2
3927;4042;2022;N;2
3928;4042;2023;N;2
3929;4042;2024;N;2
3930;4042;2025;N;2
3931;4043;2007;N;2
3932;4043;2008;N;2
3933;4043;2009;N;2
3934;4043;2010;N;2
3935;4043;2011;N;2
3936;4043;2012;N;2
3937;4043;2013;N;2
3938;4043;2014;N;2
3939;4043;2015;N;2
3940;4043;2016;N;2
3941;4043;2017;N;2
3942;4043;2018;N;2
3943;4043;2019;N;2
3944;4043;2020;N;2
3945;4043;2021;N;2
3946;4043;2022;N;2
3947;4043;2023;N;2
3948;4043;2024;N;2
3949;4043;2025;N;2
3950;4044;2009;N;2
3951;4044;2010;N;2
3952;4044;2011;N;2
3953;4044;2012;N;2
3954;4044;2013;N;2
3955;4044;2014;N;2
3956;4044;2015;N;2
3957;4044;2016;N;2
3958;4044;2017;N;2
3959;4044;2018;N;2
3960;4044;2019;N;2
3961;4044;2020;N;2
3962;4044;2021;N;2
3963;4044;2022;N;2
3964;4044;2023;N;2
3965;4044;2024;N;2
3966;4044;2025;N;2
3967;4045;2011;N;2
3968;4045;2013;N;2
3969;4045;2014;N;2
3970;4045;2015;N;2
3971;4045;2020;N;2
3972;4045;2021;N;2
3973;4045;2022;N;2
3974;4045;2023;N;2
3975;4045;2024;N;2
3976;4045;2025;N;2
3977;4046;2013;N;2
3978;4046;2014;N;2
3979;4046;2017;N;2
3980;4046;2018;N;2
3981;4046;2019;N;2
3982;4046;2020;N;2
3983;4046;2021;N;2
3984;4046;2022;N;2
3985;4046;2023;N;2
3986;4046;2024;N;2
3987;4046;2025;N;2
3988;4047;2015;N;2
3989;4047;2016;N;2
3990;4047;2017;N;2
3991;4047;2018;N;2
3992;4047;2019;N;2
3993;4047;2021;N;2
3994;4047;2022;N;2
3995;4047;2023;N;2
3996;4047;2024;N;2
3997;4047;2025;N;2
3998;4048;1988;N;3
3999;4048;1999;N;3
4000;4048;2000;N;3
4001;4048;2001;N;3
4002;4048;2006;N;3
4003;4048;2008;N;3
4004;4048;2010;N;3
4005;4048;2012;N;3
4006;4048;2014;N;3
4007;4048;2015;N;3
4008;4048;2016;N;3
4009;4048;2017;N;3
4010;4048;2018;N;3
4011;4048;2019;N;3
4012;4048;2022;N;3
4013;4048;2023;N;3
4014;4048;2024;N;3
4015;4048;2025;N;3
4016;4049;1998;N;3
4017;4049;2005;N;3
4018;4049;2007;N;3
4019;4049;2019;N;3
4020;4049;2020;N;3
4021;4049;2022;N;3
4022;4049;2023;N;3
4023;4049;2024;N;3
4024;4049;2025;N;3
4025;4050;1999;N;3
4026;4050;2000;N;3
4027;4050;2010;N;3
4028;4050;2011;N;3
4029;4050;2012;N;3
4030;4050;2013;N;3
4031;4050;2014;N;3
4032;4050;2015;N;3
4033;4050;2016;N;3
4034;4050;2017;N;3
4035;4050;2018;N;3
4036;4050;2019;N;3
4037;4050;2022;N;3
4038;4050;2023;N;3
4039;4050;2024;N;3
4040;4050;2025;N;3
4041;4051;1999;N;3
4042;4051;2001;N;3
4043;4051;2002;N;3
4044;4051;2003;N;3
4045;4051;2005;N;3
4046;4051;2006;N;3
4047;4051;2007;N;3
4048;4051;2008;N;3
4049;4051;2009;N;3
4050;4051;2010;N;3
4051;4051;2011;N;3
4052;4051;2012;N;3
4053;4051;2013;N;3
4054;4051;2014;N;3
4055;4051;2015;N;3
4056;4051;2016;N;3
4057;4051;2017;N;3
4058;4051;2018;N;3
4059;4051;2019;N;3
4060;4051;2020;N;3
4061;4051;2021;N;3
4062;4051;2022;N;3
4063;4051;2023;N;3
4064;4051;2024;N;3
4065;4051;2025;N;3
4066;4052;2000;N;3
4067;4052;2014;N;3
4068;4052;2015;N;3
4069;4053;2000;N;3
4070;4053;2001;N;3
4071;4053;2002;N;3
4072;4053;2003;N;3
4073;4053;2005;N;3
4074;4053;2006;N;3
4075;4053;2007;N;3
4076;4053;2008;N;3
4077;4053;2009;N;3
4078;4053;2010;N;3
4079;4053;2011;N;3
4080;4053;2012;N;3
4081;4053;2013;N;3
4082;4053;2014;N;3
4083;4053;2015;N;3
4084;4053;2016;N;3
4085;4053;2017;N;3
4086;4053;2018;N;3
4087;4053;2019;N;3
4088;4053;2020;N;3
4089;4053;2021;N;3
4090;4053;2022;N;3
4091;4053;2023;N;3
4092;4053;2024;N;3
4093;4053;2025;N;3
4094;4054;2000;N;3
4095;4054;2001;N;3
4096;4054;2002;N;3
4097;4054;2003;N;3
4098;4054;2008;N;3
4099;4054;2009;N;3
4100;4054;2010;N;3
4101;4054;2011;N;3
4102;4054;2013;N;3
4103;4054;2014;N;3
4104;4054;2016;N;3
4105;4054;2018;N;3
4106;4054;2022;N;3
4107;4054;2023;N;3
4108;4054;2025;N;3
4109;4055;2001;N;3
4110;4055;2002;N;3
4111;4055;2007;N;3
4112;4055;2010;N;3
4113;4055;2013;N;3
4114;4055;2015;N;3
4115;4055;2016;N;3
4116;4055;2017;N;3
4117;4055;2018;N;3
4118;4055;2019;N;3
4119;4055;2020;N;3
4120;4055;2021;N;3
4121;4055;2022;N;3
4122;4055;2023;N;3
4123;4055;2024;N;3
4124;4055;2025;N;3
4125;4056;2003;N;3
4126;4056;2006;N;3
4127;4056;2007;N;3
4128;4056;2008;N;3
4129;4056;2009;N;3
4130;4056;2010;N;3
4131;4056;2011;N;3
4132;4056;2012;N;3
4133;4056;2013;N;3
4134;4056;2014;N;3
4135;4056;2015;N;3
4136;4056;2016;N;3
4137;4056;2017;N;3
4138;4056;2018;N;3
4139;4056;2019;N;3
4140;4056;2021;N;3
4141;4056;2022;N;3
4142;4056;2023;N;3
4143;4056;2024;N;3
4144;4056;2025;N;3
4145;4057;2004;N;3
4146;4057;2005;N;3
4147;4057;2006;N;3
4148;4057;2009;N;3
4149;4057;2010;N;3
4150;4057;2011;N;3
4151;4057;2013;N;3
4152;4057;2014;N;3
4153;4057;2015;N;3
4154;4057;2017;N;3
4155;4057;2022;N;3
4156;4057;2024;N;3
4157;4057;2025;N;3
4158;4058;2004;N;3
4159;4058;2011;N;3
4160;4058;2012;N;3
4161;4058;2013;N;3
4162;4058;2014;N;3
4163;4058;2015;N;3
4164;4058;2016;N;3
4165;4058;2017;N;3
4166;4058;2018;N;3
4167;4058;2019;N;3
4168;4058;2022;N;3
4169;4058;2023;N;3
4170;4058;2024;N;3
4171;4058;2025;N;3
4172;4059;2005;N;3
4173;4059;2007;N;3
4174;4059;2009;N;3
4175;4059;2010;N;3
4176;4059;2011;N;3
4177;4059;2012;N;3
4178;4059;2013;N;3
4179;4059;2014;N;3
4180;4059;2015;N;3
4181;4059;2016;N;3
4182;4059;2017;N;3
4183;4059;2018;N;3
4184;4059;2019;N;3
4185;4059;2020;N;3
4186;4059;2021;N;3
4187;4059;2023;N;3
4188;4059;2024;N;3
4189;4059;2025;N;3
4190;4060;2005;N;3
4191;4060;2006;N;3
4192;4060;2007;N;3
4193;4060;2008;N;3
4194;4060;2009;N;3
4195;4060;2010;N;3
4196;4060;2011;N;3
4197;4060;2015;N;3
4198;4060;2016;N;3
4199;4060;2017;N;3
4200;4060;2018;N;3
4201;4060;2019;N;3
4202;4060;2020;N;3
4203;4060;2021;N;3
4204;4060;2022;N;3
4205;4060;2023;N;3
4206;4060;2024;N;3
4207;4060;2025;N;3
4208;4061;2006;N;3
4209;4062;2006;N;3
4210;4062;2007;N;3
4211;4062;2009;N;3
4212;4062;2010;N;3
4213;4062;2011;N;3
4214;4062;2012;N;3
4215;4063;2006;N;3
4216;4063;2007;N;3
4217;4063;2008;N;3
4218;4063;2009;N;3
4219;4063;2010;N;3
4220;4063;2011;N;3
4221;4063;2012;N;3
4222;4063;2013;N;3
4223;4063;2014;N;3
4224;4063;2019;N;3
4225;4064;2006;N;3
4226;4064;2008;N;3
4227;4064;2011;N;3
4228;4064;2013;N;3
4229;4064;2014;N;3
4230;4064;2015;N;3
4231;4064;2016;N;3
4232;4064;2017;N;3
4233;4064;2018;N;3
4234;4064;2020;N;3
4235;4064;2021;N;3
4236;4064;2023;N;3
4237;4064;2024;N;3
4238;4065;2006;N;3
4239;4065;2007;N;3
4240;4065;2008;N;3
4241;4065;2009;N;3
4242;4065;2010;N;3
4243;4065;2012;N;3
4244;4065;2013;N;3
4245;4065;2014;N;3
4246;4065;2015;N;3
4247;4065;2016;N;3
4248;4065;2017;N;3
4249;4065;2018;N;3
4250;4065;2019;N;3
4251;4065;2020;N;3
4252;4065;2021;N;3
4253;4065;2022;N;3
4254;4065;2023;N;3
4255;4065;2024;N;3
4256;4065;2025;N;3
4257;4066;2006;N;3
4258;4066;2007;N;3
4259;4066;2009;N;3
4260;4066;2010;N;3
4261;4066;2011;N;3
4262;4066;2012;N;3
4263;4066;2013;N;3
4264;4066;2014;N;3
4265;4066;2015;N;3
4266;4066;2016;N;3
4267;4066;2017;N;3
4268;4066;2018;N;3
4269;4066;2019;N;3
4270;4066;2020;N;3
4271;4066;2021;N;3
4272;4066;2022;N;3
4273;4066;2023;N;3
4274;4066;2024;N;3
4275;4066;2025;N;3
4276;4067;2006;N;3
4277;4067;2010;N;3
4278;4067;2011;N;3
4279;4067;2012;N;3
4280;4067;2013;N;3
4281;4067;2014;N;3
4282;4067;2015;N;3
4283;4067;2017;N;3
4284;4067;2018;N;3
4285;4067;2019;N;3
4286;4067;2021;N;3
4287;4067;2022;N;3
4288;4067;2023;N;3
4289;4067;2024;N;3
4290;4067;2025;N;3
4291;4068;2007;N;3
4292;4069;2007;N;3
4293;4069;2008;N;3
4294;4069;2009;N;3
4295;4070;2007;N;3
4296;4070;2010;N;3
4297;4071;2007;N;3
4298;4071;2008;N;3
4299;4071;2009;N;3
4300;4071;2010;N;3
4301;4071;2011;N;3
4302;4071;2012;N;3
4303;4071;2013;N;3
4304;4071;2014;N;3
4305;4071;2015;N;3
4306;4071;2016;N;3
4307;4071;2017;N;3
4308;4071;2018;N;3
4309;4071;2019;N;3
4310;4071;2021;N;3
4311;4071;2022;N;3
4312;4071;2023;N;3
4313;4071;2024;N;3
4314;4071;2025;N;3
4315;4072;2007;N;3
4316;4072;2013;N;3
4317;4072;2014;N;3
4318;4072;2015;N;3
4319;4072;2016;N;3
4320;4072;2017;N;3
4321;4072;2018;N;3
4322;4072;2019;N;3
4323;4072;2020;N;3
4324;4072;2021;N;3
4325;4072;2022;N;3
4326;4072;2023;N;3
4327;4072;2024;N;3
4328;4072;2025;N;3
4329;4073;2007;N;3
4330;4073;2008;N;3
4331;4073;2014;N;3
4332;4073;2023;N;3
4333;4073;2024;N;3
4334;4073;2025;N;3
4335;4074;2007;N;3
4336;4074;2008;N;3
4337;4074;2009;N;3
4338;4074;2010;N;3
4339;4074;2011;N;3
4340;4074;2012;N;3
4341;4074;2013;N;3
4342;4074;2014;N;3
4343;4074;2015;N;3
4344;4074;2016;N;3
4345;4074;2017;N;3
4346;4074;2018;N;3
4347;4074;2019;N;3
4348;4074;2020;N;3
4349;4074;2021;N;3
4350;4074;2022;N;3
4351;4074;2023;N;3
4352;4074;2024;N;3
4353;4074;2025;N;3
4354;4075;2007;N;3
4355;4075;2008;N;3
4356;4075;2010;N;3
4357;4075;2011;N;3
4358;4075;2012;N;3
4359;4075;2013;N;3
4360;4075;2014;N;3
4361;4075;2015;N;3
4362;4075;2016;N;3
4363;4075;2017;N;3
4364;4075;2018;N;3
4365;4075;2019;N;3
4366;4075;2021;N;3
4367;4075;2022;N;3
4368;4075;2023;N;3
4369;4075;2024;N;3
4370;4075;2025;N;3
4371;4076;2008;N;3
4372;4076;2009;N;3
4373;4077;2008;N;3
4374;4077;2012;N;3
4375;4077;2013;N;3
4376;4077;2015;N;3
4377;4077;2016;N;3
4378;4077;2017;N;3
4379;4078;2008;N;3
4380;4078;2010;N;3
4381;4078;2011;N;3
4382;4078;2012;N;3
4383;4078;2013;N;3
4384;4078;2014;N;3
4385;4078;2015;N;3
4386;4078;2016;N;3
4387;4078;2022;N;3
4388;4078;2023;N;3
4389;4078;2024;N;3
4390;4078;2025;N;3
4391;4079;2008;N;3
4392;4079;2013;N;3
4393;4079;2018;N;3
4394;4079;2019;N;3
4395;4079;2021;N;3
4396;4079;2022;N;3
4397;4079;2023;N;3
4398;4079;2024;N;3
4399;4079;2025;N;3
4400;4080;2008;N;3
4401;4080;2009;N;3
4402;4080;2010;N;3
4403;4080;2011;N;3
4404;4080;2012;N;3
4405;4080;2013;N;3
4406;4080;2015;N;3
4407;4080;2016;N;3
4408;4080;2019;N;3
4409;4080;2020;N;3
4410;4080;2021;N;3
4411;4080;2022;N;3
4412;4080;2023;N;3
4413;4080;2024;N;3
4414;4080;2025;N;3
4415;4081;2008;N;3
4416;4081;2014;N;3
4417;4081;2015;N;3
4418;4081;2016;N;3
4419;4081;2017;N;3
4420;4081;2018;N;3
4421;4081;2019;N;3
4422;4081;2023;N;3
4423;4081;2024;N;3
4424;4081;2025;N;3
4425;4082;2008;N;3
4426;4082;2009;N;3
4427;4082;2010;N;3
4428;4082;2011;N;3
4429;4082;2013;N;3
4430;4082;2014;N;3
4431;4082;2015;N;3
4432;4082;2016;N;3
4433;4082;2017;N;3
4434;4082;2018;N;3
4435;4082;2019;N;3
4436;4082;2020;N;3
4437;4082;2021;N;3
4438;4082;2022;N;3
4439;4082;2023;N;3
4440;4082;2024;N;3
4441;4082;2025;N;3
4442;4083;2009;N;3
4443;4083;2010;N;3
4444;4083;2011;N;3
4445;4083;2012;N;3
4446;4083;2013;N;3
4447;4083;2014;N;3
4448;4083;2016;N;3
4449;4084;2009;N;3
4450;4084;2010;N;3
4451;4084;2011;N;3
4452;4084;2012;N;3
4453;4084;2013;N;3
4454;4084;2014;N;3
4455;4084;2015;N;3
4456;4084;2016;N;3
4457;4084;2017;N;3
4458;4084;2021;N;3
4459;4085;2009;N;3
4460;4085;2010;N;3
4461;4085;2011;N;3
4462;4085;2012;N;3
4463;4085;2013;N;3
4464;4085;2015;N;3
4465;4085;2016;N;3
4466;4085;2017;N;3
4467;4085;2018;N;3
4468;4085;2019;N;3
4469;4085;2020;N;3
4470;4085;2021;N;3
4471;4085;2022;N;3
4472;4085;2023;N;3
4473;4085;2024;N;3
4474;4085;2025;N;3
4475;4086;2009;N;3
4476;4086;2010;N;3
4477;4086;2012;N;3
4478;4086;2013;N;3
4479;4086;2016;N;3
4480;4086;2017;N;3
4481;4086;2018;N;3
4482;4086;2019;N;3
4483;4086;2022;N;3
4484;4086;2023;N;3
4485;4086;2024;N;3
4486;4086;2025;N;3
4487;4087;2009;N;3
4488;4087;2013;N;3
4489;4087;2015;N;3
4490;4087;2016;N;3
4491;4087;2022;N;3
4492;4087;2023;N;3
4493;4087;2024;N;3
4494;4087;2025;N;3
4495;4088;2010;N;3
4496;4089;2010;N;3
4497;4089;2025;N;3
4498;4090;2010;N;3
4499;4090;2025;N;3
4500;4091;2010;N;3
4501;4091;2011;N;3
4502;4091;2012;N;3
4503;4091;2013;N;3
4504;4091;2019;N;3
4505;4092;2010;N;3
4506;4092;2011;N;3
4507;4092;2014;N;3
4508;4092;2015;N;3
4509;4092;2018;N;3
4510;4092;2019;N;3
4511;4092;2021;N;3
4512;4092;2022;N;3
4513;4092;2023;N;3
4514;4092;2024;N;3
4515;4092;2025;N;3
4516;4093;2010;N;3
4517;4093;2013;N;3
4518;4093;2014;N;3
4519;4093;2015;N;3
4520;4093;2016;N;3
4521;4093;2017;N;3
4522;4093;2018;N;3
4523;4093;2019;N;3
4524;4093;2021;N;3
4525;4093;2022;N;3
4526;4093;2023;N;3
4527;4093;2024;N;3
4528;4093;2025;N;3
4529;4094;2010;N;3
4530;4094;2019;N;3
4531;4094;2023;N;3
4532;4094;2025;N;3
4533;4095;2010;N;3
4534;4095;2014;N;3
4535;4095;2016;N;3
4536;4095;2017;N;3
4537;4095;2018;N;3
4538;4095;2019;N;3
4539;4095;2022;N;3
4540;4095;2023;N;3
4541;4095;2024;N;3
4542;4095;2025;N;3
4543;4096;2010;N;3
4544;4096;2019;N;3
4545;4096;2023;N;3
4546;4096;2024;N;3
6715;4096;2025;N;3
4547;4097;2011;N;3
4548;4097;2017;N;3
4549;4097;2022;N;3
4550;4097;2024;N;3
4551;4098;2011;N;3
4552;4098;2012;N;3
4553;4098;2016;N;3
4554;4098;2019;N;3
4555;4098;2020;N;3
4556;4098;2021;N;3
4557;4098;2022;N;3
4558;4098;2023;N;3
4559;4098;2024;N;3
4560;4098;2025;N;3
4561;4099;2012;N;3
4562;4099;2015;N;3
4563;4099;2016;N;3
4564;4099;2017;N;3
4565;4099;2018;N;3
4566;4099;2021;N;3
4567;4099;2022;N;3
4568;4100;2012;N;3
4569;4100;2013;N;3
4570;4100;2021;N;3
4571;4100;2022;N;3
4572;4100;2023;N;3
4573;4100;2024;N;3
4574;4101;2012;N;3
4575;4101;2014;N;3
4576;4101;2015;N;3
4577;4101;2016;N;3
4578;4101;2017;N;3
4579;4101;2018;N;3
4580;4101;2019;N;3
4581;4101;2021;N;3
4582;4101;2022;N;3
4583;4101;2023;N;3
4584;4101;2024;N;3
4585;4101;2025;N;3
4586;4102;2012;N;3
4587;4102;2013;N;3
4588;4102;2014;N;3
4589;4102;2015;N;3
4590;4102;2016;N;3
4591;4102;2017;N;3
4592;4102;2019;N;3
4593;4102;2022;N;3
4594;4102;2023;N;3
4595;4102;2024;N;3
4596;4102;2025;N;3
4597;4103;2013;N;3
4598;4103;2022;N;3
4599;4104;2013;N;3
4600;4104;2014;N;3
4601;4104;2015;N;3
4602;4104;2016;N;3
4603;4104;2017;N;3
4604;4104;2018;N;3
4605;4104;2019;N;3
4606;4104;2021;N;3
4607;4104;2022;N;3
4608;4104;2023;N;3
4609;4104;2024;N;3
4610;4104;2025;N;3
4611;4105;2013;N;3
4612;4105;2014;N;3
4613;4105;2015;N;3
4614;4105;2021;N;3
4615;4105;2023;N;3
4616;4105;2024;N;3
4617;4105;2025;N;3
4618;4106;2013;N;3
4619;4106;2014;N;3
4620;4106;2015;N;3
4621;4106;2016;N;3
4622;4106;2017;N;3
4623;4106;2019;N;3
4624;4106;2021;N;3
4625;4106;2022;N;3
4626;4106;2023;N;3
4627;4106;2024;N;3
4628;4106;2025;N;3
4629;4107;2013;N;3
4630;4107;2023;N;3
4631;4107;2025;N;3
4632;4108;2013;N;3
4633;4108;2023;N;3
4634;4109;2014;N;3
4635;4110;2014;N;3
4636;4110;2015;N;3
4637;4110;2016;N;3
4638;4110;2017;N;3
4639;4110;2018;N;3
4640;4110;2019;N;3
4641;4110;2020;N;3
4642;4110;2021;N;3
4643;4110;2022;N;3
4644;4110;2023;N;3
4645;4110;2024;N;3
4646;4110;2025;N;3
4647;4111;2014;N;3
4648;4111;2015;N;3
4649;4111;2016;N;3
4650;4111;2019;N;3
4651;4111;2022;N;3
4652;4111;2023;N;3
4653;4111;2024;N;3
4654;4111;2025;N;3
4655;4112;2015;N;3
4656;4113;2015;N;3
4657;4114;2015;N;3
4658;4114;2018;N;3
4659;4115;2015;N;3
4660;4115;2016;N;3
4661;4115;2018;N;3
4662;4115;2019;N;3
4663;4115;2021;N;3
4664;4115;2023;N;3
4665;4115;2024;N;3
4666;4115;2025;N;3
4667;4116;2015;N;3
4668;4116;2018;N;3
4669;4116;2019;N;3
4670;4116;2022;N;3
4671;4116;2023;N;3
4672;4116;2024;N;3
4673;4116;2025;N;3
4674;4117;2016;N;3
4675;4118;2016;N;3
4676;4119;2016;N;3
4677;4119;2018;N;3
4678;4119;2023;N;3
4679;4119;2024;N;3
4680;4120;2017;N;3
4681;4120;2019;N;3
4682;4120;2021;N;3
4683;4120;2022;N;3
4684;4120;2023;N;3
4685;4120;2024;N;3
4686;4120;2025;N;3
4687;4121;2018;N;3
4688;4121;2024;N;3
4689;4122;2018;N;3
4690;4122;2020;N;3
4691;4122;2021;N;3
4692;4122;2022;N;3
4693;4123;2018;N;3
4694;4123;2022;N;3
4695;4124;2019;N;3
4696;4124;2021;N;3
4697;4124;2023;N;3
4698;4124;2024;N;3
4699;4124;2025;N;3
4700;4125;2020;N;3
4701;4125;2021;N;3
4702;4125;2022;N;3
4703;4125;2023;N;3
4704;4125;2024;N;3
4705;4125;2025;N;3
4706;4126;2021;N;3
4707;4127;2021;N;3
4708;4128;2021;N;3
4709;4129;2021;N;3
4710;4129;2022;N;3
4711;4130;2021;N;3
4712;4130;2022;N;3
4713;4130;2023;N;3
4714;4130;2024;N;3
4715;4130;2025;N;3
4716;4131;2021;N;3
4717;4131;2022;N;3
4718;4131;2023;N;3
4719;4131;2025;N;3
4720;4132;2022;N;3
4721;4132;2025;N;3
4722;4133;2022;N;3
4723;4133;2024;N;3
4724;4133;2025;N;3
4725;4134;2022;N;3
4726;4134;2025;N;3
4727;4135;2022;N;3
4728;4135;2023;N;3
4729;4135;2024;N;3
4730;4135;2025;N;3
4731;4136;2022;N;3
4732;4136;2023;N;3
4733;4136;2024;N;3
4734;4136;2025;N;3
4735;4137;2022;N;3
4736;4137;2023;N;3
4737;4137;2024;N;3
4738;4137;2025;N;3
4739;4138;2023;N;3
4740;4138;2024;N;3
4741;4138;2025;N;3
4742;4139;2023;N;3
4743;4139;2024;N;3
4744;4139;2025;N;3
4745;4140;2023;N;3
4746;4140;2024;N;3
4747;4140;2025;N;3
4748;4141;2023;N;3
4749;4141;2025;N;3
4750;4142;2024;N;3
4751;4143;2024;N;3
4752;4144;2025;N;3
4753;4145;2025;N;3
4754;5000;1971;N;4
4755;5000;1972;N;4
4756;5000;1973;N;4
4757;5000;1974;N;4
4758;5000;1975;N;4
4759;5000;1976;N;4
4760;5000;1977;N;4
4761;5000;1978;N;4
4762;5000;1979;N;4
4763;5000;1980;N;4
4764;5000;1981;N;4
4765;5000;1982;N;4
4766;5000;1983;N;4
4767;5000;1984;N;4
4768;5000;1985;N;4
4769;5000;1986;N;4
4770;5000;1987;N;4
4771;5000;1988;N;4
4772;5000;1989;N;4
4773;5000;1990;N;4
4774;5000;1991;N;4
4775;5000;1992;N;4
4776;5000;1993;N;4
4777;5000;1994;N;4
4778;5000;1995;N;4
4779;5000;1996;N;4
4780;5000;1997;N;4
4781;5000;1998;N;4
4782;5000;1999;N;4
4783;5000;2000;N;4
4784;5000;2001;N;4
4785;5000;2002;N;4
4786;5000;2003;N;4
4787;5000;2004;N;4
4788;5000;2005;N;4
4789;5000;2006;N;4
4790;5000;2007;N;4
4791;5000;2008;N;4
4792;5000;2009;N;4
4793;5000;2010;N;4
4794;5000;2011;N;4
4795;5000;2012;N;4
4796;5000;2013;N;4
4797;5000;2014;N;4
4798;5000;2015;N;4
4799;5000;2016;N;4
4800;5000;2017;N;4
4801;5000;2018;N;4
4802;5000;2019;N;4
4803;5000;2020;N;4
4804;5000;2021;N;4
4805;5000;2022;N;4
4806;5000;2023;N;4
4807;5000;2024;N;4
4808;5000;2025;N;4
4809;5001;1974;N;4
4810;5001;1975;N;4
4811;5001;1976;N;4
4812;5001;1977;N;4
4813;5001;1979;N;4
4814;5001;1980;N;4
4815;5001;1981;N;4
4816;5001;1982;N;4
4817;5001;1983;N;4
4818;5001;1986;N;4
4819;5001;1991;N;4
4820;5001;1992;N;4
4821;5001;1993;N;4
4822;5001;1994;N;4
4823;5001;1995;N;4
4824;5001;1996;N;4
4825;5001;1997;N;4
4826;5001;1998;N;4
4827;5001;1999;N;4
4828;5001;2000;N;4
4829;5001;2001;N;4
4830;5001;2002;N;4
4831;5001;2003;N;4
4832;5001;2004;N;4
4833;5001;2005;N;4
4834;5001;2006;N;4
4835;5001;2007;N;4
4836;5001;2008;N;4
4837;5001;2009;N;4
4838;5001;2010;N;4
4839;5001;2011;N;4
4840;5001;2012;N;4
4841;5001;2013;N;4
4842;5001;2014;N;4
4843;5001;2015;N;4
4844;5001;2016;N;4
4845;5001;2017;N;4
4846;5001;2018;N;4
4847;5001;2019;N;4
4848;5001;2021;N;4
4849;5001;2022;N;4
4850;5001;2023;N;4
4851;5001;2024;N;4
4852;5001;2025;N;4
4853;5002;1975;N;4
4854;5002;1976;N;4
4855;5002;1977;N;4
4856;5002;1978;N;4
4857;5002;1979;N;4
4858;5002;1980;N;4
4859;5002;1981;N;4
4860;5002;1982;N;4
4861;5002;1983;N;4
4862;5002;1984;N;4
4863;5002;1985;N;4
4864;5002;1986;N;4
4865;5002;1987;N;4
4866;5002;1988;N;4
4867;5002;1989;N;4
4868;5002;1990;N;4
4869;5002;1991;N;4
4870;5002;1992;N;4
4871;5002;1993;N;4
4872;5002;1994;N;4
4873;5002;1995;N;4
4874;5002;1996;N;4
4875;5002;1997;N;4
4876;5002;1998;N;4
4877;5002;1999;N;4
4878;5002;2000;N;4
4879;5002;2001;N;4
4880;5002;2002;N;4
4881;5002;2003;N;4
4882;5002;2004;N;4
4883;5002;2005;N;4
4884;5002;2006;N;4
4885;5002;2007;N;4
4886;5002;2008;N;4
4887;5002;2009;N;4
4888;5002;2010;N;4
4889;5002;2011;N;4
4890;5002;2012;N;4
4891;5002;2013;N;4
4892;5002;2014;N;4
4893;5002;2015;N;4
4894;5002;2016;N;4
4895;5002;2017;N;4
4896;5002;2018;N;4
4897;5002;2019;N;4
4898;5002;2021;N;4
4899;5002;2022;N;4
4900;5002;2023;N;4
4901;5002;2024;N;4
4902;5002;2025;N;4
4903;5003;1976;N;4
4904;5003;1977;N;4
4905;5003;1978;N;4
4906;5003;1979;N;4
4907;5003;1980;N;4
4908;5003;1981;N;4
4909;5003;1982;N;4
4910;5003;1983;N;4
4911;5003;1984;N;4
4912;5003;1985;N;4
4913;5003;1988;N;4
4914;5003;1989;N;4
4915;5003;1990;N;4
4916;5003;1991;N;4
4917;5003;1992;N;4
4918;5003;1997;N;4
4919;5003;1998;N;4
4920;5003;1999;N;4
4921;5003;2001;N;4
4922;5003;2002;N;4
4923;5003;2003;N;4
4924;5003;2004;N;4
4925;5003;2005;N;4
4926;5003;2006;N;4
4927;5003;2007;N;4
4928;5003;2008;N;4
4929;5003;2009;N;4
4930;5003;2010;N;4
4931;5003;2011;N;4
4932;5003;2012;N;4
4933;5003;2013;N;4
4934;5003;2014;N;4
4935;5003;2015;N;4
4936;5003;2016;N;4
4937;5003;2017;N;4
4938;5003;2018;N;4
4939;5003;2019;N;4
4940;5003;2020;N;4
4941;5003;2021;N;4
4942;5003;2022;N;4
4943;5003;2023;N;4
4944;5003;2024;N;4
4945;5003;2025;N;4
4946;5004;1978;N;4
4947;5004;1980;N;4
4948;5004;1981;N;4
4949;5004;1982;N;4
4950;5004;1984;N;4
4951;5004;1992;N;4
4952;5004;1993;N;4
4953;5004;1994;N;4
4954;5004;1995;N;4
4955;5004;1996;N;4
4956;5004;1997;N;4
4957;5004;1998;N;4
4958;5004;1999;N;4
4959;5004;2000;N;4
4960;5004;2001;N;4
4961;5004;2002;N;4
4962;5004;2003;N;4
4963;5004;2004;N;4
4964;5004;2005;N;4
4965;5004;2006;N;4
4966;5004;2007;N;4
4967;5004;2008;N;4
4968;5004;2009;N;4
4969;5004;2010;N;4
4970;5004;2011;N;4
4971;5004;2012;N;4
4972;5004;2013;N;4
4973;5004;2014;N;4
4974;5004;2015;N;4
4975;5004;2016;N;4
4976;5004;2017;N;4
4977;5004;2018;N;4
4978;5004;2019;N;4
4979;5004;2020;N;4
4980;5004;2021;N;4
4981;5004;2022;N;4
4982;5004;2023;N;4
4983;5004;2024;N;4
4984;5004;2025;N;4
4985;5005;1980;N;4
4986;5005;1999;N;4
4987;5005;2000;N;4
4988;5005;2001;N;4
4989;5005;2004;N;4
4990;5005;2005;N;4
4991;5005;2006;N;4
4992;5005;2007;N;4
4993;5005;2008;N;4
4994;5005;2009;N;4
4995;5005;2010;N;4
4996;5005;2011;N;4
4997;5005;2012;N;4
4998;5005;2013;N;4
4999;5005;2014;N;4
5000;5005;2015;N;4
5001;5005;2016;N;4
5002;5005;2017;N;4
5003;5005;2018;N;4
5004;5005;2019;N;4
5005;5005;2021;N;4
5006;5005;2022;N;4
5007;5005;2023;N;4
5008;5005;2024;N;4
5009;5005;2025;N;4
5010;5006;1981;N;4
5011;5007;1982;N;4
5012;5007;1984;N;4
5013;5007;1985;N;4
5014;5007;1986;N;4
5015;5007;1987;N;4
5016;5007;1988;N;4
5017;5007;1989;N;4
5018;5007;1990;N;4
5019;5007;1991;N;4
5020;5007;1992;N;4
5021;5007;1993;N;4
5022;5007;1994;N;4
5023;5007;1995;N;4
5024;5007;1996;N;4
5025;5007;1997;N;4
5026;5007;1998;N;4
5027;5007;1999;N;4
5028;5007;2000;N;4
5029;5007;2001;N;4
5030;5007;2002;N;4
5031;5007;2003;N;4
5032;5007;2004;N;4
5033;5007;2005;N;4
5034;5007;2006;N;4
5035;5007;2007;N;4
5036;5007;2008;N;4
5037;5007;2009;N;4
5038;5007;2010;N;4
5039;5007;2011;N;4
5040;5007;2012;N;4
5041;5007;2013;N;4
5042;5007;2014;N;4
5043;5007;2015;N;4
5044;5007;2016;N;4
5045;5007;2017;N;4
5046;5007;2018;N;4
5047;5007;2019;N;4
5048;5007;2020;N;4
5049;5007;2021;N;4
5050;5007;2022;N;4
5051;5007;2023;N;4
5052;5007;2024;N;4
5053;5007;2025;N;4
5054;5008;1984;N;4
5055;5008;1988;N;4
5056;5008;1990;N;4
5057;5008;1991;N;4
5058;5008;1993;N;4
5059;5008;1994;N;4
5060;5008;1995;N;4
5061;5008;1996;N;4
5062;5008;1997;N;4
5063;5008;1998;N;4
5064;5008;1999;N;4
5065;5008;2000;N;4
5066;5008;2001;N;4
5067;5008;2002;N;4
5068;5008;2003;N;4
5069;5008;2004;N;4
5070;5008;2005;N;4
5071;5008;2006;N;4
5072;5008;2007;N;4
5073;5008;2008;N;4
5074;5008;2009;N;4
5075;5008;2010;N;4
5076;5008;2011;N;4
5077;5008;2012;N;4
5078;5008;2013;N;4
5079;5008;2014;N;4
5080;5008;2015;N;4
5081;5008;2016;N;4
5082;5008;2017;N;4
5083;5008;2018;N;4
5084;5008;2019;N;4
5085;5008;2020;N;4
5086;5008;2021;N;4
5087;5008;2022;N;4
5088;5008;2023;N;4
5089;5008;2024;N;4
5090;5008;2025;N;4
5091;5009;1987;N;4
5092;5009;1988;N;4
5093;5009;1989;N;4
5094;5009;1990;N;4
5095;5009;1991;N;4
5096;5009;1992;N;4
5097;5009;1993;N;4
5098;5009;1994;N;4
5099;5009;1995;N;4
5100;5009;1996;N;4
5101;5009;1997;N;4
5102;5009;1998;N;4
5103;5009;1999;N;4
5104;5009;2000;N;4
5105;5009;2001;N;4
5106;5009;2002;N;4
5107;5009;2003;N;4
5108;5009;2004;N;4
5109;5009;2005;N;4
5110;5009;2006;N;4
5111;5009;2007;N;4
5112;5009;2008;N;4
5113;5009;2009;N;4
5114;5009;2010;N;4
5115;5009;2011;N;4
5116;5009;2012;N;4
5117;5009;2013;N;4
5118;5009;2014;N;4
5119;5009;2015;N;4
5120;5009;2016;N;4
5121;5009;2017;N;4
5122;5009;2018;N;4
5123;5009;2019;N;4
5124;5009;2020;N;4
5125;5009;2021;N;4
5126;5009;2022;N;4
5127;5009;2023;N;4
5128;5009;2024;N;4
5129;5009;2025;N;4
5130;5010;1987;N;4
5131;5010;1988;N;4
5132;5010;1989;N;4
5133;5010;1990;N;4
5134;5010;1991;N;4
5135;5010;1992;N;4
5136;5010;1993;N;4
5137;5010;1995;N;4
5138;5010;1996;N;4
5139;5010;1997;N;4
5140;5010;1998;N;4
5141;5010;1999;N;4
5142;5010;2000;N;4
5143;5010;2001;N;4
5144;5010;2002;N;4
5145;5010;2003;N;4
5146;5010;2004;N;4
5147;5010;2005;N;4
5148;5010;2006;N;4
5149;5010;2007;N;4
5150;5010;2008;N;4
5151;5010;2009;N;4
5152;5010;2010;N;4
5153;5010;2011;N;4
5154;5010;2012;N;4
5155;5010;2013;N;4
5156;5010;2014;N;4
5157;5010;2015;N;4
5158;5010;2016;N;4
5159;5010;2017;N;4
5160;5010;2018;N;4
5161;5010;2019;N;4
5162;5010;2020;N;4
5163;5010;2021;N;4
5164;5010;2022;N;4
5165;5010;2023;N;4
5166;5010;2024;N;4
5167;5010;2025;N;4
5168;5011;1989;N;4
5169;5011;1990;N;4
5170;5011;1992;N;4
5171;5011;1998;N;4
5172;5011;1999;N;4
5173;5011;2000;N;4
5174;5011;2001;N;4
5175;5011;2002;N;4
5176;5011;2003;N;4
5177;5011;2004;N;4
5178;5011;2006;N;4
5179;5011;2007;N;4
5180;5011;2008;N;4
5181;5011;2009;N;4
5182;5011;2010;N;4
5183;5011;2011;N;4
5184;5011;2012;N;4
5185;5011;2013;N;4
5186;5011;2014;N;4
5187;5011;2015;N;4
5188;5011;2016;N;4
5189;5011;2017;N;4
5190;5011;2018;N;4
5191;5011;2019;N;4
5192;5011;2020;N;4
5193;5011;2021;N;4
5194;5011;2022;N;4
5195;5011;2023;N;4
5196;5011;2024;N;4
5197;5011;2025;N;4
5198;5012;1991;N;4
5199;5012;1992;N;4
5200;5012;1993;N;4
5201;5012;1994;N;4
5202;5012;1995;N;4
5203;5012;1996;N;4
5204;5012;1997;N;4
5205;5012;1998;N;4
5206;5012;1999;N;4
5207;5012;2000;N;4
5208;5012;2001;N;4
5209;5012;2002;N;4
5210;5012;2003;N;4
5211;5012;2004;N;4
5212;5012;2005;N;4
5213;5012;2006;N;4
5214;5012;2007;N;4
5215;5012;2008;N;4
5216;5012;2009;N;4
5217;5012;2010;N;4
5218;5012;2011;N;4
5219;5012;2012;N;4
5220;5012;2013;N;4
5221;5012;2014;N;4
5222;5012;2015;N;4
5223;5012;2016;N;4
5224;5012;2017;N;4
5225;5012;2018;N;4
5226;5012;2019;N;4
5227;5012;2020;N;4
5228;5012;2021;N;4
5229;5012;2022;N;4
5230;5012;2023;N;4
5231;5012;2024;N;4
5232;5012;2025;N;4
5233;5013;1991;N;4
5234;5013;1992;N;4
5235;5013;1993;N;4
5236;5013;1994;N;4
5237;5013;1995;N;4
5238;5013;1996;N;4
5239;5013;1997;N;4
5240;5013;1998;N;4
5241;5013;1999;N;4
5242;5013;2000;N;4
5243;5013;2001;N;4
5244;5013;2002;N;4
5245;5013;2003;N;4
5246;5013;2004;N;4
5247;5013;2005;N;4
5248;5013;2006;N;4
5249;5013;2007;N;4
5250;5013;2008;N;4
5251;5013;2009;N;4
5252;5013;2010;N;4
5253;5013;2011;N;4
5254;5013;2012;N;4
5255;5013;2013;N;4
5256;5013;2014;N;4
5257;5013;2015;N;4
5258;5013;2016;N;4
5259;5013;2017;N;4
5260;5013;2018;N;4
5261;5013;2019;N;4
5262;5013;2021;N;4
5263;5013;2022;N;4
5264;5013;2023;N;4
5265;5013;2024;N;4
5266;5013;2025;N;4
5267;5014;1992;N;4
5268;5015;1993;N;4
5269;5015;1994;N;4
5270;5015;1995;N;4
5271;5015;1996;N;4
5272;5015;1997;N;4
5273;5015;1998;N;4
5274;5015;1999;N;4
5275;5015;2000;N;4
5276;5015;2001;N;4
5277;5015;2002;N;4
5278;5015;2003;N;4
5279;5015;2004;N;4
5280;5015;2006;N;4
5281;5015;2007;N;4
5282;5015;2008;N;4
5283;5015;2009;N;4
5284;5015;2010;N;4
5285;5015;2011;N;4
5286;5015;2012;N;4
5287;5015;2013;N;4
5288;5015;2014;N;4
5289;5015;2015;N;4
5290;5015;2016;N;4
5291;5015;2017;N;4
5292;5015;2018;N;4
5293;5015;2019;N;4
5294;5015;2020;N;4
5295;5015;2021;N;4
5296;5015;2022;N;4
5297;5015;2023;N;4
5298;5015;2024;N;4
5299;5015;2025;N;4
5300;5016;1993;N;4
5301;5016;1994;N;4
5302;5016;1995;N;4
5303;5016;1996;N;4
5304;5016;1997;N;4
5305;5016;1998;N;4
5306;5016;1999;N;4
5307;5016;2000;N;4
5308;5016;2001;N;4
5309;5016;2002;N;4
5310;5016;2003;N;4
5311;5016;2004;N;4
5312;5016;2005;N;4
5313;5016;2006;N;4
5314;5016;2007;N;4
5315;5016;2008;N;4
5316;5016;2009;N;4
5317;5016;2010;N;4
5318;5016;2011;N;4
5319;5016;2012;N;4
5320;5016;2013;N;4
5321;5016;2014;N;4
5322;5016;2015;N;4
5323;5016;2016;N;4
5324;5016;2017;N;4
5325;5016;2018;N;4
5326;5016;2019;N;4
5327;5016;2020;N;4
5328;5016;2021;N;4
5329;5016;2022;N;4
5330;5016;2023;N;4
5331;5017;1993;N;4
5332;5017;1994;N;4
5333;5017;1995;N;4
5334;5017;1996;N;4
5335;5017;1997;N;4
5336;5017;1998;N;4
5337;5017;1999;N;4
5338;5017;2000;N;4
5339;5017;2001;N;4
5340;5017;2002;N;4
5341;5017;2006;N;4
5342;5017;2008;N;4
5343;5017;2009;N;4
5344;5017;2010;N;4
5345;5017;2011;N;4
5346;5017;2012;N;4
5347;5017;2013;N;4
5348;5017;2014;N;4
5349;5017;2015;N;4
5350;5017;2016;N;4
5351;5017;2017;N;4
5352;5017;2018;N;4
5353;5017;2019;N;4
5354;5017;2020;N;4
5355;5017;2021;N;4
5356;5017;2022;N;4
5357;5017;2023;N;4
5358;5017;2024;N;4
5359;5017;2025;N;4
5360;5018;1993;N;4
5361;5018;1994;N;4
5362;5018;1995;N;4
5363;5018;1996;N;4
5364;5018;1997;N;4
5365;5018;1998;N;4
5366;5018;2000;N;4
5367;5018;2001;N;4
5368;5018;2002;N;4
5369;5018;2004;N;4
5370;5018;2005;N;4
5371;5018;2006;N;4
5372;5018;2007;N;4
5373;5018;2008;N;4
5374;5018;2009;N;4
5375;5018;2010;N;4
5376;5018;2011;N;4
5377;5018;2012;N;4
5378;5018;2013;N;4
5379;5018;2014;N;4
5380;5018;2015;N;4
5381;5018;2016;N;4
5382;5018;2017;N;4
5383;5018;2018;N;4
5384;5018;2019;N;4
5385;5018;2020;N;4
5386;5018;2021;N;4
5387;5018;2022;N;4
5388;5018;2023;N;4
5389;5018;2024;N;4
5390;5018;2025;N;4
5391;5019;1994;N;4
5392;5019;1995;N;4
5393;5019;1996;N;4
5394;5019;1997;N;4
5395;5019;1998;N;4
5396;5019;1999;N;4
5397;5019;2000;N;4
5398;5019;2001;N;4
5399;5019;2002;N;4
5400;5019;2003;N;4
5401;5019;2004;N;4
5402;5019;2005;N;4
5403;5019;2006;N;4
5404;5019;2007;N;4
5405;5019;2008;N;4
5406;5019;2009;N;4
5407;5019;2010;N;4
5408;5019;2011;N;4
5409;5019;2012;N;4
5410;5019;2013;N;4
5411;5019;2014;N;4
5412;5019;2015;N;4
5413;5019;2016;N;4
5414;5019;2017;N;4
5415;5019;2018;N;4
5416;5019;2019;N;4
5417;5019;2021;N;4
5418;5019;2022;N;4
5419;5019;2023;N;4
5420;5019;2024;N;4
5421;5019;2025;N;4
5422;5020;1994;N;4
5423;5020;1995;N;4
5424;5020;1996;N;4
5425;5020;1997;N;4
5426;5020;1998;N;4
5427;5020;1999;N;4
5428;5020;2000;N;4
5429;5020;2001;N;4
5430;5020;2002;N;4
5431;5020;2003;N;4
5432;5020;2004;N;4
5433;5020;2005;N;4
5434;5020;2006;N;4
5435;5020;2007;N;4
5436;5020;2009;N;4
5437;5020;2010;N;4
5438;5020;2011;N;4
5439;5020;2012;N;4
5440;5020;2013;N;4
5441;5020;2014;N;4
5442;5020;2015;N;4
5443;5020;2016;N;4
5444;5020;2017;N;4
5445;5020;2018;N;4
5446;5020;2019;N;4
5447;5020;2020;N;4
5448;5020;2021;N;4
5449;5020;2022;N;4
5450;5020;2023;N;4
5451;5020;2024;N;4
5452;5020;2025;N;4
5453;5021;1995;N;4
5454;5021;1996;N;4
5455;5021;1997;N;4
5456;5021;1998;N;4
5457;5021;1999;N;4
5458;5021;2000;N;4
5459;5021;2001;N;4
5460;5021;2002;N;4
5461;5021;2003;N;4
5462;5021;2004;N;4
5463;5021;2005;N;4
5464;5021;2006;N;4
5465;5021;2007;N;4
5466;5021;2008;N;4
5467;5021;2009;N;4
5468;5021;2010;N;4
5469;5021;2011;N;4
5470;5021;2012;N;4
5471;5021;2013;N;4
5472;5021;2014;N;4
5473;5021;2015;N;4
5474;5021;2016;N;4
5475;5021;2017;N;4
5476;5021;2018;N;4
5477;5021;2019;N;4
5478;5021;2020;N;4
5479;5021;2021;N;4
5480;5021;2022;N;4
5481;5021;2023;N;4
5482;5021;2024;N;4
5483;5021;2025;N;4
5484;5022;1995;N;4
5485;5022;1996;N;4
5486;5022;1998;N;4
5487;5022;1999;N;4
5488;5022;2002;N;4
5489;5022;2003;N;4
5490;5022;2004;N;4
5491;5022;2005;N;4
5492;5022;2006;N;4
5493;5022;2007;N;4
5494;5022;2008;N;4
5495;5022;2009;N;4
5496;5022;2010;N;4
5497;5022;2011;N;4
5498;5022;2012;N;4
5499;5022;2013;N;4
5500;5022;2014;N;4
5501;5022;2015;N;4
5502;5022;2016;N;4
5503;5022;2017;N;4
5504;5022;2018;N;4
5505;5022;2019;N;4
5506;5022;2020;N;4
5507;5022;2021;N;4
5508;5022;2022;N;4
5509;5022;2023;N;4
5510;5022;2024;N;4
5511;5022;2025;N;4
5512;5023;1995;N;4
5513;5023;1996;N;4
5514;5023;1997;N;4
5515;5023;1998;N;4
5516;5023;1999;N;4
5517;5023;2000;N;4
5518;5023;2001;N;4
5519;5023;2002;N;4
5520;5023;2003;N;4
5521;5023;2004;N;4
5522;5023;2005;N;4
5523;5023;2006;N;4
5524;5023;2007;N;4
5525;5023;2008;N;4
5526;5023;2009;N;4
5527;5023;2010;N;4
5528;5023;2011;N;4
5529;5023;2012;N;4
5530;5023;2013;N;4
5531;5023;2014;N;4
5532;5023;2015;N;4
5533;5023;2016;N;4
5534;5023;2017;N;4
5535;5023;2018;N;4
5536;5023;2019;N;4
5537;5023;2020;N;4
5538;5023;2021;N;4
5539;5023;2022;N;4
5540;5023;2023;N;4
5541;5023;2024;N;4
5542;5023;2025;N;4
5543;5024;1995;N;4
5544;5024;1996;N;4
5545;5024;1997;N;4
5546;5024;1998;N;4
5547;5024;1999;N;4
5548;5024;2000;N;4
5549;5024;2001;N;4
5550;5024;2002;N;4
5551;5024;2005;N;4
5552;5024;2006;N;4
5553;5024;2007;N;4
5554;5024;2008;N;4
5555;5024;2009;N;4
5556;5024;2010;N;4
5557;5024;2011;N;4
5558;5024;2012;N;4
5559;5024;2013;N;4
5560;5024;2014;N;4
5561;5024;2015;N;4
5562;5024;2016;N;4
5563;5024;2017;N;4
5564;5024;2018;N;4
5565;5024;2019;N;4
5566;5024;2020;N;4
5567;5024;2021;N;4
5568;5024;2023;N;4
5569;5024;2024;N;4
5570;5024;2025;N;4
5571;5025;1998;N;4
5572;5025;1999;N;4
5573;5025;2000;N;4
5574;5025;2001;N;4
5575;5025;2002;N;4
5576;5025;2003;N;4
5577;5025;2004;N;4
5578;5025;2005;N;4
5579;5025;2006;N;4
5580;5025;2007;N;4
5581;5025;2008;N;4
5582;5025;2009;N;4
5583;5025;2010;N;4
5584;5025;2011;N;4
5585;5025;2012;N;4
5586;5025;2013;N;4
5587;5025;2014;N;4
5588;5025;2015;N;4
5589;5025;2016;N;4
5590;5025;2017;N;4
5591;5025;2018;N;4
5592;5025;2019;N;4
5593;5025;2020;N;4
5594;5025;2021;N;4
5595;5025;2022;N;4
5596;5025;2023;N;4
5597;5025;2024;N;4
5598;5025;2025;N;4
5599;5026;1998;N;4
5600;5026;1999;N;4
5601;5026;2000;N;4
5602;5026;2001;N;4
5603;5026;2002;N;4
5604;5026;2003;N;4
5605;5026;2004;N;4
5606;5026;2005;N;4
5607;5026;2006;N;4
5608;5026;2007;N;4
5609;5026;2008;N;4
5610;5026;2009;N;4
5611;5026;2010;N;4
5612;5026;2011;N;4
5613;5026;2012;N;4
5614;5026;2013;N;4
5615;5026;2014;N;4
5616;5026;2015;N;4
5617;5026;2016;N;4
5618;5026;2017;N;4
5619;5026;2018;N;4
5620;5026;2019;N;4
5621;5026;2021;N;4
5622;5026;2022;N;4
5623;5026;2023;N;4
5624;5026;2024;N;4
5625;5026;2025;N;4
5626;5027;1998;N;4
5627;5027;2005;N;4
5628;5027;2007;N;4
5629;5027;2019;N;4
5630;5027;2020;N;4
5631;5027;2022;N;4
5632;5027;2023;N;4
5633;5027;2024;N;4
5634;5027;2025;N;4
5635;5028;1998;N;4
5636;5028;1999;N;4
5637;5028;2000;N;4
5638;5028;2001;N;4
5639;5028;2002;N;4
5640;5028;2003;N;4
5641;5028;2006;N;4
5642;5028;2007;N;4
5643;5028;2008;N;4
5644;5028;2009;N;4
5645;5028;2010;N;4
5646;5028;2011;N;4
5647;5028;2012;N;4
5648;5028;2013;N;4
5649;5028;2014;N;4
5650;5028;2015;N;4
5651;5028;2016;N;4
5652;5028;2017;N;4
5653;5028;2018;N;4
5654;5028;2019;N;4
5655;5028;2020;N;4
5656;5028;2021;N;4
5657;5028;2022;N;4
5658;5028;2023;N;4
5659;5028;2024;N;4
5660;5028;2025;N;4
5661;5029;1998;N;4
5662;5029;1999;N;4
5663;5029;2002;N;4
5664;5029;2004;N;4
5665;5029;2005;N;4
5666;5029;2006;N;4
5667;5029;2007;N;4
5668;5029;2008;N;4
5669;5029;2009;N;4
5670;5029;2010;N;4
5671;5029;2011;N;4
5672;5029;2012;N;4
5673;5029;2013;N;4
5674;5029;2014;N;4
5675;5029;2015;N;4
5676;5029;2016;N;4
5677;5029;2017;N;4
5678;5029;2018;N;4
5679;5029;2019;N;4
5680;5029;2021;N;4
5681;5029;2022;N;4
5682;5029;2023;N;4
5683;5029;2024;N;4
5684;5029;2025;N;4
5685;5030;1999;N;4
5686;5030;2001;N;4
5687;5030;2002;N;4
5688;5030;2003;N;4
5689;5031;1999;N;4
5690;5031;2000;N;4
5691;5031;2001;N;4
5692;5031;2003;N;4
5693;5031;2006;N;4
5694;5031;2007;N;4
5695;5031;2008;N;4
5696;5031;2009;N;4
5697;5031;2010;N;4
5698;5031;2011;N;4
5699;5031;2012;N;4
5700;5031;2013;N;4
5701;5031;2014;N;4
5702;5031;2015;N;4
5703;5031;2016;N;4
5704;5031;2017;N;4
5705;5031;2018;N;4
5706;5031;2019;N;4
5707;5031;2020;N;4
5708;5031;2021;N;4
5709;5031;2025;N;4
5710;5032;1999;N;4
5711;5032;2000;N;4
5712;5032;2001;N;4
5713;5032;2003;N;4
5714;5032;2004;N;4
5715;5032;2005;N;4
5716;5032;2006;N;4
5717;5032;2007;N;4
5718;5032;2008;N;4
5719;5032;2009;N;4
5720;5032;2010;N;4
5721;5032;2011;N;4
5722;5032;2012;N;4
5723;5032;2013;N;4
5724;5032;2014;N;4
5725;5032;2015;N;4
5726;5032;2016;N;4
5727;5032;2017;N;4
5728;5032;2018;N;4
5729;5032;2019;N;4
5730;5032;2020;N;4
5731;5032;2021;N;4
5732;5032;2023;N;4
5733;5033;1999;N;4
5734;5033;2000;N;4
5735;5033;2001;N;4
5736;5033;2002;N;4
5737;5033;2003;N;4
5738;5033;2004;N;4
5739;5033;2005;N;4
5740;5033;2006;N;4
5741;5033;2007;N;4
5742;5033;2008;N;4
5743;5033;2009;N;4
5744;5033;2010;N;4
5745;5033;2011;N;4
5746;5033;2012;N;4
5747;5033;2013;N;4
5748;5033;2014;N;4
5749;5033;2015;N;4
5750;5033;2016;N;4
5751;5033;2017;N;4
5752;5033;2018;N;4
5753;5033;2019;N;4
5754;5033;2020;N;4
5755;5033;2021;N;4
5756;5033;2022;N;4
5757;5033;2023;N;4
5758;5033;2024;N;4
5759;5033;2025;N;4
5760;5034;1999;N;4
5761;5034;2000;N;4
5762;5034;2006;N;4
5763;5034;2007;N;4
5764;5034;2008;N;4
5765;5034;2009;N;4
5766;5034;2010;N;4
5767;5034;2011;N;4
5768;5034;2012;N;4
5769;5034;2013;N;4
5770;5034;2014;N;4
5771;5034;2015;N;4
5772;5034;2016;N;4
5773;5034;2017;N;4
5774;5034;2018;N;4
5775;5034;2019;N;4
5776;5034;2021;N;4
5777;5034;2022;N;4
5778;5034;2023;N;4
5779;5034;2024;N;4
5780;5034;2025;N;4
5781;5035;1999;N;4
5782;5035;2000;N;4
5783;5035;2001;N;4
5784;5035;2006;N;4
5785;5035;2008;N;4
5786;5035;2010;N;4
5787;5035;2014;N;4
5788;5035;2015;N;4
5789;5035;2016;N;4
5790;5035;2017;N;4
5791;5035;2018;N;4
5792;5035;2019;N;4
5793;5035;2022;N;4
5794;5035;2023;N;4
5795;5035;2024;N;4
5796;5035;2025;N;4
5797;5036;1999;N;4
5798;5036;2002;N;4
5799;5036;2003;N;4
5800;5036;2006;N;4
5801;5036;2007;N;4
5802;5036;2008;N;4
5803;5036;2009;N;4
5804;5036;2010;N;4
5805;5036;2011;N;4
5806;5036;2012;N;4
5807;5036;2013;N;4
5808;5036;2014;N;4
5809;5036;2015;N;4
5810;5036;2016;N;4
5811;5036;2017;N;4
5812;5036;2018;N;4
5813;5036;2019;N;4
5814;5036;2020;N;4
5815;5036;2021;N;4
5816;5036;2022;N;4
5817;5036;2023;N;4
5818;5036;2024;N;4
5819;5036;2025;N;4
5820;5037;1999;N;4
5821;5037;2013;N;4
5822;5037;2014;N;4
5823;5037;2015;N;4
5824;5037;2016;N;4
5825;5037;2017;N;4
5826;5037;2018;N;4
5827;5037;2019;N;4
5828;5037;2022;N;4
5829;5037;2023;N;4
5830;5037;2024;N;4
5831;5037;2025;N;4
5832;5038;1999;N;4
5833;5038;2000;N;4
5834;5038;2001;N;4
5835;5038;2002;N;4
5836;5038;2003;N;4
5837;5038;2004;N;4
5838;5038;2006;N;4
5839;5038;2007;N;4
5840;5038;2008;N;4
5841;5038;2009;N;4
5842;5038;2010;N;4
5843;5038;2011;N;4
5844;5038;2012;N;4
5845;5038;2013;N;4
5846;5038;2014;N;4
5847;5038;2015;N;4
5848;5038;2016;N;4
5849;5038;2017;N;4
5850;5038;2018;N;4
5851;5038;2019;N;4
5852;5038;2020;N;4
5853;5038;2021;N;4
5854;5038;2022;N;4
5855;5038;2023;N;4
5856;5038;2024;N;4
5857;5038;2025;N;4
5858;5039;1999;N;4
5859;5039;2003;N;4
5860;5039;2004;N;4
5861;5039;2006;N;4
5862;5039;2007;N;4
5863;5039;2008;N;4
5864;5039;2009;N;4
5865;5039;2010;N;4
5866;5039;2011;N;4
5867;5039;2012;N;4
5868;5039;2013;N;4
5869;5039;2014;N;4
5870;5039;2015;N;4
5871;5039;2016;N;4
5872;5039;2017;N;4
5873;5039;2018;N;4
5874;5039;2019;N;4
5875;5039;2020;N;4
5876;5039;2021;N;4
5877;5039;2022;N;4
5878;5039;2023;N;4
5879;5039;2024;N;4
5880;5039;2025;N;4
5881;5040;1999;N;4
5882;5040;2001;N;4
5883;5040;2002;N;4
5884;5040;2003;N;4
5885;5040;2006;N;4
5886;5040;2007;N;4
5887;5040;2008;N;4
5888;5040;2009;N;4
5889;5040;2010;N;4
5890;5040;2011;N;4
5891;5040;2012;N;4
5892;5040;2013;N;4
5893;5040;2014;N;4
5894;5040;2015;N;4
5895;5040;2016;N;4
5896;5040;2017;N;4
5897;5040;2018;N;4
5898;5040;2019;N;4
5899;5040;2020;N;4
5900;5040;2021;N;4
5901;5040;2022;N;4
5902;5040;2023;N;4
5903;5040;2024;N;4
5904;5040;2025;N;4
5905;5041;2000;N;4
5906;5041;2015;N;4
5907;5042;2000;N;4
5908;5042;2001;N;4
5909;5042;2002;N;4
5910;5042;2003;N;4
5911;5042;2005;N;4
5912;5042;2006;N;4
5913;5042;2007;N;4
5914;5042;2008;N;4
5915;5042;2009;N;4
5916;5042;2010;N;4
5917;5042;2011;N;4
5918;5042;2012;N;4
5919;5042;2013;N;4
5920;5042;2014;N;4
5921;5042;2015;N;4
5922;5042;2016;N;4
5923;5042;2017;N;4
5924;5042;2018;N;4
5925;5042;2019;N;4
5926;5042;2021;N;4
5927;5042;2022;N;4
5928;5042;2023;N;4
5929;5042;2024;N;4
5930;5042;2025;N;4
5931;5043;2000;N;4
5932;5043;2001;N;4
5933;5043;2002;N;4
5934;5043;2003;N;4
5935;5043;2005;N;4
5936;5043;2006;N;4
5937;5043;2007;N;4
5938;5043;2008;N;4
5939;5043;2009;N;4
5940;5043;2010;N;4
5941;5043;2011;N;4
5942;5043;2012;N;4
5943;5043;2013;N;4
5944;5043;2014;N;4
5945;5043;2015;N;4
5946;5043;2016;N;4
5947;5043;2017;N;4
5948;5043;2018;N;4
5949;5043;2019;N;4
5950;5043;2020;N;4
5951;5043;2021;N;4
5952;5043;2022;N;4
5953;5043;2023;N;4
5954;5043;2024;N;4
5955;5043;2025;N;4
5956;5044;2000;N;4
5957;5044;2001;N;4
5958;5044;2002;N;4
5959;5044;2008;N;4
5960;5044;2009;N;4
5961;5044;2010;N;4
5962;5044;2011;N;4
5963;5044;2013;N;4
5964;5044;2014;N;4
5965;5044;2016;N;4
5966;5044;2021;N;4
5967;5044;2022;N;4
5968;5044;2023;N;4
5969;5044;2024;N;4
5970;5044;2025;N;4
5971;5045;2001;N;4
5972;5045;2002;N;4
5973;5045;2007;N;4
5974;5045;2013;N;4
5975;5045;2015;N;4
5976;5045;2016;N;4
5977;5045;2017;N;4
5978;5045;2018;N;4
5979;5045;2019;N;4
5980;5045;2020;N;4
5981;5045;2021;N;4
5982;5045;2022;N;4
5983;5045;2023;N;4
5984;5045;2024;N;4
5985;5045;2025;N;4
5986;5046;2001;N;4
5987;5046;2013;N;4
5988;5046;2014;N;4
5989;5046;2017;N;4
5990;5046;2018;N;4
5991;5046;2019;N;4
5992;5046;2020;N;4
5993;5046;2021;N;4
5994;5046;2022;N;4
5995;5046;2023;N;4
5996;5046;2024;N;4
5997;5046;2025;N;4
5998;5047;2001;N;4
5999;5047;2002;N;4
6000;5047;2010;N;4
6001;5047;2011;N;4
6002;5047;2012;N;4
6003;5047;2013;N;4
6004;5047;2014;N;4
6005;5047;2015;N;4
6006;5047;2016;N;4
6007;5047;2017;N;4
6008;5047;2018;N;4
6009;5047;2019;N;4
6010;5047;2021;N;4
6011;5047;2022;N;4
6012;5047;2023;N;4
6013;5047;2024;N;4
6014;5047;2025;N;4
6015;5048;2002;N;4
6016;5048;2003;N;4
6017;5048;2006;N;4
6018;5048;2007;N;4
6019;5048;2008;N;4
6020;5048;2009;N;4
6021;5048;2010;N;4
6022;5048;2011;N;4
6023;5048;2012;N;4
6024;5048;2013;N;4
6025;5048;2014;N;4
6026;5048;2015;N;4
6027;5048;2016;N;4
6028;5048;2017;N;4
6029;5048;2018;N;4
6030;5048;2019;N;4
6031;5048;2020;N;4
6032;5048;2021;N;4
6033;5048;2022;N;4
6034;5048;2023;N;4
6035;5048;2024;N;4
6036;5048;2025;N;4
6037;5049;2003;N;4
6038;5049;2006;N;4
6039;5049;2007;N;4
6040;5049;2008;N;4
6041;5049;2009;N;4
6042;5049;2010;N;4
6043;5049;2011;N;4
6044;5049;2012;N;4
6045;5049;2013;N;4
6046;5049;2014;N;4
6047;5049;2015;N;4
6048;5049;2016;N;4
6049;5049;2017;N;4
6050;5049;2018;N;4
6051;5049;2019;N;4
6052;5049;2021;N;4
6053;5049;2022;N;4
6054;5049;2023;N;4
6055;5049;2024;N;4
6056;5049;2025;N;4
6057;5050;2003;N;4
6058;5050;2007;N;4
6059;5050;2008;N;4
6060;5050;2009;N;4
6061;5050;2010;N;4
6062;5050;2011;N;4
6063;5050;2012;N;4
6064;5050;2013;N;4
6065;5050;2014;N;4
6066;5050;2015;N;4
6067;5050;2016;N;4
6068;5050;2017;N;4
6069;5050;2018;N;4
6070;5050;2019;N;4
6071;5050;2020;N;4
6072;5050;2021;N;4
6073;5050;2022;N;4
6074;5050;2023;N;4
6075;5050;2024;N;4
6076;5050;2025;N;4
6077;5051;2004;N;4
6078;5051;2007;N;4
6079;5051;2010;N;4
6080;5051;2011;N;4
6081;5051;2013;N;4
6082;5051;2014;N;4
6083;5051;2015;N;4
6084;5051;2017;N;4
6085;5051;2022;N;4
6086;5051;2024;N;4
6087;5051;2025;N;4
6088;5052;2004;N;4
6089;5052;2005;N;4
6090;5052;2006;N;4
6091;5052;2007;N;4
6092;5052;2008;N;4
6093;5052;2009;N;4
6094;5052;2010;N;4
6095;5052;2011;N;4
6096;5052;2012;N;4
6097;5052;2013;N;4
6098;5052;2014;N;4
6099;5052;2015;N;4
6100;5052;2016;N;4
6101;5052;2017;N;4
6102;5052;2018;N;4
6103;5052;2019;N;4
6104;5052;2020;N;4
6105;5052;2021;N;4
6106;5052;2022;N;4
6107;5052;2023;N;4
6108;5052;2024;N;4
6109;5052;2025;N;4
6110;5053;2004;N;4
6111;5053;2007;N;4
6112;5053;2009;N;4
6113;5053;2010;N;4
6114;5053;2011;N;4
6115;5053;2012;N;4
6116;5053;2013;N;4
6117;5053;2014;N;4
6118;5053;2016;N;4
6119;5053;2017;N;4
6120;5053;2018;N;4
6121;5053;2019;N;4
6122;5053;2020;N;4
6123;5053;2021;N;4
6124;5053;2022;N;4
6125;5053;2023;N;4
6126;5053;2024;N;4
6127;5053;2025;N;4
6128;5054;2005;N;4
6129;5054;2007;N;4
6130;5054;2009;N;4
6131;5054;2010;N;4
6132;5054;2011;N;4
6133;5054;2012;N;4
6134;5054;2013;N;4
6135;5054;2014;N;4
6136;5054;2015;N;4
6137;5054;2016;N;4
6138;5054;2017;N;4
6139;5054;2018;N;4
6140;5054;2019;N;4
6141;5054;2020;N;4
6142;5054;2021;N;4
6143;5054;2023;N;4
6144;5054;2024;N;4
6145;5054;2025;N;4
6146;5055;2005;N;4
6147;5055;2006;N;4
6148;5055;2007;N;4
6149;5055;2008;N;4
6150;5055;2009;N;4
6151;5055;2010;N;4
6152;5055;2015;N;4
6153;5055;2016;N;4
6154;5055;2017;N;4
6155;5055;2018;N;4
6156;5055;2019;N;4
6157;5055;2021;N;4
6158;5055;2022;N;4
6159;5055;2023;N;4
6160;5055;2024;N;4
6161;5055;2025;N;4
6162;5056;2005;N;4
6163;5056;2006;N;4
6164;5056;2007;N;4
6165;5056;2008;N;4
6166;5056;2009;N;4
6167;5056;2010;N;4
6168;5056;2011;N;4
6169;5056;2015;N;4
6170;5056;2016;N;4
6171;5056;2017;N;4
6172;5056;2018;N;4
6173;5056;2019;N;4
6174;5056;2020;N;4
6175;5056;2021;N;4
6176;5056;2022;N;4
6177;5056;2023;N;4
6178;5056;2024;N;4
6179;5056;2025;N;4
6180;5057;2006;N;4
6181;5058;2006;N;4
6182;5058;2007;N;4
6183;5058;2008;N;4
6184;5058;2010;N;4
6185;5058;2011;N;4
6186;5058;2012;N;4
6187;5058;2013;N;4
6188;5058;2014;N;4
6189;5058;2015;N;4
6190;5058;2019;N;4
6191;5059;2006;N;4
6192;5059;2008;N;4
6193;5059;2011;N;4
6194;5059;2012;N;4
6195;5059;2013;N;4
6196;5059;2014;N;4
6197;5059;2015;N;4
6198;5059;2016;N;4
6199;5059;2017;N;4
6200;5059;2018;N;4
6201;5059;2020;N;4
6202;5059;2021;N;4
6203;5059;2023;N;4
6204;5059;2024;N;4
6205;5060;2006;N;4
6206;5060;2007;N;4
6207;5060;2008;N;4
6208;5060;2009;N;4
6209;5060;2010;N;4
6210;5060;2011;N;4
6211;5060;2012;N;4
6212;5060;2013;N;4
6213;5060;2014;N;4
6214;5060;2015;N;4
6215;5060;2016;N;4
6216;5060;2017;N;4
6217;5060;2018;N;4
6218;5060;2019;N;4
6219;5060;2020;N;4
6220;5060;2021;N;4
6221;5060;2022;N;4
6222;5060;2023;N;4
6223;5060;2024;N;4
6224;5060;2025;N;4
6225;5061;2006;N;4
6226;5061;2007;N;4
6227;5061;2009;N;4
6228;5061;2010;N;4
6229;5061;2011;N;4
6230;5061;2012;N;4
6231;5061;2013;N;4
6232;5061;2014;N;4
6233;5061;2015;N;4
6234;5061;2016;N;4
6235;5061;2017;N;4
6236;5061;2018;N;4
6237;5061;2019;N;4
6238;5061;2020;N;4
6239;5061;2021;N;4
6240;5061;2022;N;4
6241;5061;2023;N;4
6242;5061;2024;N;4
6243;5061;2025;N;4
6244;5062;2006;N;4
6245;5062;2010;N;4
6246;5062;2011;N;4
6247;5062;2012;N;4
6248;5062;2013;N;4
6249;5062;2014;N;4
6250;5062;2015;N;4
6251;5062;2017;N;4
6252;5062;2018;N;4
6253;5062;2019;N;4
6254;5062;2021;N;4
6255;5062;2022;N;4
6256;5062;2023;N;4
6257;5062;2024;N;4
6258;5062;2025;N;4
6259;5063;2007;N;4
6260;5063;2008;N;4
6261;5063;2009;N;4
6262;5064;2007;N;4
6263;5064;2009;N;4
6264;5064;2010;N;4
6265;5064;2011;N;4
6266;5065;2007;N;4
6267;5065;2015;N;4
6268;5065;2016;N;4
6269;5065;2017;N;4
6270;5065;2018;N;4
6271;5065;2019;N;4
6272;5065;2020;N;4
6273;5065;2021;N;4
6274;5065;2022;N;4
6275;5065;2023;N;4
6276;5065;2024;N;4
6277;5065;2025;N;4
6278;5066;2007;N;4
6279;5066;2022;N;4
6280;5066;2023;N;4
6281;5066;2024;N;4
6282;5066;2025;N;4
6283;5067;2007;N;4
6284;5067;2011;N;4
6285;5067;2012;N;4
6286;5067;2020;N;4
6287;5067;2021;N;4
6288;5067;2022;N;4
6289;5067;2023;N;4
6290;5067;2024;N;4
6291;5067;2025;N;4
6292;5068;2007;N;4
6293;5068;2009;N;4
6294;5068;2010;N;4
6295;5068;2011;N;4
6296;5068;2012;N;4
6297;5068;2013;N;4
6298;5068;2014;N;4
6299;5068;2015;N;4
6300;5068;2016;N;4
6301;5068;2017;N;4
6302;5068;2018;N;4
6303;5068;2019;N;4
6304;5068;2020;N;4
6305;5068;2021;N;4
6306;5068;2022;N;4
6307;5068;2023;N;4
6308;5068;2024;N;4
6309;5068;2025;N;4
6310;5069;2007;N;4
6311;5069;2008;N;4
6312;5069;2009;N;4
6313;5069;2010;N;4
6314;5069;2012;N;4
6315;5069;2013;N;4
6316;5069;2014;N;4
6317;5069;2015;N;4
6318;5069;2016;N;4
6319;5069;2017;N;4
6320;5069;2018;N;4
6321;5069;2019;N;4
6322;5069;2020;N;4
6323;5069;2021;N;4
6324;5069;2022;N;4
6325;5069;2023;N;4
6326;5069;2024;N;4
6327;5069;2025;N;4
6328;5070;2008;N;4
6329;5070;2009;N;4
6330;5071;2008;N;4
6331;5071;2012;N;4
6332;5071;2013;N;4
6333;5071;2015;N;4
6334;5071;2016;N;4
6335;5071;2017;N;4
6336;5072;2008;N;4
6337;5072;2010;N;4
6338;5072;2019;N;4
6339;5072;2023;N;4
6340;5072;2025;N;4
6341;5073;2008;N;4
6342;5073;2009;N;4
6343;5073;2010;N;4
6344;5073;2011;N;4
6345;5073;2012;N;4
6346;5073;2013;N;4
6347;5073;2014;N;4
6348;5073;2015;N;4
6349;5073;2016;N;4
6350;5073;2017;N;4
6351;5073;2018;N;4
6352;5073;2019;N;4
6353;5073;2020;N;4
6354;5073;2021;N;4
6355;5073;2022;N;4
6356;5073;2023;N;4
6357;5073;2024;N;4
6358;5073;2025;N;4
6359;5074;2009;N;4
6360;5074;2019;N;4
6361;5075;2009;N;4
6362;5075;2010;N;4
6363;5075;2011;N;4
6364;5075;2012;N;4
6365;5075;2013;N;4
6366;5075;2014;N;4
6367;5075;2015;N;4
6368;5075;2016;N;4
6369;5075;2017;N;4
6370;5075;2021;N;4
6371;5075;2024;N;4
6372;5076;2009;N;4
6373;5076;2010;N;4
6374;5076;2011;N;4
6375;5076;2013;N;4
6376;5076;2014;N;4
6377;5076;2015;N;4
6378;5076;2016;N;4
6379;5076;2017;N;4
6380;5076;2018;N;4
6381;5076;2019;N;4
6382;5076;2021;N;4
6383;5076;2022;N;4
6384;5076;2023;N;4
6385;5076;2024;N;4
6386;5076;2025;N;4
6387;5077;2009;N;4
6388;5077;2010;N;4
6389;5077;2011;N;4
6390;5077;2012;N;4
6391;5077;2013;N;4
6392;5077;2015;N;4
6393;5077;2016;N;4
6394;5077;2017;N;4
6395;5077;2018;N;4
6396;5077;2019;N;4
6397;5077;2020;N;4
6398;5077;2021;N;4
6399;5077;2022;N;4
6400;5077;2023;N;4
6401;5077;2024;N;4
6402;5077;2025;N;4
6403;5078;2009;N;4
6404;5078;2010;N;4
6405;5078;2011;N;4
6406;5078;2012;N;4
6407;5078;2013;N;4
6408;5078;2014;N;4
6409;5078;2015;N;4
6410;5078;2016;N;4
6411;5078;2017;N;4
6412;5078;2018;N;4
6413;5078;2019;N;4
6414;5078;2020;N;4
6415;5078;2021;N;4
6416;5078;2022;N;4
6417;5078;2023;N;4
6418;5078;2024;N;4
6419;5078;2025;N;4
6420;5079;2009;N;4
6421;5079;2012;N;4
6422;5079;2013;N;4
6423;5079;2014;N;4
6424;5079;2015;N;4
6425;5079;2016;N;4
6426;5079;2022;N;4
6427;5079;2023;N;4
6428;5079;2024;N;4
6429;5079;2025;N;4
6430;5080;2010;N;4
6431;5081;2010;N;4
6432;5082;2010;N;4
6433;5082;2012;N;4
6434;5082;2025;N;4
6435;5083;2010;N;4
6436;5083;2011;N;4
6437;5083;2012;N;4
6438;5083;2013;N;4
6439;5083;2014;N;4
6440;5083;2015;N;4
6441;5083;2016;N;4
6442;5083;2022;N;4
6443;5083;2023;N;4
6444;5083;2024;N;4
6445;5083;2025;N;4
6446;5084;2010;N;4
6447;5084;2011;N;4
6448;5084;2014;N;4
6449;5084;2015;N;4
6450;5084;2017;N;4
6451;5084;2018;N;4
6452;5084;2019;N;4
6453;5084;2021;N;4
6454;5084;2022;N;4
6455;5084;2023;N;4
6456;5084;2024;N;4
6457;5084;2025;N;4
6458;5085;2010;N;4
6459;5085;2011;N;4
6460;5085;2013;N;4
6461;5085;2014;N;4
6462;5085;2015;N;4
6463;5085;2016;N;4
6464;5085;2017;N;4
6465;5085;2018;N;4
6466;5085;2019;N;4
6467;5085;2021;N;4
6468;5085;2022;N;4
6469;5085;2023;N;4
6470;5085;2024;N;4
6471;5085;2025;N;4
6472;5086;2010;N;4
6473;5086;2012;N;4
6474;5086;2013;N;4
6475;5086;2014;N;4
6476;5086;2016;N;4
6477;5086;2017;N;4
6478;5086;2018;N;4
6479;5086;2019;N;4
6480;5086;2022;N;4
6481;5086;2023;N;4
6482;5086;2024;N;4
6483;5086;2025;N;4
6484;5087;2010;N;4
6485;5087;2013;N;4
6486;5087;2014;N;4
6487;5087;2015;N;4
6488;5087;2016;N;4
6489;5087;2017;N;4
6490;5087;2018;N;4
6491;5087;2019;N;4
6492;5087;2023;N;4
6493;5087;2024;N;4
6494;5087;2025;N;4
6495;5088;2010;N;4
6496;5088;2012;N;4
6497;5088;2013;N;4
6498;5088;2016;N;4
6499;5088;2017;N;4
6500;5088;2018;N;4
6501;5088;2019;N;4
6502;5088;2021;N;4
6503;5088;2022;N;4
6504;5088;2023;N;4
6505;5088;2024;N;4
6506;5088;2025;N;4
6507;5089;2012;N;4
6508;5089;2013;N;4
6509;5089;2014;N;4
6510;5089;2016;N;4
6511;5090;2012;N;4
6512;5090;2015;N;4
6513;5090;2016;N;4
6514;5090;2017;N;4
6515;5090;2018;N;4
6516;5090;2021;N;4
6517;5090;2022;N;4
6518;5090;2023;N;4
6519;5091;2012;N;4
6520;5091;2013;N;4
6521;5091;2021;N;4
6522;5091;2022;N;4
6523;5091;2023;N;4
6524;5091;2024;N;4
6525;5092;2012;N;4
6526;5092;2014;N;4
6527;5092;2015;N;4
6528;5092;2016;N;4
6529;5092;2017;N;4
6530;5092;2018;N;4
6531;5092;2019;N;4
6532;5092;2021;N;4
6533;5092;2022;N;4
6534;5092;2023;N;4
6535;5092;2024;N;4
6536;5092;2025;N;4
6537;5093;2012;N;4
6538;5093;2013;N;4
6539;5093;2016;N;4
6540;5093;2019;N;4
6541;5093;2020;N;4
6542;5093;2021;N;4
6543;5093;2022;N;4
6544;5093;2023;N;4
6545;5093;2024;N;4
6546;5093;2025;N;4
6547;5094;2023;N;4
6548;5094;2025;N;4
6549;5095;2013;N;4
6550;5095;2014;N;4
6551;5095;2015;N;4
6552;5095;2016;N;4
6553;5095;2017;N;4
6554;5095;2018;N;4
6555;5095;2019;N;4
6556;5095;2021;N;4
6557;5095;2022;N;4
6558;5095;2023;N;4
6559;5095;2024;N;4
6560;5095;2025;N;4
6561;5096;2013;N;4
6562;5096;2014;N;4
6563;5096;2015;N;4
6564;5096;2016;N;4
6565;5096;2017;N;4
6566;5096;2021;N;4
6567;5096;2022;N;4
6568;5096;2023;N;4
6569;5096;2024;N;4
6570;5096;2025;N;4
6571;5097;2014;N;4
6572;5097;2021;N;4
6573;5097;2023;N;4
6574;5097;2024;N;4
6575;5097;2025;N;4
6576;5098;2014;N;4
6577;5098;2015;N;4
6578;5098;2016;N;4
6579;5098;2018;N;4
6580;5098;2019;N;4
6581;5098;2021;N;4
6582;5098;2023;N;4
6583;5098;2024;N;4
6584;5098;2025;N;4
6585;5099;2014;N;4
6586;5099;2016;N;4
6587;5099;2018;N;4
6588;5099;2020;N;4
6589;5099;2021;N;4
6590;5099;2023;N;4
6591;5099;2024;N;4
6592;5099;2025;N;4
6593;5100;2014;N;4
6594;5100;2016;N;4
6595;5100;2017;N;4
6596;5100;2018;N;4
6597;5100;2019;N;4
6598;5100;2020;N;4
6599;5100;2021;N;4
6600;5100;2022;N;4
6601;5100;2023;N;4
6602;5100;2024;N;4
6603;5100;2025;N;4
6604;5101;2014;N;4
6605;5101;2016;N;4
6606;5101;2017;N;4
6607;5101;2018;N;4
6608;5101;2019;N;4
6609;5101;2022;N;4
6610;5101;2023;N;4
6611;5101;2024;N;4
6612;5101;2025;N;4
6613;5102;2014;N;4
6614;5102;2015;N;4
6615;5102;2020;N;4
6616;5102;2021;N;4
6617;5102;2022;N;4
6618;5102;2023;N;4
6619;5102;2024;N;4
6620;5102;2025;N;4
6621;5103;2014;N;4
6622;5103;2015;N;4
6623;5103;2019;N;4
6624;5103;2022;N;4
6625;5103;2023;N;4
6626;5103;2024;N;4
6627;5103;2025;N;4
6628;5104;2015;N;4
6629;5105;2015;N;4
6630;5105;2018;N;4
6631;5106;2015;N;4
6632;5106;2016;N;4
6633;5106;2017;N;4
6634;5106;2018;N;4
6635;5106;2019;N;4
6636;5106;2022;N;4
6637;5106;2023;N;4
6638;5106;2024;N;4
6639;5106;2025;N;4
6640;5107;2015;N;4
6641;5107;2019;N;4
6642;5107;2022;N;4
6643;5107;2023;N;4
6644;5107;2024;N;4
6645;5107;2025;N;4
6646;5108;2018;N;4
6647;5108;2024;N;4
6648;5109;2018;N;4
6649;5109;2020;N;4
6650;5109;2021;N;4
6651;5109;2022;N;4
6652;5110;2018;N;4
6653;5110;2019;N;4
6654;5110;2021;N;4
6655;5110;2022;N;4
6656;5110;2023;N;4
6657;5110;2024;N;4
6658;5110;2025;N;4
6659;5111;2019;N;4
6660;5111;2021;N;4
6661;5111;2022;N;4
6662;5111;2023;N;4
6663;5111;2024;N;4
6664;5111;2025;N;4
6665;5112;2019;N;4
6666;5112;2023;N;4
6667;5112;2025;N;4
6668;5113;2019;N;4
6669;5113;2023;N;4
6670;5113;2024;N;4
6714;5113;2025;N;4
6671;5114;2020;N;4
6672;5115;2020;N;4
6673;5115;2021;N;4
6674;5116;2020;N;4
6675;5116;2021;N;4
6676;5116;2022;N;4
6677;5116;2023;N;4
6678;5116;2024;N;4
6679;5116;2025;N;4
6680;5117;2020;N;4
6681;5117;2022;N;4
6682;5117;2023;N;4
6683;5117;2024;N;4
6684;5117;2025;N;4
6685;5118;2021;N;4
6686;5119;2021;N;4
6687;5119;2022;N;4
6688;5120;2022;N;4
6689;5120;2024;N;4
6690;5120;2025;N;4
6691;5121;2022;N;4
6692;5122;2022;N;4
6693;5122;2023;N;4
6694;5122;2024;N;4
6695;5123;2022;N;4
6696;5123;2023;N;4
6697;5123;2024;N;4
6698;5123;2025;N;4
6699;5124;2022;N;4
6700;5124;2023;N;4
6701;5124;2025;N;4
6702;5125;2023;N;4
6703;5125;2024;N;4
6704;5125;2025;N;4
6705;5126;2023;N;4
6706;5126;2024;N;4
6707;5126;2025;N;4
6708;5127;2023;N;4
6709;5127;2025;N;4
6710;5128;2025;N;4
6711;5129;2025;N;4
6712;5130;2024;N;4
6713;5131;2025;N;4
6716;4064;2025;N;3
6717;5059;2025;N;4
