id_result;id_edition;place;id_rider;score
1;1;1;858;200
2;1;2;2912;150
3;1;3;1980;125
4;1;4;3093;100
5;1;5;1373;85
6;1;6;3069;70
7;1;7;348;60
8;1;8;1734;50
9;1;9;2270;40
10;1;10;2573;35
11;1;11;773;30
12;1;12;802;25
13;1;13;2224;20
14;1;14;750;15
15;1;15;2745;10
16;1;16;1736;7
17;1;17;1052;5
18;1;18;1992;3
19;1;19;2011;2
20;1;20;3170;1
21;2;1;3170;200
22;2;2;35;150
23;2;3;3069;125
24;2;4;2573;100
25;2;5;386;85
26;2;6;1980;70
27;2;7;2200;60
28;2;8;2746;50
29;2;9;802;40
30;2;10;2604;35
31;2;11;2264;30
32;2;12;2354;25
33;2;13;2224;20
34;2;14;0;15
35;2;15;0;10
36;2;16;3125;7
37;2;17;0;5
38;2;18;0;3
39;2;19;0;2
40;2;20;0;1
41;3;1;386;200
42;3;2;2604;150
43;3;3;814;125
44;3;4;3069;100
45;3;5;2034;85
46;3;6;1485;70
47;3;7;3170;60
48;3;8;1736;50
49;3;9;1980;40
50;3;10;2569;35
51;3;11;858;30
52;3;12;35;25
53;3;13;1379;20
54;3;14;2912;15
55;3;15;2573;10
56;3;16;2380;7
57;3;17;716;5
58;3;18;3093;3
59;3;19;0;2
60;3;20;180;1
61;4;1;3170;200
62;4;2;386;150
63;4;3;858;125
64;4;4;35;100
65;4;5;1980;85
66;4;6;2034;70
67;4;7;814;60
68;4;8;2270;50
69;4;9;2604;40
70;4;10;2746;35
71;4;11;1736;30
72;4;12;272;25
73;4;13;0;20
74;4;14;0;15
75;4;15;0;10
76;4;16;0;7
77;4;17;0;5
78;4;18;0;3
79;4;19;0;2
80;4;20;0;1
81;5;1;2032;200
82;5;2;3170;150
83;5;3;2034;125
84;5;4;35;100
85;5;5;1372;85
86;5;6;1734;70
87;5;7;1736;60
88;5;8;386;50
89;5;9;2789;40
90;5;10;1980;35
91;5;11;3069;30
92;5;12;643;25
93;5;13;858;20
94;5;14;2462;15
95;5;15;1853;10
96;5;16;1828;7
97;5;17;991;5
98;5;18;2573;3
99;5;19;2571;2
100;5;20;2753;1
101;6;1;3170;200
102;6;2;2604;150
103;6;3;35;125
104;6;4;2789;100
105;6;5;2462;85
106;6;6;213;70
107;6;7;2372;60
108;6;8;3036;50
109;6;9;858;40
110;6;10;2032;35
111;6;11;1827;30
112;6;12;2573;25
113;6;13;2034;20
114;6;14;2572;15
115;6;15;1372;10
116;6;16;3053;7
117;6;17;1734;5
118;6;18;3187;3
119;6;19;2571;2
120;6;20;2855;1
121;7;1;864;200
122;7;2;1025;150
123;7;3;2604;125
124;7;4;2032;100
125;7;5;858;85
126;7;6;2911;70
127;7;7;35;60
128;7;8;1734;50
129;7;9;2382;40
130;7;10;386;35
131;7;11;3170;30
132;7;12;0;25
133;7;13;2462;20
134;7;14;2573;15
135;7;15;2571;10
136;7;16;2894;7
137;7;17;2572;5
138;7;18;179;3
139;7;19;1736;2
140;7;20;716;1
141;8;1;814;200
142;8;2;3170;150
143;8;3;35;125
144;8;4;1734;100
145;8;5;1736;85
146;8;6;2273;70
147;8;7;1850;60
148;8;8;1819;50
149;8;9;858;40
150;8;10;2573;35
151;8;11;2462;30
152;8;12;2788;25
153;8;13;378;20
154;8;14;322;15
155;8;15;864;10
156;8;16;1059;7
157;8;17;2855;5
158;8;18;2805;3
159;8;19;2032;2
160;8;20;1200;1
161;9;1;3170;200
162;9;2;1565;150
163;9;3;35;125
164;9;4;858;100
165;9;5;386;85
166;9;6;2382;70
167;9;7;1723;60
168;9;8;2032;50
169;9;9;1025;40
170;9;10;212;35
171;9;11;864;30
172;9;12;1268;25
173;9;13;552;20
174;9;14;551;15
175;9;15;378;10
176;9;16;820;7
177;9;17;1850;5
178;9;18;553;3
179;9;19;351;2
180;9;20;2789;1
181;10;1;386;200
182;10;2;1829;150
183;10;3;224;125
184;10;4;1025;100
185;10;5;1819;85
186;10;6;2884;70
187;10;7;1565;60
188;10;8;858;50
189;10;9;2273;40
190;10;10;2355;35
191;10;11;1161;30
192;10;12;2033;25
193;10;13;552;20
194;10;14;551;15
195;10;15;2382;10
196;10;16;1307;7
197;10;17;1001;5
198;10;18;1736;3
199;10;19;2462;2
200;10;20;2573;1
201;11;1;1565;200
202;11;2;336;150
203;11;3;2254;125
204;11;4;858;100
205;11;5;322;85
206;11;6;2969;70
207;11;7;2382;60
208;11;8;864;50
209;11;9;2355;40
210;11;10;1829;35
211;11;11;224;30
212;11;12;444;25
213;11;13;386;20
214;11;14;383;15
215;11;15;820;10
216;11;16;1268;7
217;11;17;1956;5
218;11;18;1120;3
219;11;19;1161;2
220;11;20;1234;1
221;12;1;322;200
222;12;2;383;150
223;12;3;2382;125
224;12;4;2355;100
225;12;5;444;85
226;12;6;336;70
227;12;7;820;60
228;12;8;1829;50
229;12;9;212;40
230;12;10;3042;35
231;12;11;1288;30
232;12;12;2092;25
233;12;13;1161;20
234;12;14;552;15
235;12;15;2462;10
236;12;16;1565;7
237;12;17;2329;5
238;12;18;858;3
239;12;19;1150;2
240;12;20;1956;1
241;13;1;224;200
242;13;2;2254;150
243;13;3;2538;125
244;13;4;2382;100
245;13;5;3005;85
246;13;6;1565;70
247;13;7;322;60
248;13;8;551;50
249;13;9;210;40
250;13;10;1255;35
251;13;11;1829;30
252;13;12;2018;25
253;13;13;3043;20
254;13;14;378;15
255;13;15;858;10
256;13;16;1065;7
257;13;17;1956;5
258;13;18;1307;3
259;13;19;336;2
260;13;20;1205;1
261;14;1;224;200
262;14;2;2254;150
263;14;3;1565;125
264;14;4;322;100
265;14;5;3005;85
266;14;6;2035;70
267;14;7;2538;60
268;14;8;3124;50
269;14;9;386;40
270;14;10;378;35
271;14;11;858;30
272;14;12;3032;25
273;14;13;2898;20
274;14;14;1001;15
275;14;15;1234;10
276;14;16;2355;7
277;14;17;2131;5
278;14;18;383;3
279;14;19;1289;2
280;14;20;2586;1
281;15;1;1033;200
282;15;2;1829;150
283;15;3;224;125
284;15;4;322;100
285;15;5;386;85
286;15;6;269;70
287;15;7;459;60
288;15;8;2384;50
289;15;9;2355;40
290;15;10;2382;35
291;15;11;2206;30
292;15;12;1956;25
293;15;13;2944;20
294;15;14;336;15
295;15;15;1289;10
296;15;16;3124;7
297;15;17;312;5
298;15;18;1565;3
299;15;19;1695;2
300;15;20;858;1
301;16;1;2355;200
302;16;2;1565;150
303;16;3;3040;125
304;16;4;552;100
305;16;5;1849;85
306;16;6;1852;70
307;16;7;2035;60
308;16;8;386;50
309;16;9;1695;40
310;16;10;1956;35
311;16;11;858;30
312;16;12;1405;25
313;16;13;1085;20
314;16;14;1829;15
315;16;15;2382;10
316;16;16;2107;7
317;16;17;3124;5
318;16;18;269;3
319;16;19;1115;2
320;16;20;386;1
321;17;1;1033;200
322;17;2;336;150
323;17;3;1565;125
324;17;4;2035;100
325;17;5;386;85
326;17;6;3040;70
327;17;7;3124;60
328;17;8;2355;50
329;17;9;3037;40
330;17;10;552;35
331;17;11;2206;30
332;17;12;1852;25
333;17;13;2898;20
334;17;14;312;15
335;17;15;2068;10
336;17;16;1695;7
337;17;17;1405;5
338;17;18;2107;3
339;17;19;811;2
340;17;20;378;1
341;18;1;2987;200
342;18;2;1033;150
343;18;3;1565;125
344;18;4;3005;100
345;18;5;552;85
346;18;6;2849;70
347;18;7;2355;60
348;18;8;1405;50
349;18;9;2254;40
350;18;10;312;35
351;18;11;1068;30
352;18;12;717;25
353;18;13;1255;20
354;18;14;383;15
355;18;15;378;10
356;18;16;1085;7
357;18;17;2068;5
358;18;18;427;3
359;18;19;1319;2
360;18;20;2035;1
361;19;1;1565;200
362;19;2;1854;150
363;19;3;3170;125
364;19;4;1033;100
365;19;5;2355;85
366;19;6;312;70
367;19;7;3005;60
368;19;8;811;50
369;19;9;22;40
370;19;10;2254;35
371;19;11;2069;30
372;19;12;1405;25
373;19;13;609;20
374;19;14;2987;15
375;19;15;3013;10
376;19;16;490;7
377;19;17;552;5
378;19;18;427;3
379;19;19;717;2
380;19;20;250;1
381;20;1;1405;200
382;20;2;609;150
383;20;3;2206;125
384;20;4;1469;100
385;20;5;2987;85
386;20;6;2069;70
387;20;7;250;60
388;20;8;427;50
389;20;9;490;40
390;20;10;717;35
391;20;11;312;30
392;20;12;1068;25
393;20;13;1033;20
394;20;14;1404;15
395;20;15;2994;10
396;20;16;2357;7
397;20;17;1138;5
398;20;18;516;3
399;20;19;1937;2
400;20;20;2107;1
401;21;1;360;200
402;21;2;1565;150
403;21;3;861;125
404;21;4;2206;100
405;21;5;2586;85
406;21;6;1010;70
407;21;7;2616;60
408;21;8;1024;50
409;21;9;387;40
410;21;10;378;35
411;21;11;414;30
412;21;12;2254;25
413;21;13;609;20
414;21;14;1405;15
415;21;15;1854;10
416;21;16;607;7
417;21;17;312;5
418;21;18;1342;3
419;21;19;2909;2
420;21;20;2024;1
421;22;1;2499;200
422;22;2;1342;150
423;22;3;360;125
424;22;4;1565;100
425;22;5;1469;85
426;22;6;860;70
427;22;7;998;60
428;22;8;1323;50
429;22;9;1202;40
430;22;10;2616;35
431;22;11;490;30
432;22;12;2069;25
433;22;13;1974;20
434;22;14;572;15
435;22;15;2002;10
436;22;16;1395;7
437;22;17;248;5
438;22;18;2987;3
439;22;19;387;2
440;22;20;1012;1
441;23;1;387;200
442;23;2;3013;150
443;23;3;109;125
444;23;4;998;100
445;23;5;1138;85
446;23;6;2515;70
447;23;7;1162;60
448;23;8;1469;50
449;23;9;1706;40
450;23;10;1323;35
451;23;11;22;30
452;23;12;3121;25
453;23;13;2002;20
454;23;14;2106;15
455;23;15;1024;10
456;23;16;2499;7
457;23;17;949;5
458;23;18;300;3
459;23;19;243;2
460;23;20;1974;1
461;24;1;3026;200
462;24;2;1323;150
463;24;3;609;125
464;24;4;1024;100
465;24;5;2913;85
466;24;6;360;70
467;24;7;2947;60
468;24;8;2268;50
469;24;9;2002;40
470;24;10;100;35
471;24;11;1162;30
472;24;12;1222;25
473;24;13;1706;20
474;24;14;1202;15
475;24;15;1407;10
476;24;16;3013;7
477;24;17;2614;5
478;24;18;2515;3
479;24;19;22;2
480;24;20;1969;1
481;25;1;109;200
482;25;2;1952;150
483;25;3;1047;125
484;25;4;2663;100
485;25;5;609;85
486;25;6;2558;70
487;25;7;3026;60
488;25;8;1469;50
489;25;9;636;40
490;25;10;1537;35
491;25;11;3013;30
492;25;12;1160;25
493;25;13;2002;20
494;25;14;2913;15
495;25;15;1706;10
496;25;16;2381;7
497;25;17;2614;5
498;25;18;128;3
499;25;19;1202;2
500;25;20;2971;1
501;26;1;2002;200
502;26;2;2558;150
503;26;3;1952;125
504;26;4;109;100
505;26;5;1323;85
506;26;6;645;70
507;26;7;609;60
508;26;8;2971;50
509;26;9;360;40
510;26;10;490;35
511;26;11;1160;30
512;26;12;2501;25
513;26;13;1636;20
514;26;14;2663;15
515;26;15;1223;10
516;26;16;3054;7
517;26;17;1342;5
518;26;18;2010;3
519;26;19;1047;2
520;26;20;1202;1
521;27;1;1323;200
522;27;2;1952;150
523;27;3;2663;125
524;27;4;3054;100
525;27;5;2010;85
526;27;6;735;70
527;27;7;2588;60
528;27;8;3102;50
529;27;9;1532;40
530;27;10;2838;35
531;27;11;1223;30
532;27;12;2591;25
533;27;13;1204;20
534;27;14;3026;15
535;27;15;2558;10
536;27;16;345;7
537;27;17;687;5
538;27;18;2268;3
539;27;19;2491;2
540;27;20;1192;1
541;28;1;1323;200
542;28;2;1297;150
543;28;3;99;125
544;28;4;3026;100
545;28;5;3020;85
546;28;6;2663;70
547;28;7;2588;60
548;28;8;2955;50
549;28;9;1223;40
550;28;10;1204;35
551;28;11;610;30
552;28;12;998;25
553;28;13;1192;20
554;28;14;2856;15
555;28;15;735;10
556;28;16;1023;7
557;28;17;3102;5
558;28;18;2268;3
559;28;19;831;2
560;28;20;1767;1
561;29;1;1323;200
562;29;2;1144;150
563;29;3;610;125
564;29;4;20;100
565;29;5;1767;85
566;29;6;3020;70
567;29;7;2228;60
568;29;8;1857;50
569;29;9;1532;40
570;29;10;2653;35
571;29;11;766;30
572;29;12;831;25
573;29;13;1032;20
574;29;14;2703;15
575;29;15;497;10
576;29;16;99;7
577;29;17;1883;5
578;29;18;735;3
579;29;19;3026;2
580;29;20;1297;1
581;30;1;1323;200
582;30;2;486;150
583;30;3;1952;125
584;30;4;1204;100
585;30;5;1883;85
586;30;6;936;70
587;30;7;1532;60
588;30;8;688;50
589;30;9;2588;40
590;30;10;738;35
591;30;11;2653;30
592;30;12;2228;25
593;30;13;1857;20
594;30;14;21;15
595;30;15;497;10
596;30;16;1192;7
597;30;17;1767;5
598;30;18;2900;3
599;30;19;3054;2
600;30;20;2536;1
601;31;1;486;200
602;31;2;2632;150
603;31;3;1857;125
604;31;4;1477;100
605;31;5;1861;85
606;31;6;2297;70
607;31;7;1614;60
608;31;8;642;50
609;31;9;1532;40
610;31;10;1192;35
611;31;11;2900;30
612;31;12;497;25
613;31;13;1495;20
614;31;14;949;15
615;31;15;1541;10
616;31;16;622;7
617;31;17;936;5
618;31;18;374;3
619;31;19;2228;2
620;31;20;2955;1
621;32;1;1707;200
622;32;2;1204;150
623;32;3;94;125
624;32;4;2653;100
625;32;5;788;85
626;32;6;2010;70
627;32;7;1861;60
628;32;8;2228;50
629;32;9;1399;40
630;32;10;1143;35
631;32;11;2057;30
632;32;12;1532;25
633;32;13;1192;20
634;32;14;349;15
635;32;15;1673;10
636;32;16;109;7
637;32;17;936;5
638;32;18;1367;3
639;32;19;3034;2
640;32;20;2125;1
641;33;1;1707;200
642;33;2;1323;150
643;33;3;1653;125
644;33;4;2179;100
645;33;5;2653;85
646;33;6;496;70
647;33;7;1861;60
648;33;8;857;50
649;33;9;2010;40
650;33;10;3070;35
651;33;11;1143;30
652;33;12;2859;25
653;33;13;2014;20
654;33;14;486;15
655;33;15;2705;10
656;33;16;50;7
657;33;17;349;5
658;33;18;588;3
659;33;19;1375;2
660;33;20;2889;1
661;34;1;2235;200
662;34;2;2470;150
663;34;3;1322;125
664;34;4;1095;100
665;34;5;1192;85
666;34;6;2881;70
667;34;7;2304;60
668;34;8;1861;50
669;34;9;1323;40
670;34;10;2502;35
671;34;11;857;30
672;34;12;3070;25
673;34;13;2266;20
674;34;14;1653;15
675;34;15;2887;10
676;34;16;50;7
677;34;17;812;5
678;34;18;2546;3
679;34;19;599;2
680;34;20;349;1
681;35;1;1323;200
682;35;2;486;150
683;35;3;762;125
684;35;4;1861;100
685;35;5;1399;85
686;35;6;2588;70
687;35;7;2066;60
688;35;8;1749;50
689;35;9;2889;40
690;35;10;1541;35
691;35;11;2550;30
692;35;12;3039;25
693;35;13;2924;20
694;35;14;1871;15
695;35;15;708;10
696;35;16;2996;7
697;35;17;2014;5
698;35;18;57;3
699;35;19;2890;2
700;35;20;2859;1
701;36;1;349;200
702;36;2;2546;150
703;36;3;1749;125
704;36;4;1653;100
705;36;5;1399;85
706;36;6;57;70
707;36;7;1323;60
708;36;8;762;50
709;36;9;50;40
710;36;10;486;35
711;36;11;3191;30
712;36;12;1107;25
713;36;13;2761;20
714;36;14;3171;15
715;36;15;1143;10
716;36;16;3046;7
717;36;17;726;5
718;36;18;1700;3
719;36;19;1580;2
720;36;20;1929;1
721;37;1;57;200
722;37;2;837;150
723;37;3;486;125
724;37;4;1399;100
725;37;5;578;85
726;37;6;1478;70
727;37;7;1107;60
728;37;8;700;50
729;37;9;2582;40
730;37;10;2785;35
731;37;11;3182;30
732;37;12;3172;25
733;37;13;812;20
734;37;14;1143;15
735;37;15;2235;10
736;37;16;2864;7
737;37;17;3100;5
738;37;18;2881;3
739;37;19;1700;2
740;37;20;384;1
741;38;1;728;200
742;38;2;1707;150
743;38;3;1107;125
744;38;4;2546;100
745;38;5;57;85
746;38;6;2881;70
747;38;7;1749;60
748;38;8;1099;50
749;38;9;1323;40
750;38;10;228;35
751;38;11;3183;30
752;38;12;3171;25
753;38;13;94;20
754;38;14;1399;15
755;38;15;762;10
756;38;16;486;7
757;38;17;2870;5
758;38;18;1143;3
759;38;19;812;2
760;38;20;959;1
761;39;1;762;200
762;39;2;228;150
763;39;3;728;125
764;39;4;2943;100
765;39;5;3046;85
766;39;6;3191;70
767;39;7;1375;60
768;39;8;676;50
769;39;9;1323;40
770;39;10;2339;35
771;39;11;1044;30
772;39;12;2546;25
773;39;13;1868;20
774;39;14;1399;15
775;39;15;57;10
776;39;16;2864;7
777;39;17;512;5
778;39;18;1095;3
779;39;19;94;2
780;39;20;1143;1
781;40;1;3182;200
782;40;2;512;150
783;40;3;1879;125
784;40;4;2870;100
785;40;5;2216;85
786;40;6;2709;70
787;40;7;708;60
788;40;8;3115;50
789;40;9;812;40
790;40;10;2943;35
791;40;11;2859;30
792;40;12;762;25
793;40;13;3046;20
794;40;14;2523;15
795;40;15;2408;10
796;40;16;2996;7
797;40;17;2785;5
798;40;18;467;3
799;40;19;486;2
800;40;20;2726;1
801;41;1;2546;200
802;41;2;762;150
803;41;3;1323;125
804;41;4;1420;100
805;41;5;2216;85
806;41;6;2339;70
807;41;7;2870;60
808;41;8;728;50
809;41;9;57;40
810;41;10;2859;35
811;41;11;1399;30
812;41;12;959;25
813;41;13;2235;20
814;41;14;2001;15
815;41;15;467;10
816;41;16;2537;7
817;41;17;3003;5
818;41;18;2523;3
819;41;19;411;2
820;41;20;620;1
821;42;1;2870;200
822;42;2;2339;150
823;42;3;1375;125
824;42;4;2686;100
825;42;5;97;85
826;42;6;2420;70
827;42;7;1887;60
828;42;8;294;50
829;42;9;3109;40
830;42;10;2687;35
831;42;11;954;30
832;42;12;1143;25
833;42;13;2563;20
834;42;14;3183;15
835;42;15;2222;10
836;42;16;708;7
837;42;17;2523;5
838;42;18;3161;3
839;42;19;2154;2
840;42;20;1235;1
841;43;1;2870;200
842;43;2;2216;150
843;43;3;2340;125
844;43;4;762;100
845;43;5;2424;85
846;43;6;1323;70
847;43;7;204;60
848;43;8;1420;50
849;43;9;411;40
850;43;10;3191;35
851;43;11;708;30
852;43;12;3068;25
853;43;13;2859;20
854;43;14;1887;15
855;43;15;1634;10
856;43;16;3003;7
857;43;17;1868;5
858;43;18;2957;3
859;43;19;1399;2
860;43;20;2290;1
861;44;1;1420;200
862;44;2;2939;150
863;44;3;204;125
864;44;4;3003;100
865;44;5;2222;85
866;44;6;2339;70
867;44;7;1375;60
868;44;8;2889;50
869;44;9;2216;40
870;44;10;762;35
871;44;11;3039;30
872;44;12;3191;25
873;44;13;2406;20
874;44;14;1868;15
875;44;15;891;10
876;44;16;708;7
877;44;17;2546;5
878;44;18;2859;3
879;44;19;1399;2
880;44;20;571;1
881;45;1;2563;200
882;45;2;2340;150
883;45;3;2406;125
884;45;4;751;100
885;45;5;512;85
886;45;6;1057;70
887;45;7;2870;60
888;45;8;204;50
889;45;9;1399;40
890;45;10;3003;35
891;45;11;728;30
892;45;12;2523;25
893;45;13;2216;20
894;45;14;2859;15
895;45;15;2168;10
896;45;16;762;7
897;45;17;1617;5
898;45;18;571;3
899;45;19;2339;2
900;45;20;2957;1
901;46;1;2004;200
902;46;2;3003;150
903;46;3;2340;125
904;46;4;2389;100
905;46;5;2523;85
906;46;6;2406;70
907;46;7;264;60
908;46;8;2339;50
909;46;9;2889;40
910;46;10;167;35
911;46;11;554;30
912;46;12;116;25
913;46;13;512;20
914;46;14;1420;15
915;46;15;2973;10
916;46;16;1057;7
917;46;17;2168;5
918;46;18;1634;3
919;46;19;2227;2
920;46;20;1090;1
921;47;1;2080;200
922;47;2;2004;150
923;47;3;1057;125
924;47;4;2389;100
925;47;5;880;85
926;47;6;2043;70
927;47;7;2406;60
928;47;8;71;50
929;47;9;885;40
930;47;10;2114;35
931;47;11;1729;30
932;47;12;1617;25
933;47;13;1968;20
934;47;14;1386;15
935;47;15;116;10
936;47;16;907;7
937;47;17;3003;5
938;47;18;2722;3
939;47;19;512;2
940;47;20;1420;1
941;48;1;2340;200
942;48;2;2004;150
943;48;3;1420;125
944;48;4;880;100
945;48;5;3003;85
946;48;6;728;70
947;48;7;2090;60
948;48;8;1386;50
949;48;9;71;40
950;48;10;3161;35
951;48;11;600;30
952;48;12;512;25
953;48;13;1751;20
954;48;14;1057;15
955;48;15;2365;10
956;48;16;1081;7
957;48;17;1323;5
958;48;18;762;3
959;48;19;554;2
960;48;20;2114;1
961;49;1;2939;200
962;49;2;2004;150
963;49;3;2389;125
964;49;4;1617;100
965;49;5;728;85
966;49;6;1420;70
967;49;7;907;60
968;49;8;2339;50
969;49;9;1081;40
970;49;10;482;35
971;49;11;880;30
972;49;12;2627;25
973;49;13;762;20
974;49;14;885;15
975;49;15;946;10
976;49;16;1751;7
977;49;17;2483;5
978;49;18;1921;3
979;49;19;600;2
980;49;20;131;1
981;50;1;1057;200
982;50;2;2004;150
983;50;3;880;125
984;50;4;2340;100
985;50;5;1420;85
986;50;6;1081;70
987;50;7;3003;60
988;50;8;2544;50
989;50;9;829;40
990;50;10;448;35
991;50;11;482;30
992;50;12;1323;25
993;50;13;2424;20
994;50;14;167;15
995;50;15;2930;10
996;50;16;2740;7
997;50;17;116;5
998;50;18;767;3
999;50;19;1751;2
1000;50;20;885;1
1001;51;1;1057;200
1002;51;2;2004;150
1003;51;3;1195;125
1004;51;4;2340;100
1005;51;5;3161;85
1006;51;6;542;70
1007;51;7;829;60
1008;51;8;1845;50
1009;51;9;2544;40
1010;51;10;317;35
1011;51;11;2889;30
1012;51;12;1389;25
1013;51;13;1777;20
1014;51;14;880;15
1015;51;15;1081;10
1016;51;16;2438;7
1017;51;17;1680;5
1018;51;18;2972;3
1019;51;19;2483;2
1020;51;20;863;1
1021;52;1;2004;200
1022;52;2;2534;150
1023;52;3;806;125
1024;52;4;116;100
1025;52;5;238;85
1026;52;6;2617;70
1027;52;7;1751;60
1028;52;8;1420;50
1029;52;9;880;40
1030;52;10;2483;35
1031;52;11;262;30
1032;52;12;305;25
1033;52;13;1389;20
1034;52;14;52;15
1035;52;15;885;10
1036;52;16;946;7
1037;52;17;1361;5
1038;52;18;1727;3
1039;52;19;1107;2
1040;52;20;1057;1
1041;53;1;2004;200
1042;53;2;880;150
1043;53;3;2617;125
1044;53;4;238;100
1045;53;5;946;85
1046;53;6;1751;70
1047;53;7;2939;60
1048;53;8;806;50
1049;53;9;2978;40
1050;53;10;2936;35
1051;53;11;784;30
1052;53;12;600;25
1053;53;13;2487;20
1054;53;14;2136;15
1055;53;15;262;10
1056;53;16;848;7
1057;53;17;2483;5
1058;53;18;1904;3
1059;53;19;829;2
1060;53;20;3003;1
1061;54;1;2487;200
1062;54;2;1768;150
1063;54;3;880;125
1064;54;4;1057;100
1065;54;5;2978;85
1066;54;6;2748;70
1067;54;7;829;60
1068;54;8;1751;50
1069;54;9;1027;40
1070;54;10;2004;35
1071;54;11;1511;30
1072;54;12;946;25
1073;54;13;2617;20
1074;54;14;806;15
1075;54;15;600;10
1076;54;16;320;7
1077;54;17;519;5
1078;54;18;2483;3
1079;54;19;1907;2
1080;54;20;305;1
1081;55;1;829;200
1082;55;2;238;150
1083;55;3;2136;125
1084;55;4;806;100
1085;55;5;880;85
1086;55;6;2487;70
1087;55;7;1511;60
1088;55;8;52;50
1089;55;9;1396;40
1090;55;10;848;35
1091;55;11;1389;30
1092;55;12;3003;25
1093;55;13;458;20
1094;55;14;305;15
1095;55;15;568;10
1096;55;16;1837;7
1097;55;17;2978;5
1098;55;18;781;3
1099;55;19;2534;2
1100;55;20;1790;1
1101;56;1;108;200
1102;56;2;1602;150
1103;56;3;1813;125
1104;56;4;829;100
1105;56;5;2080;85
1106;56;6;2621;70
1107;56;7;542;60
1108;56;8;2750;50
1109;56;9;1389;40
1110;56;10;1400;35
1111;56;11;867;30
1112;56;12;1768;25
1113;56;13;1512;20
1114;56;14;1680;15
1115;56;15;568;10
1116;56;16;629;7
1117;56;17;2689;5
1118;56;18;2170;3
1119;56;19;2544;2
1120;56;20;347;1
1121;57;1;519;200
1122;57;2;1556;150
1123;57;3;108;125
1124;57;4;262;100
1125;57;5;1511;85
1126;57;6;568;70
1127;57;7;2865;60
1128;57;8;238;50
1129;57;9;863;40
1130;57;10;781;35
1131;57;11;2487;30
1132;57;12;1680;25
1133;57;13;1837;20
1134;57;14;1112;15
1135;57;15;848;10
1136;57;16;2544;7
1137;57;17;2750;5
1138;57;18;629;3
1139;57;19;2707;2
1140;57;20;683;1
1141;58;1;238;200
1142;58;2;111;150
1143;58;3;2939;125
1144;58;4;863;100
1145;58;5;1907;85
1146;58;6;458;70
1147;58;7;262;60
1148;58;8;127;50
1149;58;9;1837;40
1150;58;10;2628;35
1151;58;11;2544;30
1152;58;12;1511;25
1153;58;13;806;20
1154;58;14;2692;15
1155;58;15;157;10
1156;58;16;2136;7
1157;58;17;305;5
1158;58;18;589;3
1159;58;19;1943;2
1160;58;20;897;1
1161;59;1;262;200
1162;59;2;238;150
1163;59;3;111;125
1164;59;4;540;100
1165;59;5;806;85
1166;59;6;2004;70
1167;59;7;2080;60
1168;59;8;305;50
1169;59;9;1768;40
1170;59;10;629;35
1171;59;11;568;30
1172;59;12;299;25
1173;59;13;108;20
1174;59;14;2810;15
1175;59;15;863;10
1176;59;16;91;7
1177;59;17;320;5
1178;59;18;52;3
1179;59;19;127;2
1180;59;20;2474;1
1181;60;1;238;200
1182;60;2;262;150
1183;60;3;806;125
1184;60;4;2004;100
1185;60;5;1720;85
1186;60;6;829;70
1187;60;7;1511;60
1188;60;8;500;50
1189;60;9;1768;40
1190;60;10;2075;35
1191;60;11;1669;30
1192;60;12;519;25
1193;60;13;320;20
1194;60;14;925;15
1195;60;15;2335;10
1196;60;16;2544;7
1197;60;17;3021;5
1198;60;18;1943;3
1199;60;19;848;2
1200;60;20;952;1
1201;61;1;805;200
1202;61;2;2004;150
1203;61;3;1511;125
1204;61;4;1507;100
1205;61;5;299;85
1206;61;6;91;70
1207;61;7;714;60
1208;61;8;500;50
1209;61;9;1768;40
1210;61;10;629;35
1211;61;11;305;30
1212;61;12;52;25
1213;61;13;821;20
1214;61;14;829;15
1215;61;15;2794;10
1216;61;16;1816;7
1217;61;17;806;5
1218;61;18;848;3
1219;61;19;262;2
1220;61;20;2082;1
1221;62;1;262;200
1222;62;2;1816;150
1223;62;3;2777;125
1224;62;4;1720;100
1225;62;5;500;85
1226;62;6;299;70
1227;62;7;1447;60
1228;62;8;1511;50
1229;62;9;821;40
1230;62;10;806;35
1231;62;11;305;30
1232;62;12;2335;25
1233;62;13;2075;20
1234;62;14;2004;15
1235;62;15;67;10
1236;62;16;2510;7
1237;62;17;2807;5
1238;62;18;91;3
1239;62;19;1453;2
1240;62;20;2578;1
1241;63;1;1816;200
1242;63;2;714;150
1243;63;3;500;125
1244;63;4;2075;100
1245;63;5;562;85
1246;63;6;829;70
1247;63;7;821;60
1248;63;8;262;50
1249;63;9;2579;40
1250;63;10;1943;35
1251;63;11;1507;30
1252;63;12;2777;25
1253;63;13;2752;20
1254;63;14;24;15
1255;63;15;305;10
1256;63;16;1447;7
1257;63;17;233;5
1258;63;18;1669;3
1259;63;19;1720;2
1260;63;20;535;1
1261;64;1;1816;200
1262;64;2;540;150
1263;64;3;806;125
1264;64;4;1720;100
1265;64;5;714;85
1266;64;6;2625;70
1267;64;7;1453;60
1268;64;8;2004;50
1269;64;9;2579;40
1270;64;10;1507;35
1271;64;11;2390;30
1272;64;12;1447;25
1273;64;13;2526;20
1274;64;14;3195;15
1275;64;15;2333;10
1276;64;16;468;7
1277;64;17;1511;5
1278;64;18;286;3
1279;64;19;2220;2
1280;64;20;2700;1
1281;65;1;3195;200
1282;65;2;2335;150
1283;65;3;1943;125
1284;65;4;821;100
1285;65;5;2579;85
1286;65;6;286;70
1287;65;7;714;60
1288;65;8;1596;50
1289;65;9;2075;40
1290;65;10;1511;35
1291;65;11;468;30
1292;65;12;1007;25
1293;65;13;1447;20
1294;65;14;1561;15
1295;65;15;806;10
1296;65;16;2487;7
1297;65;17;540;5
1298;65;18;354;3
1299;65;19;423;2
1300;65;20;2390;1
1301;66;1;609;200
1302;66;2;2558;150
1303;66;3;2663;125
1304;66;4;3020;100
1305;66;5;1952;85
1306;66;6;1323;70
1307;66;7;1160;60
1308;66;8;3026;50
1309;66;9;1857;40
1310;66;10;1297;35
1311;66;11;497;30
1312;66;12;1202;25
1313;66;13;490;20
1314;66;14;735;15
1315;66;15;1623;10
1316;66;16;3013;7
1317;66;17;1745;5
1318;66;18;2381;3
1319;66;19;1134;2
1320;66;20;2029;1
1321;67;1;2250;200
1322;67;2;1456;150
1323;67;3;1636;125
1324;67;4;1032;100
1325;67;5;3033;85
1326;67;6;1951;70
1327;67;7;2010;60
1328;67;8;1204;50
1329;67;9;2652;40
1330;67;10;486;35
1331;67;11;1767;30
1332;67;12;1202;25
1333;67;13;3100;20
1334;67;14;687;15
1335;67;15;1192;10
1336;67;16;2653;7
1337;67;17;3168;5
1338;67;18;766;3
1339;67;19;1144;2
1340;67;20;3020;1
1341;68;1;1541;200
1342;68;2;1323;150
1343;68;3;2250;125
1344;68;4;2304;100
1345;68;5;2235;85
1346;68;6;1322;70
1347;68;7;1532;60
1348;68;8;1861;50
1349;68;9;2010;40
1350;68;10;2653;35
1351;68;11;1495;30
1352;68;12;94;25
1353;68;13;1278;20
1354;68;14;33;15
1355;68;15;1614;10
1356;68;16;3182;7
1357;68;17;3046;5
1358;68;18;1636;3
1359;68;19;3100;2
1360;68;20;651;1
1361;69;1;1323;200
1362;69;2;1192;150
1363;69;3;588;125
1364;69;4;3070;100
1365;69;5;1399;85
1366;69;6;3191;70
1367;69;7;57;60
1368;69;8;349;50
1369;69;9;1541;40
1370;69;10;2859;35
1371;69;11;2014;30
1372;69;12;2546;25
1373;69;13;3171;20
1374;69;14;3182;15
1375;69;15;726;10
1376;69;16;486;7
1377;69;17;228;5
1378;69;18;2537;3
1379;69;19;2705;2
1380;69;20;1143;1
1381;70;1;1707;200
1382;70;2;1107;150
1383;70;3;728;125
1384;70;4;228;100
1385;70;5;2889;85
1386;70;6;1887;70
1387;70;7;3191;60
1388;70;8;1143;50
1389;70;9;3171;40
1390;70;10;2709;35
1391;70;11;1034;30
1392;70;12;2216;25
1393;70;13;2546;20
1394;70;14;1375;15
1395;70;15;57;10
1396;70;16;2339;7
1397;70;17;2943;5
1398;70;18;1267;3
1399;70;19;2408;2
1400;70;20;578;1
1401;71;1;2686;200
1402;71;2;1420;150
1403;71;3;2420;125
1404;71;4;2406;100
1405;71;5;2340;85
1406;71;6;2216;70
1407;71;7;1375;60
1408;71;8;1617;50
1409;71;9;762;40
1410;71;10;1323;35
1411;71;11;2859;30
1412;71;12;2429;25
1413;71;13;2389;20
1414;71;14;204;15
1415;71;15;571;10
1416;71;16;708;7
1417;71;17;1386;5
1418;71;18;2523;3
1419;71;19;3182;2
1420;71;20;2192;1
1421;72;1;2340;200
1422;72;2;880;150
1423;72;3;2939;125
1424;72;4;554;100
1425;72;5;1751;85
1426;72;6;2004;70
1427;72;7;2523;60
1428;72;8;2483;50
1429;72;9;762;40
1430;72;10;3191;35
1431;72;11;1399;30
1432;72;12;3161;25
1433;72;13;546;20
1434;72;14;2114;15
1435;72;15;2389;10
1436;72;16;1028;7
1437;72;17;1691;5
1438;72;18;2339;3
1439;72;19;232;2
1440;72;20;3003;1
1441;73;1;2004;200
1442;73;2;829;150
1443;73;3;2424;125
1444;73;4;1195;100
1445;73;5;1057;85
1446;73;6;880;70
1447;73;7;2748;60
1448;73;8;2487;50
1449;73;9;1727;40
1450;73;10;317;35
1451;73;11;1512;30
1452;73;12;1389;25
1453;73;13;2265;20
1454;73;14;262;15
1455;73;15;52;10
1456;73;16;305;7
1457;73;17;1090;5
1458;73;18;1751;3
1459;73;19;863;2
1460;73;20;2516;1
1461;74;1;238;200
1462;74;2;880;150
1463;74;3;806;125
1464;74;4;1921;100
1465;74;5;829;85
1466;74;6;1511;70
1467;74;7;985;60
1468;74;8;1396;50
1469;74;9;2004;40
1470;74;10;305;35
1471;74;11;2136;30
1472;74;12;946;25
1473;74;13;52;20
1474;74;14;2939;15
1475;74;15;111;10
1476;74;16;2424;7
1477;74;17;894;5
1478;74;18;568;3
1479;74;19;1768;2
1480;74;20;781;1
1481;75;1;222;200
1482;75;2;262;150
1483;75;3;806;125
1484;75;4;1816;100
1485;75;5;2004;85
1486;75;6;1768;70
1487;75;7;629;60
1488;75;8;2082;50
1489;75;9;2424;40
1490;75;10;500;35
1491;75;11;829;30
1492;75;12;1943;25
1493;75;13;305;20
1494;75;14;1511;15
1495;75;15;238;10
1496;75;16;458;7
1497;75;17;52;5
1498;75;18;2085;3
1499;75;19;925;2
1500;75;20;568;1
1501;76;1;1615;200
1502;76;2;2004;150
1503;76;3;1816;125
1504;76;4;1507;100
1505;76;5;2510;85
1506;76;6;1943;70
1507;76;7;2390;60
1508;76;8;1511;50
1509;76;9;806;40
1510;76;10;2085;35
1511;76;11;1807;30
1512;76;12;829;25
1513;76;13;221;20
1514;76;14;468;15
1515;76;15;540;10
1516;76;16;1720;7
1517;76;17;568;5
1518;76;18;821;3
1519;76;19;91;2
1520;76;20;2544;1
1521;77;1;1952;100
1522;77;2;998;70
1523;77;3;549;50
1524;77;4;271;40
1525;77;5;2021;30
1526;77;6;2901;20
1527;77;7;1103;15
1528;77;8;2675;10
1529;77;9;547;5
1530;77;10;2463;1
1531;78;1;1952;100
1532;78;2;2251;70
1533;78;3;2021;50
1534;78;4;2323;40
1535;78;5;1494;30
1536;78;6;983;20
1537;78;7;1411;15
1538;78;8;565;10
1539;78;9;549;5
1540;78;10;1005;1
1541;79;1;497;100
1542;79;2;2318;70
1543;79;3;2611;50
1544;79;4;1411;40
1545;79;5;1673;30
1546;79;6;983;20
1547;79;7;491;15
1548;79;8;2316;10
1549;79;9;2277;5
1550;79;10;201;1
1551;80;1;1411;100
1552;80;2;1247;70
1553;80;3;491;50
1554;80;4;2611;40
1555;80;5;1248;30
1556;80;6;2022;20
1557;80;7;711;15
1558;80;8;548;10
1559;80;9;0;5
1560;80;10;0;1
1561;81;1;1244;100
1562;81;2;1938;70
1563;81;3;2674;50
1564;81;4;2103;40
1565;81;5;1273;30
1566;81;6;2715;20
1567;81;7;1443;15
1568;81;8;1496;10
1569;81;9;2201;5
1570;81;10;711;1
1571;82;1;1673;100
1572;82;2;2611;70
1573;82;3;812;50
1574;82;4;2141;40
1575;82;5;2402;30
1576;82;6;1938;20
1577;82;7;1042;15
1578;82;8;1265;10
1579;82;9;1496;5
1580;82;10;2103;1
1581;83;1;324;100
1582;83;2;2114;70
1583;83;3;2611;50
1584;83;4;962;40
1585;83;5;301;30
1586;83;6;812;20
1587;83;7;2141;15
1588;83;8;1247;10
1589;83;9;1244;5
1590;83;10;2342;1
1591;84;1;951;100
1592;84;2;2114;70
1593;84;3;812;50
1594;84;4;324;40
1595;84;5;2342;30
1596;84;6;555;20
1597;84;7;574;15
1598;84;8;2611;10
1599;84;9;1244;5
1600;84;10;1814;1
1601;85;1;2114;100
1602;85;2;574;70
1603;85;3;2342;50
1604;85;4;710;40
1605;85;5;1244;30
1606;85;6;1045;20
1607;85;7;2103;15
1608;85;8;2532;10
1609;85;9;2664;5
1610;85;10;990;1
1611;86;1;1614;100
1612;86;2;1707;70
1613;86;3;1204;50
1614;86;4;1143;40
1615;86;5;1916;30
1616;86;6;1074;20
1617;86;7;2470;15
1618;86;8;202;10
1619;86;9;2251;5
1620;86;10;2312;1
1621;87;1;364;100
1622;87;2;1861;70
1623;87;3;949;50
1624;87;4;3168;40
1625;87;5;349;30
1626;87;6;3171;20
1627;87;7;2502;15
1628;87;8;2661;10
1629;87;9;594;5
1630;87;10;2829;1
1631;88;1;1861;100
1632;88;2;349;70
1633;88;3;949;50
1634;88;4;1707;40
1635;88;5;3171;30
1636;88;6;1391;20
1637;88;7;1397;15
1638;88;8;2239;10
1639;88;9;455;5
1640;88;10;314;1
1641;89;1;1488;100
1642;89;2;3171;70
1643;89;3;2502;50
1644;89;4;812;40
1645;89;5;2239;30
1646;89;6;949;20
1647;89;7;0;15
1648;89;8;0;10
1649;89;9;0;5
1650;89;10;0;1
1651;90;1;1861;100
1652;90;2;349;70
1653;90;3;812;50
1654;90;4;514;40
1655;90;5;1488;30
1656;90;6;364;20
1657;90;7;455;15
1658;90;8;2502;10
1659;90;9;172;5
1660;90;10;3171;1
1661;91;1;1553;100
1662;91;2;1195;70
1663;91;3;3171;50
1664;91;4;2899;40
1665;91;5;2664;30
1666;91;6;1397;20
1667;91;7;2829;15
1668;91;8;1861;10
1669;91;9;792;5
1670;91;10;2304;1
1671;92;1;2563;100
1672;92;2;2307;70
1673;92;3;1836;50
1674;92;4;2923;40
1675;92;5;2924;30
1676;92;6;1929;20
1677;92;7;3171;15
1678;92;8;2664;10
1679;92;9;792;5
1680;92;10;168;1
1681;93;1;3171;100
1682;93;2;2307;70
1683;93;3;1929;50
1684;93;4;951;40
1685;93;5;1397;30
1686;93;6;2923;20
1687;93;7;2311;15
1688;93;8;2056;10
1689;93;9;2881;5
1690;93;10;2899;1
1691;94;1;2307;100
1692;94;2;2923;70
1693;94;3;3171;50
1694;94;4;2899;40
1695;94;5;2780;30
1696;94;6;951;20
1697;94;7;555;15
1698;94;8;2339;10
1699;94;9;1929;5
1700;94;10;1580;1
1701;95;1;1195;100
1702;95;2;1267;70
1703;95;3;2307;50
1704;95;4;3100;40
1705;95;5;3171;30
1706;95;6;2780;20
1707;95;7;2923;15
1708;95;8;2869;10
1709;95;9;2868;5
1710;95;10;1888;1
1711;96;1;1195;100
1712;96;2;3182;70
1713;96;3;3171;50
1714;96;4;2523;40
1715;96;5;1546;30
1716;96;6;2408;20
1717;96;7;2307;15
1718;96;8;2687;10
1719;96;9;2919;5
1720;96;10;2420;1
1721;97;1;2669;100
1722;97;2;1674;70
1723;97;3;791;50
1724;97;4;2420;40
1725;97;5;2638;30
1726;97;6;2563;20
1727;97;7;2307;15
1728;97;8;3171;10
1729;97;9;342;5
1730;97;10;2923;1
1731;98;1;2250;100
1732;98;2;2010;70
1733;98;3;2235;50
1734;98;4;3017;40
1735;98;5;817;30
1736;98;6;567;20
1737;98;7;0;15
1738;98;8;0;10
1739;98;9;0;5
1740;98;10;0;1
1741;99;1;2250;100
1742;99;2;2235;70
1743;99;3;2010;50
1744;99;4;3017;40
1745;99;5;1095;30
1746;99;6;2889;20
1747;99;7;2582;15
1748;99;8;2513;10
1749;99;9;1154;5
1750;99;10;817;1
1751;100;1;2250;100
1752;100;2;2235;70
1753;100;3;2870;50
1754;100;4;700;40
1755;100;5;2010;30
1756;100;6;1152;20
1757;100;7;319;15
1758;100;8;2808;10
1759;100;9;3017;5
1760;100;10;1211;1
1761;101;1;700;100
1762;101;2;2250;70
1763;101;3;2010;50
1764;101;4;1341;40
1765;101;5;3017;30
1766;101;6;2505;20
1767;101;7;3018;15
1768;101;8;1152;10
1769;101;9;2867;5
1770;101;10;567;1
1771;102;1;2250;100
1772;102;2;2010;70
1773;102;3;319;50
1774;102;4;3116;40
1775;102;5;1272;30
1776;102;6;1152;20
1777;102;7;1341;15
1778;102;8;2870;10
1779;102;9;2375;5
1780;102;10;567;1
1781;103;1;1401;100
1782;103;2;2887;70
1783;103;3;2010;50
1784;103;4;2235;40
1785;103;5;2002;30
1786;103;6;1211;20
1787;103;7;1160;15
1788;103;8;471;10
1789;103;9;2042;5
1790;103;10;1250;1
1791;104;1;2870;100
1792;104;2;2010;70
1793;104;3;2235;50
1794;104;4;58;40
1795;104;5;2679;30
1796;104;6;3011;20
1797;104;7;2823;15
1798;104;8;1879;10
1799;104;9;1211;5
1800;104;10;1812;1
1801;105;1;1707;100
1802;105;2;3182;70
1803;105;3;2010;50
1804;105;4;2870;40
1805;105;5;319;30
1806;105;6;791;20
1807;105;7;3161;15
1808;105;8;2887;10
1809;105;9;700;5
1810;105;10;1812;1
1811;106;1;1707;100
1812;106;2;1879;70
1813;106;3;2826;50
1814;106;4;319;40
1815;106;5;2870;30
1816;106;6;2010;20
1817;106;7;58;15
1818;106;8;576;10
1819;106;9;2669;5
1820;106;10;2799;1
1821;107;1;1707;100
1822;107;2;294;70
1823;107;3;3183;50
1824;107;4;319;40
1825;107;5;2582;30
1826;107;6;868;20
1827;107;7;2669;15
1828;107;8;1875;10
1829;107;9;2809;5
1830;107;10;1879;1
1831;108;1;1707;100
1832;108;2;2563;70
1833;108;3;1401;50
1834;108;4;204;40
1835;108;5;3115;30
1836;108;6;1879;20
1837;108;7;3080;15
1838;108;8;3183;10
1839;108;9;435;5
1840;108;10;1775;1
1841;109;1;1707;100
1842;109;2;1057;70
1843;109;3;2592;50
1844;109;4;1546;40
1845;109;5;2876;30
1846;109;6;751;20
1847;109;7;2231;15
1848;109;8;303;10
1849;109;9;880;5
1850;109;10;435;1
1851;110;1;2980;100
1852;110;2;2231;70
1853;110;3;751;50
1854;110;4;435;40
1855;110;5;880;30
1856;110;6;1762;20
1857;110;7;1750;15
1858;110;8;1776;10
1859;110;9;1751;5
1860;110;10;3080;1
1861;111;1;2876;100
1862;111;2;2231;70
1863;111;3;2185;50
1864;111;4;385;40
1865;111;5;2324;30
1866;111;6;479;20
1867;111;7;1266;15
1868;111;8;1876;10
1869;111;9;2480;5
1870;111;10;1484;1
1871;112;1;1541;100
1872;112;2;2589;70
1873;112;3;2761;50
1874;112;4;2266;40
1875;112;5;1192;30
1876;112;6;797;20
1877;112;7;3046;15
1878;112;8;1089;10
1879;112;9;496;5
1880;112;10;1935;1
1881;113;1;1952;100
1882;113;2;1192;70
1883;113;3;57;50
1884;113;4;2761;40
1885;113;5;1651;30
1886;113;6;2228;20
1887;113;7;1830;15
1888;113;8;2275;10
1889;113;9;1546;5
1890;113;10;2230;1
1891;114;1;959;100
1892;114;2;2761;70
1893;114;3;57;50
1894;114;4;1546;40
1895;114;5;368;30
1896;114;6;2468;20
1897;114;7;355;15
1898;114;8;337;10
1899;114;9;2180;5
1900;114;10;343;1
1901;115;1;1856;100
1902;115;2;3046;70
1903;115;3;2923;50
1904;115;4;1546;40
1905;115;5;2761;30
1906;115;6;2785;20
1907;115;7;2266;15
1908;115;8;812;10
1909;115;9;959;5
1910;115;10;2943;1
1911;116;1;1089;100
1912;116;2;2687;70
1913;116;3;1945;50
1914;116;4;580;40
1915;116;5;2761;30
1916;116;6;2923;20
1917;116;7;343;15
1918;116;8;1192;10
1919;116;9;812;5
1920;116;10;1830;1
1921;117;1;1473;100
1922;117;2;2823;70
1923;117;3;2923;50
1924;117;4;2943;40
1925;117;5;959;30
1926;117;6;2523;20
1927;117;7;3162;15
1928;117;8;2516;10
1929;117;9;1375;5
1930;117;10;676;1
1931;118;1;2516;100
1932;118;2;676;70
1933;118;3;959;50
1934;118;4;57;40
1935;118;5;2785;30
1936;118;6;2523;20
1937;118;7;1830;15
1938;118;8;1375;10
1939;118;9;504;5
1940;118;10;962;1
1941;119;1;3100;100
1942;119;2;2563;70
1943;119;3;2235;50
1944;119;4;2893;40
1945;119;5;1107;30
1946;119;6;951;20
1947;119;7;2873;15
1948;119;8;742;10
1949;119;9;1536;5
1950;119;10;2869;1
1951;120;1;2503;100
1952;120;2;2563;70
1953;120;3;2505;50
1954;120;4;1107;40
1955;120;5;185;30
1956;120;6;951;20
1957;120;7;2869;15
1958;120;8;1580;10
1959;120;9;2311;5
1960;120;10;2351;1
1961;121;1;854;100
1962;121;2;627;70
1963;121;3;530;50
1964;121;4;3100;40
1965;121;5;2761;30
1966;121;6;2563;20
1967;121;7;1546;15
1968;121;8;2873;10
1969;121;9;2869;5
1970;121;10;1580;1
1971;122;1;349;100
1972;122;2;3070;70
1973;122;3;2582;50
1974;122;4;2682;40
1975;122;5;1914;30
1976;122;6;1817;20
1977;122;7;2563;15
1978;122;8;2869;10
1979;122;9;2351;5
1980;122;10;395;1
1981;123;1;349;100
1982;123;2;2881;70
1983;123;3;3100;50
1984;123;4;2923;40
1985;123;5;2020;30
1986;123;6;2563;20
1987;123;7;1580;15
1988;123;8;1195;10
1989;123;9;2780;5
1990;123;10;1269;1
1991;124;1;3070;100
1992;124;2;1589;70
1993;124;3;1914;50
1994;124;4;2686;40
1995;124;5;903;30
1996;124;6;1580;20
1997;124;7;391;15
1998;124;8;228;10
1999;124;9;401;5
2000;124;10;97;1
2001;125;1;2563;100
2002;125;2;2923;70
2003;125;3;1267;50
2004;125;4;208;40
2005;125;5;2869;30
2006;125;6;401;20
2007;125;7;391;15
2008;125;8;186;10
2009;125;9;172;5
2010;125;10;1580;1
2011;126;1;1341;100
2012;126;2;1107;70
2013;126;3;2563;50
2014;126;4;186;40
2015;126;5;3003;30
2016;126;6;1719;20
2017;126;7;2973;15
2018;126;8;2866;10
2019;126;9;2698;5
2020;126;10;1240;1
2021;127;1;1341;100
2022;127;2;2503;70
2023;127;3;1420;50
2024;127;4;2923;40
2025;127;5;3074;30
2026;127;6;486;20
2027;127;7;2582;15
2028;127;8;2669;10
2029;127;9;1881;5
2030;127;10;1580;1
2031;128;1;728;200
2032;128;2;2563;150
2033;128;3;294;125
2034;128;4;204;100
2035;128;5;2340;85
2036;128;6;2216;70
2037;128;7;2592;60
2038;128;8;2503;50
2039;128;9;2531;40
2040;128;10;2923;35
2041;128;11;2523;30
2042;128;12;57;25
2043;128;13;2686;20
2044;128;14;1546;15
2045;128;15;2870;10
2046;128;16;1240;7
2047;128;17;2168;5
2048;128;18;1910;3
2049;128;19;2192;2
2050;128;20;708;1
2051;129;1;2503;200
2052;129;2;186;150
2053;129;3;2406;125
2054;129;4;700;100
2055;129;5;2923;85
2056;129;6;2799;70
2057;129;7;1546;60
2058;129;8;1719;50
2059;129;9;2216;40
2060;129;10;97;35
2061;129;11;167;30
2062;129;12;1240;25
2063;129;13;220;20
2064;129;14;390;15
2065;129;15;2592;10
2066;129;16;1292;7
2067;129;17;1910;5
2068;129;18;1057;3
2069;129;19;2210;2
2070;129;20;934;1
2071;130;1;1057;200
2072;130;2;2592;150
2073;130;3;2406;125
2074;130;4;1546;100
2075;130;5;1195;85
2076;130;6;751;70
2077;130;7;2876;60
2078;130;8;2523;50
2079;130;9;2698;40
2080;130;10;1386;35
2081;130;11;2216;30
2082;130;12;3085;25
2083;130;13;2870;20
2084;130;14;2923;15
2085;130;15;620;10
2086;130;16;886;7
2087;130;17;390;5
2088;130;18;2043;3
2089;130;19;1240;2
2090;130;20;167;1
2091;131;1;2563;200
2092;131;2;1195;150
2093;131;3;1057;125
2094;131;4;2227;100
2095;131;5;2340;85
2096;131;6;186;70
2097;131;7;385;60
2098;131;8;2231;50
2099;131;9;264;40
2100;131;10;1602;35
2101;131;11;1794;30
2102;131;12;1386;25
2103;131;13;2523;20
2104;131;14;2192;15
2105;131;15;521;10
2106;131;16;1266;7
2107;131;17;700;5
2108;131;18;954;3
2109;131;19;244;2
2110;131;20;1727;1
2111;132;1;2004;200
2112;132;2;1195;150
2113;132;3;2563;125
2114;132;4;2592;100
2115;132;5;1602;85
2116;132;6;2231;70
2117;132;7;2389;60
2118;132;8;1386;50
2119;132;9;2043;40
2120;132;10;2102;35
2121;132;11;2923;30
2122;132;12;2320;25
2123;132;13;186;20
2124;132;14;3003;15
2125;132;15;204;10
2126;132;16;1727;7
2127;132;17;2192;5
2128;132;18;851;3
2129;132;19;2339;2
2130;132;20;1107;1
2131;133;1;1420;200
2132;133;2;2231;150
2133;133;3;1602;125
2134;133;4;2004;100
2135;133;5;521;85
2136;133;6;2876;70
2137;133;7;176;60
2138;133;8;74;50
2139;133;9;2870;40
2140;133;10;1484;35
2141;133;11;2984;30
2142;133;12;1645;25
2143;133;13;519;20
2144;133;14;1728;15
2145;133;15;602;10
2146;133;16;2597;7
2147;133;17;2701;5
2148;133;18;1338;3
2149;133;19;721;2
2150;133;20;2026;1
2151;134;1;1602;200
2152;134;2;2592;150
2153;134;3;1195;125
2154;134;4;1605;100
2155;134;5;2876;85
2156;134;6;2004;70
2157;134;7;2689;60
2158;134;8;2321;50
2159;134;9;2320;40
2160;134;10;2252;35
2161;134;11;492;30
2162;134;12;80;25
2163;134;13;880;20
2164;134;14;2828;15
2165;134;15;546;10
2166;134;16;721;7
2167;134;17;2533;5
2168;134;18;2231;3
2169;134;19;1338;2
2170;134;20;2101;1
2171;135;1;1089;100
2172;135;2;2307;70
2173;135;3;2783;50
2174;135;4;1192;40
2175;135;5;2767;30
2176;135;6;580;20
2177;135;7;2008;15
2178;135;8;2687;10
2179;135;9;2266;5
2180;135;10;1546;1
2181;136;1;2008;100
2182;136;2;2271;70
2183;136;3;1546;50
2184;136;4;788;40
2185;136;5;1811;30
2186;136;6;2656;20
2187;136;7;2307;15
2188;136;8;2785;10
2189;136;9;1089;5
2190;136;10;2687;1
2191;137;1;726;100
2192;137;2;1089;70
2193;137;3;1016;50
2194;137;4;2687;40
2195;137;5;3171;30
2196;137;6;2780;20
2197;137;7;1546;15
2198;137;8;2307;10
2199;137;9;2656;5
2200;137;10;728;1
2201;138;1;1922;100
2202;138;2;1546;70
2203;138;3;1016;50
2204;138;4;57;40
2205;138;5;2943;30
2206;138;6;2307;20
2207;138;7;1089;15
2208;138;8;2785;10
2209;138;9;2687;5
2210;138;10;1945;1
2211;139;1;1089;100
2212;139;2;2563;70
2213;139;3;1546;50
2214;139;4;580;40
2215;139;5;1192;30
2216;139;6;3182;20
2217;139;7;2785;15
2218;139;8;283;10
2219;139;9;2919;5
2220;139;10;2780;1
2221;140;1;3182;100
2222;140;2;1058;70
2223;140;3;2923;50
2224;140;4;2687;40
2225;140;5;2780;30
2226;140;6;2563;20
2227;140;7;3070;15
2228;140;8;2723;10
2229;140;9;2919;5
2230;140;10;283;1
2231;141;1;1089;100
2232;141;2;2307;70
2233;141;3;3182;50
2234;141;4;2687;40
2235;141;5;728;30
2236;141;6;1546;20
2237;141;7;2420;15
2238;141;8;1858;10
2239;141;9;97;5
2240;141;10;2919;1
2241;142;1;1089;100
2242;142;2;1546;70
2243;142;3;2563;50
2244;142;4;2686;40
2245;142;5;2420;30
2246;142;6;3161;20
2247;142;7;2687;15
2248;142;8;728;10
2249;142;9;791;5
2250;142;10;264;1
2251;143;1;1301;100
2252;143;2;1058;70
2253;143;3;3182;50
2254;143;4;2389;40
2255;143;5;2687;30
2256;143;6;2330;20
2257;143;7;1589;15
2258;143;8;2889;10
2259;143;9;1546;5
2260;143;10;3029;1
2261;144;1;728;100
2262;144;2;2420;70
2263;144;3;3161;50
2264;144;4;3064;40
2265;144;5;97;30
2266;144;6;3029;20
2267;144;7;2592;15
2268;144;8;0;10
2269;144;9;0;5
2270;144;10;0;1
2271;145;1;2420;100
2272;145;2;3029;70
2273;145;3;1546;50
2274;145;4;1057;40
2275;145;5;3182;30
2276;145;6;2919;20
2277;145;7;799;15
2278;145;8;2227;10
2279;145;9;3049;5
2280;145;10;3064;1
2281;146;1;2563;100
2282;146;2;2592;70
2283;146;3;1057;50
2284;146;4;1546;40
2285;146;5;1858;30
2286;146;6;1386;20
2287;146;7;2406;15
2288;146;8;2919;10
2289;146;9;3182;5
2290;146;10;2095;1
2291;147;1;728;100
2292;147;2;244;70
2293;147;3;2420;50
2294;147;4;2227;40
2295;147;5;2563;30
2296;147;6;799;20
2297;147;7;1581;15
2298;147;8;2592;10
2299;147;9;1301;5
2300;147;10;390;1
2301;148;1;1057;100
2302;148;2;1090;70
2303;148;3;244;50
2304;148;4;799;40
2305;148;5;2592;30
2306;148;6;218;20
2307;148;7;1640;15
2308;148;8;3161;10
2309;148;9;1783;5
2310;148;10;2420;1
2311;149;1;2563;100
2312;149;2;2592;70
2313;149;3;1057;50
2314;149;4;244;40
2315;149;5;376;30
2316;149;6;3064;20
2317;149;7;58;15
2318;149;8;2409;10
2319;149;9;799;5
2320;149;10;2689;1
2321;150;1;1057;100
2322;150;2;3161;70
2323;150;3;58;50
2324;150;4;2227;40
2325;150;5;1071;30
2326;150;6;347;20
2327;150;7;80;15
2328;150;8;2782;10
2329;150;9;1050;5
2330;150;10;762;1
2331;151;1;2227;100
2332;151;2;1057;70
2333;151;3;58;50
2334;151;4;2544;40
2335;151;5;2615;30
2336;151;6;2231;20
2337;151;7;2088;15
2338;151;8;347;10
2339;151;9;2413;5
2340;151;10;1576;1
2341;152;1;1057;100
2342;152;2;2409;70
2343;152;3;2227;50
2344;152;4;2544;40
2345;152;5;244;30
2346;152;6;376;20
2347;152;7;3041;15
2348;152;8;2782;10
2349;152;9;970;5
2350;152;10;3064;1
2351;153;1;2389;100
2352;153;2;1203;70
2353;153;3;1961;50
2354;153;4;2409;40
2355;153;5;2782;30
2356;153;6;347;20
2357;153;7;2438;15
2358;153;8;537;10
2359;153;9;2095;5
2360;153;10;891;1
2361;154;1;2002;100
2362;154;2;1446;70
2363;154;3;708;50
2364;154;4;1322;40
2365;154;5;424;30
2366;154;6;682;20
2367;154;7;1095;15
2368;154;8;2862;10
2369;154;9;415;5
2370;154;10;1595;1
2371;155;1;588;100
2372;155;2;1322;70
2373;155;3;1274;50
2374;155;4;2442;40
2375;155;5;2479;30
2376;155;6;1653;20
2377;155;7;682;15
2378;155;8;2864;10
2379;155;9;708;5
2380;155;10;1749;1
2381;156;1;2503;100
2382;156;2;1322;70
2383;156;3;1478;50
2384;156;4;454;40
2385;156;5;1742;30
2386;156;6;228;20
2387;156;7;1475;15
2388;156;8;424;10
2389;156;9;2605;5
2390;156;10;1927;1
2391;157;1;762;100
2392;157;2;2546;70
2393;157;3;1473;50
2394;157;4;1577;40
2395;157;5;708;30
2396;157;6;728;20
2397;157;7;3191;15
2398;157;8;1478;10
2399;157;9;3100;5
2400;157;10;2864;1
2401;158;1;2503;200
2402;158;2;728;150
2403;158;3;1016;125
2404;158;4;951;100
2405;158;5;1478;85
2406;158;6;57;70
2407;158;7;708;60
2408;158;8;2516;50
2409;158;9;2887;40
2410;158;10;1143;35
2411;158;11;228;30
2412;158;12;2010;25
2413;158;13;3046;20
2414;158;14;1691;15
2415;158;15;1473;10
2416;158;16;2605;7
2417;158;17;2266;5
2418;158;18;349;3
2419;158;19;1662;2
2420;158;20;700;1
2421;159;1;2503;200
2422;159;2;1475;150
2423;159;3;1107;125
2424;159;4;228;100
2425;159;5;3100;85
2426;159;6;2216;70
2427;159;7;2687;60
2428;159;8;1662;50
2429;159;9;2711;40
2430;159;10;512;35
2431;159;11;1089;30
2432;159;12;1143;25
2433;159;13;2780;20
2434;159;14;2010;15
2435;159;15;2352;10
2436;159;16;2516;7
2437;159;17;1095;5
2438;159;18;728;3
2439;159;19;215;2
2440;159;20;2984;1
2441;160;1;2503;200
2442;160;2;728;150
2443;160;3;3070;125
2444;160;4;1546;100
2445;160;5;2134;85
2446;160;6;2709;70
2447;160;7;2986;60
2448;160;8;857;50
2449;160;9;294;40
2450;160;10;1475;35
2451;160;11;2523;30
2452;160;12;1195;25
2453;160;13;3065;20
2454;160;14;1143;15
2455;160;15;3172;10
2456;160;16;512;7
2457;160;17;2216;5
2458;160;18;1089;3
2459;160;19;1929;2
2460;160;20;2030;1
2461;161;1;2503;200
2462;161;2;228;150
2463;161;3;700;125
2464;161;4;2677;100
2465;161;5;2216;85
2466;161;6;2870;70
2467;161;7;2709;60
2468;161;8;1143;50
2469;161;9;2479;40
2470;161;10;1386;35
2471;161;11;1056;30
2472;161;12;1578;25
2473;161;13;2148;20
2474;161;14;215;15
2475;161;15;905;10
2476;161;16;1335;7
2477;161;17;2761;5
2478;161;18;294;3
2479;161;19;1546;2
2480;161;20;512;1
2481;162;1;2503;150
2482;162;2;1662;115
2483;162;3;708;95
2484;162;4;1592;75
2485;162;5;3039;65
2486;162;6;228;55
2487;162;7;1420;47
2488;162;8;2986;40
2489;162;9;2552;33
2490;162;10;2345;28
2491;162;11;2887;23
2492;162;12;1056;18
2493;162;13;3068;14
2494;162;14;1670;11
2495;162;15;2710;8
2496;162;16;527;6
2497;162;17;2864;4
2498;162;18;1145;3
2499;162;19;1386;2
2500;162;20;1689;1
2501;163;1;1868;150
2502;163;2;1870;115
2503;163;3;1420;95
2504;163;4;1592;75
2505;163;5;2503;65
2506;163;6;1593;55
2507;163;7;1471;47
2508;163;8;1195;40
2509;163;9;2986;33
2510;163;10;827;28
2511;163;11;1670;23
2512;163;12;169;18
2513;163;13;2154;14
2514;163;14;2192;11
2515;163;15;215;8
2516;163;16;907;6
2517;163;17;1896;4
2518;163;18;1948;3
2519;163;19;1552;2
2520;163;20;749;1
2521;164;1;2503;150
2522;164;2;1056;115
2523;164;3;1662;95
2524;164;4;2552;75
2525;164;5;1659;65
2526;164;6;2710;55
2527;164;7;204;47
2528;164;8;97;40
2529;164;9;1386;33
2530;164;10;2563;28
2531;164;11;1887;23
2532;164;12;169;18
2533;164;13;1948;14
2534;164;14;2138;11
2535;164;15;1336;8
2536;164;16;126;6
2537;164;17;264;4
2538;164;18;2761;3
2539;164;19;2222;2
2540;164;20;486;1
2541;165;1;1195;150
2542;165;2;2563;115
2543;165;3;1662;95
2544;165;4;2406;75
2545;165;5;1386;65
2546;165;6;762;55
2547;165;7;1420;47
2548;165;8;2761;40
2549;165;9;2986;33
2550;165;10;1870;28
2551;165;11;126;23
2552;165;12;571;18
2553;165;13;1593;14
2554;165;14;1617;11
2555;165;15;2592;8
2556;165;16;2157;6
2557;165;17;1056;4
2558;165;18;2420;3
2559;165;19;1670;2
2560;165;20;1609;1
2561;166;1;2563;150
2562;166;2;1195;115
2563;166;3;2986;95
2564;166;4;264;75
2565;166;5;2592;65
2566;166;6;2757;55
2567;166;7;1525;47
2568;166;8;215;40
2569;166;9;1670;33
2570;166;10;2734;28
2571;166;11;1552;23
2572;166;12;1599;18
2573;166;13;527;14
2574;166;14;2972;11
2575;166;15;2531;8
2576;166;16;1056;6
2577;166;17;1130;4
2578;166;18;1662;3
2579;166;19;1617;2
2580;166;20;1473;1
2581;167;1;1195;150
2582;167;2;2563;115
2583;167;3;1056;95
2584;167;4;1386;75
2585;167;5;1339;65
2586;167;6;1662;55
2587;167;7;1525;47
2588;167;8;425;40
2589;167;9;2986;33
2590;167;10;482;28
2591;167;11;2406;23
2592;167;12;2837;18
2593;167;13;1526;14
2594;167;14;1552;11
2595;167;15;104;8
2596;167;16;1130;6
2597;167;17;749;4
2598;167;18;2626;3
2599;167;19;1609;2
2600;167;20;1617;1
2601;168;1;512;150
2602;168;2;425;115
2603;168;3;1195;95
2604;168;4;1339;75
2605;168;5;2563;65
2606;168;6;2986;55
2607;168;7;1386;47
2608;168;8;2748;40
2609;168;9;2844;33
2610;168;10;896;28
2611;168;11;457;23
2612;168;12;2698;18
2613;168;13;1670;14
2614;168;14;482;11
2615;168;15;1801;8
2616;168;16;2837;6
2617;168;17;1662;4
2618;168;18;2157;3
2619;168;19;1693;2
2620;168;20;2978;1
2621;169;1;1195;150
2622;169;2;1386;115
2623;169;3;2748;95
2624;169;4;3003;75
2625;169;5;482;65
2626;169;6;92;55
2627;169;7;2627;47
2628;169;8;561;40
2629;169;9;116;33
2630;169;10;1592;28
2631;169;11;1921;23
2632;169;12;1420;18
2633;169;13;425;14
2634;169;14;1056;11
2635;169;15;1339;8
2636;169;16;1605;6
2637;169;17;2986;4
2638;169;18;2972;3
2639;169;19;215;2
2640;169;20;1620;1
2641;170;1;1195;150
2642;170;2;2748;115
2643;170;3;2972;95
2644;170;4;425;75
2645;170;5;3003;65
2646;170;6;1389;55
2647;170;7;2627;47
2648;170;8;448;40
2649;170;9;1386;33
2650;170;10;227;28
2651;170;11;1670;23
2652;170;12;2164;18
2653;170;13;720;14
2654;170;14;482;11
2655;170;15;1323;8
2656;170;16;92;6
2657;170;17;1921;4
2658;170;18;116;3
2659;170;19;215;2
2660;170;20;1592;1
2661;171;1;1057;150
2662;171;2;2748;115
2663;171;3;1340;95
2664;171;4;1389;75
2665;171;5;542;65
2666;171;6;1386;55
2667;171;7;556;47
2668;171;8;1662;40
2669;171;9;2972;33
2670;171;10;347;28
2671;171;11;1787;23
2672;171;12;1514;18
2673;171;13;630;14
2674;171;14;1376;11
2675;171;15;482;8
2676;171;16;869;6
2677;171;17;2590;4
2678;171;18;1203;3
2679;171;19;723;2
2680;171;20;873;1
2681;172;1;1195;150
2682;172;2;2592;115
2683;172;3;1057;95
2684;172;4;1680;75
2685;172;5;1389;65
2686;172;6;1386;55
2687;172;7;2972;47
2688;172;8;1662;40
2689;172;9;1702;33
2690;172;10;58;28
2691;172;11;869;23
2692;172;12;1362;18
2693;172;13;3003;14
2694;172;14;698;11
2695;172;15;1514;8
2696;172;16;1340;6
2697;172;17;1669;4
2698;172;18;3088;3
2699;172;19;457;2
2700;172;20;2736;1
2701;173;1;946;100
2702;173;2;1389;70
2703;173;3;600;50
2704;173;4;2748;40
2705;173;5;1921;30
2706;173;6;1715;20
2707;173;7;1669;15
2708;173;8;3087;10
2709;173;9;1280;5
2710;173;10;2109;1
2711;174;1;946;150
2712;174;2;1715;115
2713;174;3;1671;95
2714;174;4;52;75
2715;174;5;985;65
2716;174;6;1790;55
2717;174;7;1921;47
2718;174;8;2740;40
2719;174;9;1386;33
2720;174;10;1915;28
2721;174;11;1612;23
2722;174;12;1298;18
2723;174;13;654;14
2724;174;14;1355;11
2725;174;15;110;8
2726;174;16;2109;6
2727;174;17;1650;4
2728;174;18;122;3
2729;174;19;1668;2
2730;174;20;1603;1
2731;175;1;829;200
2732;175;2;806;150
2733;175;3;52;125
2734;175;4;2748;100
2735;175;5;629;85
2736;175;6;946;70
2737;175;7;1680;60
2738;175;8;1715;50
2739;175;9;1961;40
2740;175;10;417;35
2741;175;11;1389;30
2742;175;12;925;25
2743;175;13;1669;20
2744;175;14;2136;15
2745;175;15;1668;10
2746;175;16;458;7
2747;175;17;1233;5
2748;175;18;985;3
2749;175;19;1057;2
2750;175;20;2109;1
2751;176;1;2136;200
2752;176;2;806;150
2753;176;3;52;125
2754;176;4;946;100
2755;176;5;417;85
2756;176;6;1128;70
2757;176;7;683;60
2758;176;8;781;50
2759;176;9;1612;40
2760;176;10;91;35
2761;176;11;894;30
2762;176;12;925;25
2763;176;13;629;20
2764;176;14;1527;15
2765;176;15;835;10
2766;176;16;1206;7
2767;176;17;509;5
2768;176;18;1354;3
2769;176;19;1296;2
2770;176;20;320;1
2771;209;1;708;100
2772;209;2;2859;70
2773;209;3;588;50
2774;209;4;2124;40
2775;209;5;1322;30
2776;209;6;2002;20
2777;209;7;1446;15
2778;209;8;1742;10
2779;209;9;2442;5
2780;209;10;1818;1
2781;210;1;1473;100
2782;210;2;3191;70
2783;210;3;1399;50
2784;210;4;762;40
2785;210;5;2546;30
2786;210;6;728;20
2787;210;7;1749;15
2788;210;8;1818;10
2789;210;9;1478;5
2790;210;10;2864;1
2791;211;1;1143;100
2792;211;2;1107;70
2793;211;3;3065;50
2794;211;4;1407;40
2795;211;5;728;30
2796;211;6;2055;20
2797;211;7;206;15
2798;211;8;842;10
2799;211;9;854;5
2800;211;10;2141;1
2801;212;1;1107;100
2802;212;2;2470;70
2803;212;3;2014;50
2804;212;4;2705;40
2805;212;5;1095;30
2806;212;6;947;20
2807;212;7;578;15
2808;212;8;2562;10
2809;212;9;1143;5
2810;212;10;1323;1
2811;213;1;1107;100
2812;213;2;486;70
2813;213;3;854;50
2814;213;4;2141;40
2815;213;5;947;30
2816;213;6;2899;20
2817;213;7;856;15
2818;213;8;2887;10
2819;213;9;578;5
2820;213;10;764;1
2821;214;1;959;100
2822;214;2;2228;70
2823;214;3;2589;50
2824;214;4;1089;40
2825;214;5;2337;30
2826;214;6;2785;20
2827;214;7;1830;15
2828;214;8;1806;10
2829;214;9;368;5
2830;214;10;2223;1
2831;215;1;3046;100
2832;215;2;1922;70
2833;215;3;2228;50
2834;215;4;2223;40
2835;215;5;762;30
2836;215;6;2230;20
2837;215;7;1806;15
2838;215;8;2589;10
2839;215;9;1757;5
2840;215;10;2761;1
2841;216;1;959;100
2842;216;2;3046;70
2843;216;3;1192;50
2844;216;4;812;40
2845;216;5;2785;30
2846;216;6;3182;20
2847;216;7;580;15
2848;216;8;2228;10
2849;216;9;2656;5
2850;216;10;2516;1
2851;217;1;762;100
2852;217;2;728;70
2853;217;3;57;50
2854;217;4;1192;40
2855;217;5;3046;30
2856;217;6;2516;20
2857;217;7;2228;15
2858;217;8;1830;10
2859;217;9;2001;5
2860;217;10;2761;1
2861;218;1;762;100
2862;218;2;959;70
2863;218;3;3182;50
2864;218;4;1235;40
2865;218;5;1546;30
2866;218;6;58;20
2867;218;7;2389;15
2868;218;8;2785;10
2869;218;9;2687;5
2870;218;10;2723;1
2871;219;1;50;100
2872;219;2;2298;70
2873;219;3;1107;50
2874;219;4;2887;40
2875;219;5;792;30
2876;219;6;2046;20
2877;219;7;1095;15
2878;219;8;349;10
2879;219;9;2889;5
2880;219;10;2924;1
2881;220;1;1107;100
2882;220;2;349;70
2883;220;3;2351;50
2884;220;4;3100;40
2885;220;5;454;30
2886;220;6;1269;20
2887;220;7;2869;15
2888;220;8;2311;10
2889;220;9;595;5
2890;220;10;2637;1
2891;221;1;1107;100
2892;221;2;1420;70
2893;221;3;1044;50
2894;221;4;1269;40
2895;221;5;1580;30
2896;221;6;951;20
2897;221;7;2351;15
2898;221;8;2923;10
2899;221;9;2666;5
2900;221;10;2679;1
2901;222;1;1487;100
2902;222;2;349;70
2903;222;3;726;50
2904;222;4;3171;40
2905;222;5;2924;30
2906;222;6;677;20
2907;222;7;949;15
2908;222;8;801;10
2909;222;9;2550;5
2910;222;10;70;1
2911;223;1;726;100
2912;223;2;3171;70
2913;223;3;2307;50
2914;223;4;677;40
2915;223;5;830;30
2916;223;6;1180;20
2917;223;7;1966;15
2918;223;8;349;10
2919;223;9;2664;5
2920;223;10;87;1
2921;224;1;514;100
2922;224;2;349;70
2923;224;3;2339;50
2924;224;4;62;40
2925;224;5;3171;30
2926;224;6;1836;20
2927;224;7;903;15
2928;224;8;87;10
2929;224;9;2672;5
2930;224;10;726;1
2931;225;1;2056;100
2932;225;2;726;70
2933;225;3;343;50
2934;225;4;1580;40
2935;225;5;2307;30
2936;225;6;2339;20
2937;225;7;3171;15
2938;225;8;349;10
2939;225;9;2523;5
2940;225;10;1830;1
2941;226;1;2389;100
2942;226;2;2339;70
2943;226;3;391;50
2944;226;4;2714;40
2945;226;5;2056;30
2946;226;6;3171;20
2947;226;7;2899;15
2948;226;8;2786;10
2949;226;9;2791;5
2950;226;10;726;1
2951;227;1;3070;100
2952;227;2;728;70
2953;227;3;2339;50
2954;227;4;2389;40
2955;227;5;1929;30
2956;227;6;2684;20
2957;227;7;2304;15
2958;227;8;3183;10
2959;227;9;264;5
2960;227;10;3171;1
2961;228;1;2523;100
2962;228;2;1341;70
2963;228;3;2192;50
2964;228;4;1580;40
2965;228;5;3074;30
2966;228;6;264;20
2967;228;7;390;15
2968;228;8;3070;10
2969;228;9;2950;5
2970;228;10;1929;1
2971;229;1;2429;100
2972;229;2;2339;70
2973;229;3;2889;50
2974;229;4;2406;40
2975;229;5;1592;30
2976;229;6;874;20
2977;229;7;116;15
2978;229;8;486;10
2979;229;9;700;5
2980;229;10;2420;1
2981;230;1;959;150
2982;230;2;1868;115
2983;230;3;1490;95
2984;230;4;2057;75
2985;230;5;2761;65
2986;230;6;3191;55
2987;230;7;2523;47
2988;230;8;2743;40
2989;230;9;126;33
2990;230;10;264;28
2991;230;11;435;23
2992;230;12;349;18
2993;230;13;167;14
2994;230;14;2339;11
2995;230;15;1934;8
2996;230;16;812;6
2997;230;17;3039;4
2998;230;18;620;3
2999;230;19;767;2
3000;230;20;600;1
3001;231;1;762;150
3002;231;2;2231;115
3003;231;3;2406;95
3004;231;4;1344;75
3005;231;5;1386;65
3006;231;6;1858;55
3007;231;7;2939;47
3008;231;8;220;40
3009;231;9;69;33
3010;231;10;3161;28
3011;231;11;2523;23
3012;231;12;318;18
3013;231;13;667;14
3014;231;14;170;11
3015;231;15;390;8
3016;231;16;167;6
3017;231;17;886;4
3018;231;18;2942;3
3019;231;19;1808;2
3020;231;20;74;1
3021;232;1;3191;200
3022;232;2;2406;150
3023;232;3;2420;125
3024;232;4;1420;100
3025;232;5;2340;85
3026;232;6;2222;70
3027;232;7;2004;60
3028;232;8;264;50
3029;232;9;762;40
3030;232;10;3003;35
3031;232;11;2870;30
3032;232;12;2973;25
3033;232;13;2389;20
3034;232;14;2889;15
3035;232;15;2339;10
3036;232;16;767;7
3037;232;17;959;5
3038;232;18;1845;3
3039;232;19;2192;2
3040;232;20;2227;1
3041;233;1;762;200
3042;233;2;2004;150
3043;233;3;2406;125
3044;233;4;2340;100
3045;233;5;934;85
3046;233;6;167;70
3047;233;7;2811;60
3048;233;8;1221;50
3049;233;9;767;40
3050;233;10;2592;35
3051;233;11;2420;30
3052;233;12;186;25
3053;233;13;2095;20
3054;233;14;2365;15
3055;233;15;1386;10
3056;233;16;2923;7
3057;233;17;2899;5
3058;233;18;2523;3
3059;233;19;2227;2
3060;233;20;652;1
3061;234;1;2870;200
3062;234;2;1420;150
3063;234;3;2216;125
3064;234;4;71;100
3065;234;5;512;85
3066;234;6;1399;70
3067;234;7;2689;60
3068;234;8;2365;50
3069;234;9;2080;40
3070;234;10;880;35
3071;234;11;762;30
3072;234;12;3191;25
3073;234;13;600;20
3074;234;14;2523;15
3075;234;15;2339;10
3076;234;16;2114;7
3077;234;17;447;5
3078;234;18;2227;3
3079;234;19;767;2
3080;234;20;116;1
3081;235;1;1617;200
3082;235;2;2004;150
3083;235;3;3003;125
3084;235;4;161;100
3085;235;5;880;85
3086;235;6;1081;70
3087;235;7;2870;60
3088;235;8;1751;50
3089;235;9;829;40
3090;235;10;2340;35
3091;235;11;2561;30
3092;235;12;2889;25
3093;235;13;3161;20
3094;235;14;1793;15
3095;235;15;934;10
3096;235;16;1592;7
3097;235;17;767;5
3098;235;18;600;3
3099;235;19;2222;2
3100;235;20;1323;1
3101;236;1;1107;100
3102;236;2;486;70
3103;236;3;700;50
3104;236;4;3070;40
3105;236;5;2923;30
3106;236;6;2266;20
3107;236;7;2638;15
3108;236;8;3034;10
3109;236;9;1948;5
3110;236;10;580;1
3111;237;1;57;200
3112;237;2;486;150
3113;237;3;728;125
3114;237;4;762;100
3115;237;5;857;85
3116;237;6;2228;70
3117;237;7;2546;60
3118;237;8;1749;50
3119;237;9;2516;40
3120;237;10;959;35
3121;237;11;2223;30
3122;237;12;2503;25
3123;237;13;1478;20
3124;237;14;1016;15
3125;237;15;1247;10
3126;237;16;228;7
3127;237;17;1887;5
3128;237;18;1323;3
3129;237;19;1399;2
3130;237;20;812;1
3131;238;1;3065;200
3132;238;2;1420;150
3133;238;3;2996;125
3134;238;4;2057;100
3135;238;5;486;85
3136;238;6;1099;70
3137;238;7;512;60
3138;238;8;3169;50
3139;238;9;1948;40
3140;238;10;2588;35
3141;238;11;2503;30
3142;238;12;3100;25
3143;238;13;228;20
3144;238;14;3070;15
3145;238;15;2687;10
3146;238;16;1143;7
3147;238;17;2923;5
3148;238;18;857;3
3149;238;19;1107;2
3150;238;20;2516;1
3151;239;1;2726;150
3152;239;2;959;115
3153;239;3;1375;95
3154;239;4;1044;75
3155;239;5;676;65
3156;239;6;962;55
3157;239;7;2785;47
3158;239;8;578;40
3159;239;9;1948;33
3160;239;10;1418;28
3161;239;11;1235;23
3162;239;12;401;18
3163;239;13;1830;14
3164;239;14;1592;11
3165;239;15;2001;8
3166;239;16;2418;6
3167;239;17;1929;4
3168;239;18;514;3
3169;239;19;3046;2
3170;239;20;2516;1
3171;240;1;2420;200
3172;240;2;2563;150
3173;240;3;228;125
3174;240;4;2216;100
3175;240;5;700;85
3176;240;6;2235;70
3177;240;7;3172;60
3178;240;8;2603;50
3179;240;9;2210;40
3180;240;10;1143;35
3181;240;11;294;30
3182;240;12;924;25
3183;240;13;2887;20
3184;240;14;2465;15
3185;240;15;3161;10
3186;240;16;2870;7
3187;240;17;512;5
3188;240;18;1887;3
3189;240;19;3065;2
3190;240;20;1546;1
3191;241;1;2864;100
3192;241;2;2307;70
3193;241;3;3182;50
3194;241;4;3171;40
3195;241;5;2664;30
3196;241;6;1929;20
3197;241;7;762;15
3198;241;8;812;10
3199;241;9;349;5
3200;241;10;2881;1
3201;242;1;3191;200
3202;242;2;857;150
3203;242;3;3183;125
3204;242;4;728;100
3205;242;5;2687;85
3206;242;6;2870;70
3207;242;7;2537;60
3208;242;8;1401;50
3209;242;9;2923;40
3210;242;10;1192;35
3211;242;11;2817;30
3212;242;12;486;25
3213;242;13;812;20
3214;242;14;2216;15
3215;242;15;57;10
3216;242;16;1929;7
3217;242;17;2442;5
3218;242;18;2235;3
3219;242;19;2709;2
3220;242;20;1487;1
3221;243;1;228;200
3222;243;2;1107;150
3223;243;3;294;125
3224;243;4;857;100
3225;243;5;2870;85
3226;243;6;3070;70
3227;243;7;2216;60
3228;243;8;512;50
3229;243;9;1143;40
3230;243;10;2864;35
3231;243;11;207;30
3232;243;12;3171;25
3233;243;13;2996;20
3234;243;14;812;15
3235;243;15;2235;10
3236;243;16;1879;7
3237;243;17;2010;5
3238;243;18;2679;3
3239;243;19;2523;2
3240;243;20;2761;1
3241;244;1;2516;200
3242;244;2;959;150
3243;244;3;2216;125
3244;244;4;728;100
3245;244;5;2870;85
3246;244;6;57;70
3247;244;7;1399;60
3248;244;8;2339;50
3249;244;9;578;40
3250;244;10;3172;35
3251;244;11;486;30
3252;244;12;512;25
3253;244;13;2523;20
3254;244;14;1700;15
3255;244;15;294;10
3256;244;16;1049;7
3257;244;17;1143;5
3258;244;18;3171;3
3259;244;19;2546;2
3260;244;20;2037;1
3261;245;1;2870;200
3262;245;2;959;150
3263;245;3;762;125
3264;245;4;2339;100
3265;245;5;57;85
3266;245;6;2001;70
3267;245;7;228;60
3268;245;8;2235;50
3269;245;9;2216;40
3270;245;10;2503;35
3271;245;11;186;30
3272;245;12;2537;25
3273;245;13;2424;20
3274;245;14;2923;15
3275;245;15;2523;10
3276;245;16;1143;7
3277;245;17;3003;5
3278;245;18;512;3
3279;245;19;1341;2
3280;245;20;1929;1
3281;246;1;2889;200
3282;246;2;2785;150
3283;246;3;2523;125
3284;246;4;2216;100
3285;246;5;3182;85
3286;246;6;2870;70
3287;246;7;2339;60
3288;246;8;2943;50
3289;246;9;3191;40
3290;246;10;2503;35
3291;246;11;2603;30
3292;246;12;891;25
3293;246;13;1868;20
3294;246;14;2563;15
3295;246;15;204;10
3296;246;16;116;7
3297;246;17;2687;5
3298;246;18;1879;3
3299;246;19;3035;2
3300;246;20;812;1
3301;247;1;1057;100
3302;247;2;2939;70
3303;247;3;959;50
3304;247;4;885;40
3305;247;5;1090;30
3306;247;6;2389;20
3307;247;7;2095;15
3308;247;8;2365;10
3309;247;9;1616;5
3310;247;10;2215;1
3311;2252;1;554;100
3312;2252;2;1323;70
3313;2252;3;885;50
3314;2252;4;1793;40
3315;2252;5;3091;30
3316;2252;6;2561;20
3317;2252;7;600;15
3318;2252;8;2466;10
3319;2252;9;767;5
3320;2252;10;3002;1
3321;2253;1;885;100
3322;2253;2;1420;70
3323;2253;3;1323;50
3324;2253;4;2740;40
3325;2253;5;447;30
3326;2253;6;1751;20
3327;2253;7;2466;15
3328;2253;8;767;10
3329;2253;9;3091;5
3330;2253;10;178;1
3331;248;1;486;100
3332;248;2;2516;70
3333;248;3;959;50
3334;248;4;1323;40
3335;248;5;1016;30
3336;248;6;1868;20
3337;248;7;1929;15
3338;248;8;1044;10
3339;248;9;812;5
3340;248;10;2588;1
3341;249;1;728;200
3342;249;2;1195;150
3343;249;3;3100;125
3344;249;4;708;100
3345;249;5;700;85
3346;249;6;2799;70
3347;249;7;2582;60
3348;249;8;1627;50
3349;249;9;57;40
3350;249;10;2216;35
3351;249;11;857;30
3352;249;12;2923;25
3353;249;13;1211;20
3354;249;14;3183;15
3355;249;15;2102;10
3356;249;16;2899;7
3357;249;17;2780;5
3358;249;18;1143;3
3359;249;19;1306;2
3360;249;20;1817;1
3361;250;1;2503;200
3362;250;2;1707;150
3363;250;3;228;125
3364;250;4;1107;100
3365;250;5;2235;85
3366;250;6;2923;70
3367;250;7;857;60
3368;250;8;2582;50
3369;250;9;2650;40
3370;250;10;2870;35
3371;250;11;294;30
3372;250;12;3065;25
3373;250;13;2932;20
3374;250;14;1879;15
3375;250;15;2854;10
3376;250;16;401;7
3377;250;17;97;5
3378;250;18;837;3
3379;250;19;700;2
3380;250;20;512;1
3381;251;1;512;200
3382;251;2;1707;150
3383;251;3;1095;125
3384;251;4;1016;100
3385;251;5;2870;85
3386;251;6;1341;70
3387;251;7;294;60
3388;251;8;2210;50
3389;251;9;2216;40
3390;251;10;2516;35
3391;251;11;728;30
3392;251;12;1195;25
3393;251;13;700;20
3394;251;14;3172;15
3395;251;15;3070;10
3396;251;16;2682;7
3397;251;17;3085;5
3398;251;18;3183;3
3399;251;19;954;2
3400;251;20;1143;1
3401;252;1;1420;200
3402;252;2;700;150
3403;252;3;2235;125
3404;252;4;2742;100
3405;252;5;2666;85
3406;252;6;764;70
3407;252;7;1049;60
3408;252;8;2216;50
3409;252;9;2592;40
3410;252;10;512;35
3411;252;11;1143;30
3412;252;12;2817;25
3413;252;13;2799;20
3414;252;14;2643;15
3415;252;15;689;10
3416;252;16;891;7
3417;252;17;2145;5
3418;252;18;2148;3
3419;252;19;850;2
3420;252;20;1266;1
3421;253;1;2503;200
3422;253;2;2563;150
3423;253;3;700;125
3424;253;4;3172;100
3425;253;5;3103;85
3426;253;6;1546;70
3427;253;7;2919;60
3428;253;8;1049;50
3429;253;9;569;40
3430;253;10;2592;35
3431;253;11;57;30
3432;253;12;2899;25
3433;253;13;1143;20
3434;253;14;924;15
3435;253;15;1929;10
3436;253;16;2923;7
3437;253;17;264;5
3438;253;18;3071;3
3439;253;19;2192;2
3440;253;20;2695;1
3441;254;1;512;200
3442;254;2;728;150
3443;254;3;2870;125
3444;254;4;2563;100
3445;254;5;2923;85
3446;254;6;2592;70
3447;254;7;2919;60
3448;254;8;204;50
3449;254;9;2216;40
3450;254;10;486;35
3451;254;11;1910;30
3452;254;12;700;25
3453;254;13;1546;20
3454;254;14;1240;15
3455;254;15;1266;10
3456;254;16;2686;7
3457;254;17;2345;5
3458;254;18;3067;3
3459;254;19;234;2
3460;254;20;1845;1
3461;255;1;2503;200
3462;255;2;186;150
3463;255;3;2923;125
3464;255;4;2799;100
3465;255;5;2406;85
3466;255;6;1240;70
3467;255;7;667;60
3468;255;8;512;50
3469;255;9;2043;40
3470;255;10;1057;35
3471;255;11;2563;30
3472;255;12;700;25
3473;255;13;1546;20
3474;255;14;1602;15
3475;255;15;2210;10
3476;255;16;1292;7
3477;255;17;1049;5
3478;255;18;294;3
3479;255;19;1809;2
3480;255;20;2429;1
3481;256;1;1195;200
3482;256;2;58;150
3483;256;3;1858;125
3484;256;4;240;100
3485;256;5;2776;85
3486;256;6;2742;70
3487;256;7;264;60
3488;256;8;2429;50
3489;256;9;321;40
3490;256;10;2743;35
3491;256;11;2876;30
3492;256;12;2698;25
3493;256;13;1057;20
3494;256;14;2406;15
3495;256;15;2592;10
3496;256;16;2420;7
3497;256;17;390;5
3498;256;18;2231;3
3499;256;19;2043;2
3500;256;20;2192;1
3501;257;1;1195;200
3502;257;2;2923;150
3503;257;3;1602;125
3504;257;4;2340;100
3505;257;5;264;85
3506;257;6;848;70
3507;257;7;751;60
3508;257;8;728;50
3509;257;9;58;40
3510;257;10;3003;35
3511;257;11;1386;30
3512;257;12;2698;25
3513;257;13;2973;20
3514;257;14;2986;15
3515;257;15;851;10
3516;257;16;1670;7
3517;257;17;3068;5
3518;257;18;2669;3
3519;257;19;2523;2
3520;257;20;1525;1
3521;258;1;708;200
3522;258;2;2442;150
3523;258;3;837;125
3524;258;4;1473;100
3525;258;5;762;85
3526;258;6;1478;70
3527;258;7;1577;60
3528;258;8;700;50
3529;258;9;2864;40
3530;258;10;3070;35
3531;258;11;1323;30
3532;258;12;2711;25
3533;258;13;57;20
3534;258;14;228;15
3535;258;15;728;10
3536;258;16;1016;7
3537;258;17;872;5
3538;258;18;1399;3
3539;258;19;3172;2
3540;258;20;486;1
3541;259;1;228;200
3542;259;2;1107;150
3543;259;3;2709;125
3544;259;4;2864;100
3545;259;5;57;85
3546;259;6;1473;70
3547;259;7;1099;60
3548;259;8;512;50
3549;259;9;2679;40
3550;259;10;3169;35
3551;259;11;1948;30
3552;259;12;2996;25
3553;259;13;2582;20
3554;259;14;2184;15
3555;259;15;2687;10
3556;259;16;2216;7
3557;259;17;2686;5
3558;259;18;1016;3
3559;259;19;3183;2
3560;259;20;1580;1
3561;260;1;228;200
3562;260;2;2210;150
3563;260;3;2216;125
3564;260;4;2761;100
3565;260;5;1123;85
3566;260;6;215;70
3567;260;7;418;60
3568;260;8;1267;50
3569;260;9;2864;40
3570;260;10;1552;35
3571;260;11;1473;30
3572;260;12;2677;25
3573;260;13;1934;20
3574;260;14;905;15
3575;260;15;2192;10
3576;260;16;2605;7
3577;260;17;2030;5
3578;260;18;837;3
3579;260;19;1589;2
3580;260;20;2996;1
3581;261;1;228;200
3582;261;2;2216;150
3583;261;3;2592;125
3584;261;4;2687;100
3585;261;5;97;85
3586;261;6;2192;70
3587;261;7;418;60
3588;261;8;2711;50
3589;261;9;2523;40
3590;261;10;2864;35
3591;261;11;2605;30
3592;261;12;1948;25
3593;261;13;3182;20
3594;261;14;1123;15
3595;261;15;1641;10
3596;261;16;2154;7
3597;261;17;879;5
3598;261;18;207;3
3599;261;19;3068;2
3600;261;20;2442;1
3601;262;1;2503;200
3602;262;2;2592;150
3603;262;3;2216;125
3604;262;4;1123;100
3605;262;5;1107;85
3606;262;6;2523;70
3607;262;7;2154;60
3608;262;8;1948;50
3609;262;9;1143;40
3610;262;10;2605;35
3611;262;11;1589;30
3612;262;12;1420;25
3613;262;13;2870;20
3614;262;14;1592;15
3615;262;15;1934;10
3616;262;16;1593;7
3617;262;17;486;5
3618;262;18;1358;3
3619;262;19;2288;2
3620;262;20;879;1
3621;263;1;2686;200
3622;263;2;1552;150
3623;263;3;1420;125
3624;263;4;2154;100
3625;263;5;1617;85
3626;263;6;2294;70
3627;263;7;1525;60
3628;263;8;2503;50
3629;263;9;2592;40
3630;263;10;2563;35
3631;263;11;161;30
3632;263;12;74;25
3633;263;13;2192;20
3634;263;14;97;15
3635;263;15;2406;10
3636;263;16;2429;7
3637;263;17;125;5
3638;263;18;818;3
3639;263;19;2570;2
3640;263;20;1934;1
3641;264;1;2406;200
3642;264;2;2503;150
3643;264;3;2192;125
3644;264;4;97;100
3645;264;5;2592;85
3646;264;6;1123;70
3647;264;7;2531;60
3648;264;8;2523;50
3649;264;9;2686;40
3650;264;10;2923;35
3651;264;11;1386;30
3652;264;12;2709;25
3653;264;13;2345;20
3654;264;14;486;15
3655;264;15;2986;10
3656;264;16;1552;7
3657;264;17;2429;5
3658;264;18;2943;3
3659;264;19;995;2
3660;264;20;708;1
3661;265;1;2592;200
3662;265;2;2406;150
3663;265;3;1525;125
3664;265;4;1386;100
3665;265;5;2192;85
3666;265;6;2216;70
3667;265;7;2870;60
3668;265;8;2686;50
3669;265;9;2923;40
3670;265;10;1550;35
3671;265;11;1520;30
3672;265;12;3074;25
3673;265;13;1870;20
3674;265;14;2698;15
3675;265;15;2986;10
3676;265;16;2420;7
3677;265;17;2761;5
3678;265;18;2876;3
3679;265;19;1751;2
3680;265;20;886;1
3681;266;1;1195;200
3682;266;2;2192;150
3683;266;3;1525;125
3684;266;4;2986;100
3685;266;5;2592;85
3686;266;6;1056;70
3687;266;7;264;60
3688;266;8;2340;50
3689;266;9;2907;40
3690;266;10;1386;35
3691;266;11;2227;30
3692;266;12;2889;25
3693;266;13;1123;20
3694;266;14;1057;15
3695;266;15;886;10
3696;266;16;2761;7
3697;266;17;2870;5
3698;266;18;1645;3
3699;266;19;1520;2
3700;266;20;482;1
3701;267;1;2340;200
3702;267;2;2406;150
3703;267;3;2365;125
3704;267;4;1195;100
3705;267;5;186;85
3706;267;6;1386;70
3707;267;7;2563;60
3708;267;8;3003;50
3709;267;9;264;40
3710;267;10;886;35
3711;267;11;2986;30
3712;267;12;1881;25
3713;267;13;1662;20
3714;267;14;1484;15
3715;267;15;2192;10
3716;267;16;2978;7
3717;267;17;482;5
3718;267;18;2698;3
3719;267;19;2523;2
3720;267;20;1808;1
3721;268;1;1531;200
3722;268;2;886;150
3723;268;3;1195;125
3724;268;4;2592;100
3725;268;5;2563;85
3726;268;6;2876;70
3727;268;7;2978;60
3728;268;8;521;50
3729;268;9;1056;40
3730;268;10;2698;35
3731;268;11;2192;30
3732;268;12;2497;25
3733;268;13;451;20
3734;268;14;2523;15
3735;268;15;3091;10
3736;268;16;2161;7
3737;268;17;443;5
3738;268;18;449;3
3739;268;19;2986;2
3740;268;20;1783;1
3741;269;1;728;200
3742;269;2;1323;150
3743;269;3;349;125
3744;269;4;762;100
3745;269;5;228;85
3746;269;6;2266;70
3747;269;7;2864;60
3748;269;8;2216;50
3749;269;9;486;40
3750;269;10;1143;35
3751;269;11;3070;30
3752;269;12;1399;25
3753;269;13;1691;20
3754;269;14;2516;15
3755;269;15;57;10
3756;269;16;1948;7
3757;269;17;2887;5
3758;269;18;2605;3
3759;269;19;3046;2
3760;269;20;2442;1
3761;270;1;2996;200
3762;270;2;1868;150
3763;270;3;228;125
3764;270;4;2864;100
3765;270;5;486;85
3766;270;6;349;70
3767;270;7;1143;60
3768;270;8;1446;50
3769;270;9;2516;40
3770;270;10;728;35
3771;270;11;578;30
3772;270;12;3100;25
3773;270;13;207;20
3774;270;14;2679;15
3775;270;15;1749;10
3776;270;16;1691;7
3777;270;17;2442;5
3778;270;18;1948;3
3779;270;19;2693;2
3780;270;20;3039;1
3781;271;1;2516;200
3782;271;2;959;150
3783;271;3;728;125
3784;271;4;857;100
3785;271;5;2216;85
3786;271;6;2996;70
3787;271;7;2943;60
3788;271;8;2442;50
3789;271;9;1143;40
3790;271;10;2785;35
3791;271;11;2588;30
3792;271;12;1868;25
3793;271;13;504;20
3794;271;14;578;15
3795;271;15;512;10
3796;271;16;2546;7
3797;271;17;2523;5
3798;271;18;1446;3
3799;271;19;3046;2
3800;271;20;3183;1
3801;272;1;1034;200
3802;272;2;2870;150
3803;272;3;1868;125
3804;272;4;2216;100
3805;272;5;504;85
3806;272;6;1323;70
3807;272;7;578;60
3808;272;8;228;50
3809;272;9;1593;40
3810;272;10;3169;35
3811;272;11;2709;30
3812;272;12;1143;25
3813;272;13;2828;20
3814;272;14;2577;15
3815;272;15;2677;10
3816;272;16;3059;7
3817;272;17;3070;5
3818;272;18;641;3
3819;272;19;1917;2
3820;272;20;2142;1
3821;273;1;708;200
3822;273;2;228;150
3823;273;3;1034;125
3824;273;4;2216;100
3825;273;5;1420;85
3826;273;6;1868;70
3827;273;7;2523;60
3828;273;8;2709;50
3829;273;9;87;40
3830;273;10;116;35
3831;273;11;2676;30
3832;273;12;2503;25
3833;273;13;959;20
3834;273;14;467;15
3835;273;15;676;10
3836;273;16;2516;7
3837;273;17;1593;5
3838;273;18;2603;3
3839;273;19;2864;2
3840;273;20;2859;1
3841;274;1;1034;200
3842;274;2;2340;150
3843;274;3;1420;125
3844;274;4;1552;100
3845;274;5;2870;85
3846;274;6;2686;70
3847;274;7;1868;60
3848;274;8;1593;50
3849;274;9;204;40
3850;274;10;349;35
3851;274;11;2984;30
3852;274;12;2859;25
3853;274;13;116;20
3854;274;14;2531;15
3855;274;15;1592;10
3856;274;16;2973;7
3857;274;17;1617;5
3858;274;18;1917;3
3859;274;19;603;2
3860;274;20;1934;1
3861;275;1;1034;200
3862;275;2;1420;150
3863;275;3;2429;125
3864;275;4;349;100
3865;275;5;116;85
3866;275;6;167;70
3867;275;7;204;60
3868;275;8;264;50
3869;275;9;3001;40
3870;275;10;1868;35
3871;275;11;571;30
3872;275;12;2531;25
3873;275;13;2222;20
3874;275;14;1592;15
3875;275;15;907;10
3876;275;16;240;7
3877;275;17;1390;5
3878;275;18;2859;3
3879;275;19;1609;2
3880;275;20;2957;1
3881;276;1;1034;200
3882;276;2;2406;150
3883;276;3;2216;125
3884;276;4;264;100
3885;276;5;2870;85
3886;276;6;907;70
3887;276;7;1420;60
3888;276;8;571;50
3889;276;9;762;40
3890;276;10;751;35
3891;276;11;116;30
3892;276;12;167;25
3893;276;13;2859;20
3894;276;14;749;15
3895;276;15;2466;10
3896;276;16;1870;7
3897;276;17;1386;5
3898;276;18;1868;3
3899;276;19;667;2
3900;276;20;143;1
3901;277;1;1420;200
3902;277;2;2340;150
3903;277;3;1617;125
3904;277;4;264;100
3905;277;5;3003;85
3906;277;6;907;70
3907;277;7;2859;60
3908;277;8;571;50
3909;277;9;767;40
3910;277;10;1609;35
3911;277;11;2531;30
3912;277;12;71;25
3913;277;13;2523;20
3914;277;14;1593;15
3915;277;15;2466;10
3916;277;16;554;7
3917;277;17;812;5
3918;277;18;2624;3
3919;277;19;1390;2
3920;277;20;1691;1
3921;278;1;959;200
3922;278;2;1921;150
3923;278;3;1420;125
3924;278;4;2004;100
3925;278;5;2340;85
3926;278;6;2406;70
3927;278;7;1323;60
3928;278;8;3003;50
3929;278;9;116;40
3930;278;10;600;35
3931;278;11;571;30
3932;278;12;767;25
3933;278;13;264;20
3934;278;14;167;15
3935;278;15;2984;10
3936;278;16;71;7
3937;278;17;2761;5
3938;278;18;1386;3
3939;278;19;1617;2
3940;278;20;2247;1
3941;279;1;1420;200
3942;279;2;959;150
3943;279;3;1691;125
3944;279;4;2686;100
3945;279;5;1617;85
3946;279;6;215;70
3947;279;7;907;60
3948;279;8;885;50
3949;279;9;2523;40
3950;279;10;2365;35
3951;279;11;767;30
3952;279;12;1670;25
3953;279;13;1386;20
3954;279;14;2161;15
3955;279;15;512;10
3956;279;16;2222;7
3957;279;17;971;5
3958;279;18;1592;3
3959;279;19;59;2
3960;279;20;71;1
3961;280;1;885;200
3962;280;2;880;150
3963;280;3;3003;125
3964;280;4;2627;100
3965;280;5;2561;85
3966;280;6;482;70
3967;280;7;2978;60
3968;280;8;907;50
3969;280;9;447;40
3970;280;10;116;35
3971;280;11;1921;30
3972;280;12;2986;25
3973;280;13;2365;20
3974;280;14;1386;15
3975;280;15;59;10
3976;280;16;1389;7
3977;280;17;124;5
3978;280;18;448;3
3979;280;19;74;2
3980;280;20;1131;1
3981;281;1;959;100
3982;281;2;2516;70
3983;281;3;486;50
3984;281;4;2859;40
3985;281;5;57;30
3986;281;6;3169;20
3987;281;7;2785;15
3988;281;8;1929;10
3989;281;9;1107;5
3990;281;10;962;1
3991;282;1;1107;200
3992;282;2;762;150
3993;282;3;578;125
3994;282;4;959;100
3995;282;5;2588;85
3996;282;6;2516;70
3997;282;7;3169;60
3998;282;8;1948;50
3999;282;9;812;40
4000;282;10;467;35
4001;282;11;2823;30
4002;282;12;1473;25
4003;282;13;1143;20
4004;282;14;2679;15
4005;282;15;2141;10
4006;282;16;962;7
4007;282;17;2709;5
4008;282;18;87;3
4009;282;19;2216;2
4010;282;20;964;1
4011;283;1;1034;200
4012;283;2;2516;150
4013;283;3;962;125
4014;283;4;728;100
4015;283;5;578;85
4016;283;6;2870;70
4017;283;7;2523;60
4018;283;8;57;50
4019;283;9;2339;40
4020;283;10;1267;35
4021;283;11;1143;30
4022;283;12;2943;25
4023;283;13;1473;20
4024;283;14;1375;15
4025;283;15;812;10
4026;283;16;2889;7
4027;283;17;504;5
4028;283;18;87;3
4029;283;19;676;2
4030;283;20;3172;1
4031;284;1;959;200
4032;284;2;228;150
4033;284;3;3003;125
4034;284;4;762;100
4035;284;5;504;85
4036;284;6;1143;70
4037;284;7;2785;60
4038;284;8;3182;50
4039;284;9;2216;40
4040;284;10;2870;35
4041;284;11;1420;30
4042;284;12;962;25
4043;284;13;578;20
4044;284;14;2523;15
4045;284;15;2339;10
4046;284;16;3169;7
4047;284;17;2424;5
4048;284;18;2302;3
4049;284;19;2672;2
4050;284;20;2709;1
4051;285;1;959;200
4052;285;2;1868;150
4053;285;3;2523;125
4054;285;4;2216;100
4055;285;5;2340;85
4056;285;6;762;70
4057;285;7;467;60
4058;285;8;2563;50
4059;285;9;2785;40
4060;285;10;87;35
4061;285;11;2339;30
4062;285;12;3003;25
4063;285;13;578;20
4064;285;14;2516;15
4065;285;15;1107;10
4066;285;16;161;7
4067;285;17;2546;5
4068;285;18;2889;3
4069;285;19;2192;2
4070;285;20;1143;1
4071;286;1;2340;200
4072;286;2;2859;150
4073;286;3;2406;125
4074;286;4;762;100
4075;286;5;2429;85
4076;286;6;2339;70
4077;286;7;116;60
4078;286;8;959;50
4079;286;9;2216;40
4080;286;10;3003;35
4081;286;11;2957;30
4082;286;12;3182;25
4083;286;13;2563;20
4084;286;14;1868;15
4085;286;15;1593;10
4086;286;16;87;7
4087;286;17;3191;5
4088;286;18;2822;3
4089;286;19;1420;2
4090;286;20;2686;1
4091;287;1;2822;200
4092;287;2;1107;150
4093;287;3;762;125
4094;287;4;2859;100
4095;287;5;1420;85
4096;287;6;2406;70
4097;287;7;3003;60
4098;287;8;2339;50
4099;287;9;2429;40
4100;287;10;349;35
4101;287;11;2686;30
4102;287;12;2973;25
4103;287;13;2523;20
4104;287;14;264;15
4105;287;15;294;10
4106;287;16;2743;7
4107;287;17;3191;5
4108;287;18;204;3
4109;287;19;1868;2
4110;287;20;3001;1
4111;288;1;2340;200
4112;288;2;2406;150
4113;288;3;1420;125
4114;288;4;2216;100
4115;288;5;2973;85
4116;288;6;167;70
4117;288;7;2339;60
4118;288;8;2870;50
4119;288;9;116;40
4120;288;10;762;35
4121;288;11;1099;30
4122;288;12;3003;25
4123;288;13;3001;20
4124;288;14;1793;15
4125;288;15;959;10
4126;288;16;2222;7
4127;288;17;767;5
4128;288;18;2001;3
4129;288;19;240;2
4130;288;20;1386;1
4131;289;1;2340;200
4132;289;2;1420;150
4133;289;3;3003;125
4134;289;4;2406;100
4135;289;5;116;85
4136;289;6;762;70
4137;289;7;2811;60
4138;289;8;2339;50
4139;289;9;2389;40
4140;289;10;129;35
4141;289;11;959;30
4142;289;12;554;25
4143;289;13;2222;20
4144;289;14;728;15
4145;289;15;264;10
4146;289;16;767;7
4147;289;17;2870;5
4148;289;18;2973;3
4149;289;19;2429;2
4150;289;20;578;1
4151;290;1;2004;200
4152;290;2;2340;150
4153;290;3;1420;125
4154;290;4;116;100
4155;290;5;1617;85
4156;290;6;2339;70
4157;290;7;167;60
4158;290;8;2561;50
4159;290;9;959;40
4160;290;10;934;35
4161;290;11;2483;30
4162;290;12;2043;25
4163;290;13;1729;20
4164;290;14;161;15
4165;290;15;2939;10
4166;290;16;2889;7
4167;290;17;2523;5
4168;290;18;3003;3
4169;290;19;2227;2
4170;290;20;762;1
4171;291;1;2004;200
4172;291;2;2080;150
4173;291;3;1420;125
4174;291;4;71;100
4175;291;5;116;85
4176;291;6;885;70
4177;291;7;2339;60
4178;291;8;2340;50
4179;291;9;2811;40
4180;291;10;1729;35
4181;291;11;1090;30
4182;291;12;880;25
4183;291;13;762;20
4184;291;14;554;15
4185;291;15;2943;10
4186;291;16;2876;7
4187;291;17;2247;5
4188;291;18;2561;3
4189;291;19;1399;2
4190;291;20;2523;1
4191;292;1;2004;200
4192;292;2;880;150
4193;292;3;600;125
4194;292;4;116;100
4195;292;5;2389;85
4196;292;6;2340;70
4197;292;7;1921;60
4198;292;8;554;50
4199;292;9;1793;40
4200;292;10;2090;35
4201;292;11;2222;30
4202;292;12;71;25
4203;292;13;161;20
4204;292;14;1081;15
4205;292;15;959;10
4206;292;16;2290;7
4207;292;17;546;5
4208;292;18;492;3
4209;292;19;1298;2
4210;292;20;63;1
4211;293;1;885;200
4212;293;2;2340;150
4213;293;3;880;125
4214;293;4;1081;100
4215;293;5;946;85
4216;293;6;2004;70
4217;293;7;2939;60
4218;293;8;779;50
4219;293;9;1420;40
4220;293;10;798;35
4221;293;11;2740;30
4222;293;12;262;25
4223;293;13;2561;20
4224;293;14;600;15
4225;293;15;2389;10
4226;293;16;2411;7
4227;293;17;1729;5
4228;293;18;767;3
4229;293;19;927;2
4230;293;20;3031;1
4231;294;1;2004;200
4232;294;2;880;150
4233;294;3;1420;125
4234;294;4;779;100
4235;294;5;2340;85
4236;294;6;262;70
4237;294;7;2487;60
4238;294;8;2102;50
4239;294;9;2939;40
4240;294;10;1619;35
4241;294;11;2544;30
4242;294;12;2424;25
4243;294;13;2936;20
4244;294;14;806;15
4245;294;15;1845;10
4246;294;16;458;7
4247;294;17;2740;5
4248;294;18;767;3
4249;294;19;457;2
4250;294;20;1837;1
4251;295;1;946;200
4252;295;2;2004;150
4253;295;3;1751;125
4254;295;4;1837;100
4255;295;5;305;85
4256;295;6;1420;70
4257;295;7;2136;60
4258;295;8;588;50
4259;295;9;880;40
4260;295;10;458;35
4261;295;11;2487;30
4262;295;12;238;25
4263;295;13;262;20
4264;295;14;116;15
4265;295;15;2617;10
4266;295;16;52;7
4267;295;17;1107;5
4268;295;18;2978;3
4269;295;19;2544;2
4270;295;20;2740;1
4271;296;1;2004;200
4272;296;2;806;150
4273;296;3;305;125
4274;296;4;238;100
4275;296;5;880;85
4276;296;6;848;70
4277;296;7;52;60
4278;296;8;116;50
4279;296;9;2978;40
4280;296;10;1361;35
4281;296;11;1512;30
4282;296;12;829;25
4283;296;13;2487;20
4284;296;14;449;15
4285;296;15;767;10
4286;296;16;959;7
4287;296;17;784;5
4288;296;18;120;3
4289;296;19;2036;2
4290;296;20;2389;1
4291;297;1;2487;200
4292;297;2;829;150
4293;297;3;806;125
4294;297;4;946;100
4295;297;5;305;85
4296;297;6;2004;70
4297;297;7;885;60
4298;297;8;1751;50
4299;297;9;600;40
4300;297;10;848;35
4301;297;11;880;30
4302;297;12;238;25
4303;297;13;779;20
4304;297;14;1385;15
4305;297;15;1511;10
4306;297;16;1556;7
4307;297;17;2136;5
4308;297;18;1361;3
4309;297;19;781;2
4310;297;20;1671;1
4311;298;1;238;200
4312;298;2;262;150
4313;298;3;2136;125
4314;298;4;305;100
4315;298;5;1511;85
4316;298;6;946;70
4317;298;7;2622;60
4318;298;8;2487;50
4319;298;9;52;40
4320;298;10;880;35
4321;298;11;458;30
4322;298;12;781;25
4323;298;13;1304;20
4324;298;14;2644;15
4325;298;15;1668;10
4326;298;16;449;7
4327;298;17;162;5
4328;298;18;806;3
4329;298;19;111;2
4330;298;20;241;1
4331;299;1;238;200
4332;299;2;946;150
4333;299;3;2136;125
4334;299;4;1511;100
4335;299;5;806;85
4336;299;6;52;70
4337;299;7;880;60
4338;299;8;1556;50
4339;299;9;2004;40
4340;299;10;1396;35
4341;299;11;600;30
4342;299;12;457;25
4343;299;13;1907;20
4344;299;14;262;15
4345;299;15;2534;10
4346;299;16;182;7
4347;299;17;458;5
4348;299;18;1304;3
4349;299;19;781;2
4350;299;20;230;1
4351;300;1;238;200
4352;300;2;829;150
4353;300;3;1511;125
4354;300;4;262;100
4355;300;5;2736;85
4356;300;6;305;70
4357;300;7;629;60
4358;300;8;1304;50
4359;300;9;1556;40
4360;300;10;985;35
4361;300;11;320;30
4362;300;12;2017;25
4363;300;13;2965;20
4364;300;14;600;15
4365;300;15;2521;10
4366;300;16;848;7
4367;300;17;500;5
4368;300;18;925;3
4369;300;19;1110;2
4370;300;20;683;1
4371;301;1;238;200
4372;301;2;305;150
4373;301;3;2136;125
4374;301;4;262;100
4375;301;5;111;85
4376;301;6;2736;70
4377;301;7;2644;60
4378;301;8;2807;50
4379;301;9;157;40
4380;301;10;1943;35
4381;301;11;806;30
4382;301;12;925;25
4383;301;13;1304;20
4384;301;14;309;15
4385;301;15;1720;10
4386;301;16;182;7
4387;301;17;1642;5
4388;301;18;2939;3
4389;301;19;423;2
4390;301;20;897;1
4391;302;1;238;200
4392;302;2;262;150
4393;302;3;274;125
4394;302;4;2004;100
4395;302;5;714;85
4396;302;6;1511;70
4397;302;7;305;60
4398;302;8;500;50
4399;302;9;423;40
4400;302;10;1943;35
4401;302;11;111;30
4402;302;12;299;25
4403;302;13;2736;20
4404;302;14;1444;15
4405;302;15;2534;10
4406;302;16;2834;7
4407;302;17;1680;5
4408;302;18;986;3
4409;302;19;2965;2
4410;302;20;806;1
4411;303;1;238;200
4412;303;2;500;150
4413;303;3;714;125
4414;303;4;829;100
4415;303;5;806;85
4416;303;6;305;70
4417;303;7;2194;60
4418;303;8;1720;50
4419;303;9;2004;40
4420;303;10;1511;35
4421;303;11;1561;30
4422;303;12;2335;25
4423;303;13;1078;20
4424;303;14;1840;15
4425;303;15;1669;10
4426;303;16;157;7
4427;303;17;2082;5
4428;303;18;986;3
4429;303;19;127;2
4430;303;20;1112;1
4431;304;1;238;200
4432;304;2;1511;150
4433;304;3;806;125
4434;304;4;262;100
4435;304;5;1943;85
4436;304;6;1447;70
4437;304;7;2628;60
4438;304;8;500;50
4439;304;9;111;40
4440;304;10;714;35
4441;304;11;2004;30
4442;304;12;305;25
4443;304;13;897;20
4444;304;14;1612;15
4445;304;15;1561;10
4446;304;16;1681;7
4447;304;17;1615;5
4448;304;18;2644;3
4449;304;19;1840;2
4450;304;20;952;1
4451;305;1;2082;200
4452;305;2;262;150
4453;305;3;714;125
4454;305;4;305;100
4455;305;5;1943;85
4456;305;6;806;70
4457;305;7;1720;60
4458;305;8;1612;50
4459;305;9;3139;40
4460;305;10;182;35
4461;305;11;2482;30
4462;305;12;1511;25
4463;305;13;2752;20
4464;305;14;278;15
4465;305;15;299;10
4466;305;16;2426;7
4467;305;17;2335;5
4468;305;18;2474;3
4469;305;19;897;2
4470;305;20;2665;1
4471;306;1;714;200
4472;306;2;1720;150
4473;306;3;1021;125
4474;306;4;1943;100
4475;306;5;952;85
4476;306;6;305;70
4477;306;7;262;60
4478;306;8;2777;50
4479;306;9;821;40
4480;306;10;3139;35
4481;306;11;1511;30
4482;306;12;1447;25
4483;306;13;2578;20
4484;306;14;3077;15
4485;306;15;2752;10
4486;306;16;804;7
4487;306;17;806;5
4488;306;18;938;3
4489;306;19;1453;2
4490;306;20;278;1
4491;307;1;1511;200
4492;307;2;714;150
4493;307;3;806;125
4494;307;4;952;100
4495;307;5;305;85
4496;307;6;2482;70
4497;307;7;1447;60
4498;307;8;973;50
4499;307;9;2082;40
4500;307;10;182;35
4501;307;11;1087;30
4502;307;12;2426;25
4503;307;13;1212;20
4504;307;14;1561;15
4505;307;15;1816;10
4506;307;16;1932;7
4507;307;17;2579;5
4508;307;18;3139;3
4509;307;19;54;2
4510;307;20;1163;1
4511;308;1;2526;200
4512;308;2;714;150
4513;308;3;806;125
4514;308;4;1511;100
4515;308;5;1720;85
4516;308;6;1596;70
4517;308;7;1447;60
4518;308;8;2361;50
4519;308;9;2335;40
4520;308;10;2193;35
4521;308;11;952;30
4522;308;12;1816;25
4523;308;13;2482;20
4524;308;14;3195;15
4525;308;15;3139;10
4526;308;16;1561;7
4527;308;17;3199;5
4528;308;18;3200;3
4529;308;19;3201;2
4530;308;20;2120;1
4531;309;1;2687;200
4532;309;2;1016;150
4533;309;3;512;125
4534;309;4;486;100
4535;309;5;3100;85
4536;309;6;2216;70
4537;309;7;1143;60
4538;309;8;2780;50
4539;309;9;1107;40
4540;309;10;2442;35
4541;309;11;349;30
4542;309;12;57;25
4543;309;13;2823;20
4544;309;14;676;15
4545;309;15;1375;10
4546;309;16;2339;7
4547;309;17;2709;5
4548;309;18;1700;3
4549;309;19;762;2
4550;309;20;3169;1
4551;310;1;728;200
4552;310;2;1195;150
4553;310;3;1058;125
4554;310;4;3172;100
4555;310;5;512;85
4556;310;6;2216;70
4557;310;7;1143;60
4558;310;8;2523;50
4559;310;9;2235;40
4560;310;10;2057;35
4561;310;11;2687;30
4562;310;12;1375;25
4563;310;13;2870;20
4564;310;14;578;15
4565;310;15;2943;10
4566;310;16;1267;7
4567;310;17;2516;5
4568;310;18;2785;3
4569;310;19;2537;2
4570;310;20;2339;1
4571;311;1;2870;200
4572;311;2;2216;150
4573;311;3;2687;125
4574;311;4;3182;100
4575;311;5;512;85
4576;311;6;1143;70
4577;311;7;1879;60
4578;311;8;2339;50
4579;311;9;762;40
4580;311;10;959;35
4581;311;11;1058;30
4582;311;12;2785;25
4583;311;13;1341;20
4584;311;14;2523;15
4585;311;15;2672;10
4586;311;16;1934;7
4587;311;17;2726;5
4588;311;18;1375;3
4589;311;19;962;2
4590;311;20;1929;1
4591;312;1;2216;200
4592;312;2;728;150
4593;312;3;512;125
4594;312;4;3103;100
4595;312;5;161;85
4596;312;6;1858;70
4597;312;7;3068;60
4598;312;8;2923;50
4599;312;9;2339;40
4600;312;10;2870;35
4601;312;11;2899;30
4602;312;12;2785;25
4603;312;13;2889;20
4604;312;14;57;15
4605;312;15;2973;10
4606;312;16;1375;7
4607;312;17;2546;5
4608;312;18;3182;3
4609;312;19;3039;2
4610;312;20;2340;1
4611;313;1;3191;200
4612;313;2;2563;150
4613;313;3;2592;125
4614;313;4;3103;100
4615;313;5;204;85
4616;313;6;2406;70
4617;313;7;1887;60
4618;313;8;97;50
4619;313;9;2828;40
4620;313;10;728;35
4621;313;11;2216;30
4622;313;12;3161;25
4623;313;13;2686;20
4624;313;14;1420;15
4625;313;15;3068;10
4626;313;16;2603;7
4627;313;17;2889;5
4628;313;18;2339;3
4629;313;19;1123;2
4630;313;20;2429;1
4631;314;1;3191;200
4632;314;2;2216;150
4633;314;3;2406;125
4634;314;4;2563;100
4635;314;5;204;85
4636;314;6;2523;70
4637;314;7;2420;60
4638;314;8;1386;50
4639;314;9;1546;40
4640;314;10;1719;35
4641;314;11;2743;30
4642;314;12;294;25
4643;314;13;891;20
4644;314;14;2889;15
4645;314;15;97;10
4646;314;16;2222;7
4647;314;17;186;5
4648;314;18;2192;3
4649;314;19;2603;2
4650;314;20;264;1
4651;315;1;3003;200
4652;315;2;2340;150
4653;315;3;2406;125
4654;315;4;2563;100
4655;315;5;2216;85
4656;315;6;2222;70
4657;315;7;2339;60
4658;315;8;204;50
4659;315;9;1858;40
4660;315;10;2870;35
4661;315;11;167;30
4662;315;12;1881;25
4663;315;13;2192;20
4664;315;14;2761;15
4665;315;15;352;10
4666;315;16;954;7
4667;315;17;240;5
4668;315;18;751;3
4669;315;19;2939;2
4670;315;20;2302;1
4671;316;1;2588;200
4672;316;2;1099;150
4673;316;3;2996;125
4674;316;4;228;100
4675;316;5;3169;85
4676;316;6;1107;70
4677;316;7;1580;60
4678;316;8;2442;50
4679;316;9;57;40
4680;316;10;349;35
4681;316;11;2134;30
4682;316;12;2582;25
4683;316;13;2679;20
4684;316;14;1267;15
4685;316;15;2687;10
4686;316;16;837;7
4687;316;17;1473;5
4688;316;18;215;3
4689;316;19;3183;2
4690;316;20;1948;1
4691;317;1;228;200
4692;317;2;2216;150
4693;317;3;3182;125
4694;317;4;2686;100
4695;317;5;2711;85
4696;317;6;1948;70
4697;317;7;3070;60
4698;317;8;837;50
4699;317;9;1058;40
4700;317;10;2687;35
4701;317;11;2523;30
4702;317;12;2605;25
4703;317;13;2154;20
4704;317;14;97;15
4705;317;15;1589;10
4706;317;16;1641;7
4707;317;17;1856;5
4708;317;18;207;3
4709;317;19;1552;2
4710;317;20;2943;1
4711;318;1;2503;200
4712;318;2;2592;150
4713;318;3;1107;125
4714;318;4;97;100
4715;318;5;2288;85
4716;318;6;700;70
4717;318;7;2870;60
4718;318;8;2216;50
4719;318;9;294;40
4720;318;10;2523;35
4721;318;11;2605;30
4722;318;12;1143;25
4723;318;13;2154;20
4724;318;14;837;15
4725;318;15;2192;10
4726;318;16;1934;7
4727;318;17;1123;5
4728;318;18;1589;3
4729;318;19;2429;2
4730;318;20;879;1
4731;319;1;2876;200
4732;319;2;1751;150
4733;319;3;2986;125
4734;319;4;2406;100
4735;319;5;1344;85
4736;319;6;2154;70
4737;319;7;2870;60
4738;319;8;1386;50
4739;319;9;2192;40
4740;319;10;1525;35
4741;319;11;1881;30
4742;319;12;2686;25
4743;319;13;2907;20
4744;319;14;2761;15
4745;319;15;767;10
4746;319;16;3003;7
4747;319;17;2294;5
4748;319;18;1420;3
4749;319;19;1550;2
4750;319;20;1145;1
4751;320;1;2711;200
4752;320;2;2406;150
4753;320;3;1195;125
4754;320;4;1386;100
4755;320;5;2986;85
4756;320;6;264;70
4757;320;7;2870;60
4758;320;8;2889;50
4759;320;9;2192;40
4760;320;10;2907;35
4761;320;11;2161;30
4762;320;12;2420;25
4763;320;13;2523;20
4764;320;14;2429;15
4765;320;15;2698;10
4766;320;16;3003;7
4767;320;17;2993;5
4768;320;18;767;3
4769;320;19;2154;2
4770;320;20;2365;1
4771;321;1;542;150
4772;321;2;2592;115
4773;321;3;1056;95
4774;321;4;691;75
4775;321;5;1386;65
4776;321;6;2627;55
4777;321;7;1782;47
4778;321;8;2161;40
4779;321;9;2497;33
4780;321;10;591;28
4781;321;11;1329;23
4782;321;12;3178;18
4783;321;13;3131;14
4784;321;14;2533;11
4785;321;15;1476;8
4786;321;16;1029;6
4787;321;17;2978;4
4788;321;18;539;3
4789;321;19;1517;2
4790;321;20;2260;1
4791;322;1;1707;100
4792;322;2;2216;70
4793;322;3;486;50
4794;322;4;1143;40
4795;322;5;1107;30
4796;322;6;2141;20
4797;322;7;700;15
4798;322;8;1074;10
4799;322;9;2102;5
4800;322;10;3119;1
4801;323;1;1879;100
4802;323;2;2030;70
4803;323;3;504;50
4804;323;4;2210;40
4805;323;5;1143;30
4806;323;6;2870;20
4807;323;7;2643;15
4808;323;8;1707;10
4809;323;9;728;5
4810;323;10;764;1
4811;324;1;1707;100
4812;324;2;512;70
4813;324;3;2923;50
4814;324;4;1868;40
4815;324;5;2216;30
4816;324;6;161;20
4817;324;7;385;15
4818;324;8;700;10
4819;324;9;1384;5
4820;324;10;924;1
4821;325;1;1057;100
4822;325;2;2004;70
4823;325;3;1195;50
4824;325;4;2592;40
4825;325;5;1602;30
4826;325;6;2236;20
4827;325;7;848;15
4828;325;8;2923;10
4829;325;9;204;5
4830;325;10;58;1
4831;326;1;1617;100
4832;326;2;2561;70
4833;326;3;1602;50
4834;326;4;512;40
4835;326;5;1794;30
4836;326;6;161;20
4837;326;7;2698;15
4838;326;8;2102;10
4839;326;9;71;5
4840;326;10;1609;1
4841;327;1;2004;100
4842;327;2;3003;70
4843;327;3;880;50
4844;327;4;2698;40
4845;327;5;1793;30
4846;327;6;2227;20
4847;327;7;2919;15
4848;327;8;3031;10
4849;327;9;2088;5
4850;327;10;1221;1
4851;328;1;262;100
4852;328;2;1195;70
4853;328;3;1602;50
4854;328;4;2004;40
4855;328;5;880;30
4856;328;6;2698;20
4857;328;7;521;15
4858;328;8;3091;10
4859;328;9;1081;5
4860;328;10;848;1
4861;329;1;2876;100
4862;329;2;2074;70
4863;329;3;2296;50
4864;329;4;1661;40
4865;329;5;2026;30
4866;329;6;1304;20
4867;329;7;2252;15
4868;329;8;3160;10
4869;329;9;3071;5
4870;329;10;1356;1
4871;330;1;2004;100
4872;330;2;2080;70
4873;330;3;829;50
4874;330;4;2227;40
4875;330;5;1602;30
4876;330;6;1050;20
4877;330;7;542;15
4878;330;8;880;10
4879;330;9;2102;5
4880;330;10;3003;1
4881;331;1;1602;100
4882;331;2;2748;70
4883;331;3;880;50
4884;331;4;1400;40
4885;331;5;519;30
4886;331;6;1304;20
4887;331;7;2978;15
4888;331;8;1386;10
4889;331;9;1837;5
4890;331;10;1768;1
4891;332;1;1602;100
4892;332;2;542;70
4893;332;3;568;50
4894;332;4;127;40
4895;332;5;347;30
4896;332;6;2088;20
4897;332;7;2782;15
4898;332;8;2170;10
4899;332;9;1813;5
4900;332;10;503;1
4901;180;1;959;100
4902;180;2;1830;70
4903;180;3;1546;50
4904;180;4;580;40
4905;180;5;2761;30
4906;180;6;2179;20
4907;180;7;1192;15
4908;180;8;2271;10
4909;180;9;2038;5
4910;180;10;2767;1
4911;181;1;3046;100
4912;181;2;57;70
4913;181;3;1192;50
4914;181;4;2271;40
4915;181;5;2761;30
4916;181;6;1922;20
4917;181;7;2223;15
4918;181;8;959;10
4919;181;9;283;5
4920;181;10;2785;1
4921;182;1;3046;100
4922;182;2;1192;70
4923;182;3;728;50
4924;182;4;1922;40
4925;182;5;959;30
4926;182;6;2271;20
4927;182;7;2785;15
4928;182;8;2656;10
4929;182;9;762;5
4930;182;10;1016;1
4931;183;1;962;100
4932;183;2;1948;70
4933;183;3;2516;50
4934;183;4;1016;40
4935;183;5;3046;30
4936;183;6;3182;20
4937;183;7;2523;15
4938;183;8;762;10
4939;183;9;1830;5
4940;183;10;2339;1
4941;184;1;959;100
4942;184;2;2516;70
4943;184;3;962;50
4944;184;4;2889;40
4945;184;5;2523;30
4946;184;6;2408;20
4947;184;7;2389;15
4948;184;8;2887;10
4949;184;9;0;5
4950;184;10;57;1
4951;185;1;2339;100
4952;185;2;2389;70
4953;185;3;728;50
4954;185;4;3161;40
4955;185;5;959;30
4956;185;6;2785;20
4957;185;7;2424;15
4958;185;8;1929;10
4959;185;9;2420;5
4960;185;10;2563;1
4961;186;1;2889;100
4962;186;2;2563;70
4963;186;3;3182;50
4964;186;4;1123;40
4965;186;5;2523;30
4966;186;6;2785;20
4967;186;7;959;15
4968;186;8;3191;10
4969;186;9;2339;5
4970;186;10;3068;1
4971;187;1;728;100
4972;187;2;3035;70
4973;187;3;97;50
4974;187;4;2785;40
4975;187;5;2776;30
4976;187;6;352;20
4977;187;7;3039;15
4978;187;8;2483;10
4979;187;9;2389;5
4980;187;10;3109;1
4981;188;1;2406;100
4982;188;2;2429;70
4983;188;3;2389;50
4984;188;4;1123;40
4985;188;5;1399;30
4986;188;6;762;20
4987;188;7;2420;15
4988;188;8;1546;10
4989;188;9;3109;5
4990;188;10;2889;1
4991;189;1;2340;100
4992;189;2;1546;70
4993;189;3;2192;50
4994;189;4;2389;40
4995;189;5;2939;30
4996;189;6;2222;20
4997;189;7;2776;15
4998;189;8;2761;10
4999;189;9;2302;5
5000;189;10;762;1
5001;190;1;2563;100
5002;190;2;728;70
5003;190;3;1546;50
5004;190;4;1858;40
5005;190;5;2222;30
5006;190;6;751;20
5007;190;7;2776;15
5008;190;8;240;10
5009;190;9;3109;5
5010;190;10;2939;1
5011;191;1;2340;100
5012;191;2;1057;70
5013;191;3;2095;50
5014;191;4;886;40
5015;191;5;1727;30
5016;191;6;1602;20
5017;191;7;652;15
5018;191;8;2161;10
5019;191;9;2889;5
5020;191;10;3161;1
5021;192;1;885;200
5022;192;2;2876;150
5023;192;3;728;125
5024;192;4;2192;100
5025;192;5;2406;85
5026;192;6;3161;70
5027;192;7;880;60
5028;192;8;2080;50
5029;192;9;1808;40
5030;192;10;3003;35
5031;192;11;2339;30
5032;192;12;1386;25
5033;192;13;1399;20
5034;192;14;2389;15
5035;192;15;2561;10
5036;192;16;92;7
5037;192;17;762;5
5038;192;18;2523;3
5039;192;19;2811;2
5040;192;20;2340;1
5041;193;1;2004;200
5042;193;2;880;150
5043;193;3;1617;125
5044;193;4;934;100
5045;193;5;1602;85
5046;193;6;1793;70
5047;193;7;2876;60
5048;193;8;519;50
5049;193;9;2043;40
5050;193;10;2102;35
5051;193;11;483;30
5052;193;12;161;25
5053;193;13;2828;20
5054;193;14;1751;15
5055;193;15;3161;10
5056;193;16;2409;7
5057;193;17;1081;5
5058;193;18;2698;3
5059;193;19;262;2
5060;193;20;80;1
5061;194;1;2004;200
5062;194;2;2102;150
5063;194;3;880;125
5064;194;4;2627;100
5065;194;5;2389;85
5066;194;6;2340;70
5067;194;7;779;60
5068;194;8;1420;50
5069;194;9;2939;40
5070;194;10;2424;35
5071;194;11;161;30
5072;194;12;1081;25
5073;194;13;2534;20
5074;194;14;885;15
5075;194;15;1224;10
5076;194;16;111;7
5077;194;17;1845;5
5078;194;18;2795;3
5079;194;19;798;2
5080;194;20;2561;1
5081;195;1;885;200
5082;195;2;880;150
5083;195;3;262;125
5084;195;4;2102;100
5085;195;5;2748;85
5086;195;6;519;70
5087;195;7;1420;60
5088;195;8;1081;50
5089;195;9;2487;40
5090;195;10;1837;35
5091;195;11;546;30
5092;195;12;779;25
5093;195;13;2936;20
5094;195;14;2394;15
5095;195;15;317;10
5096;195;16;2424;7
5097;195;17;2521;5
5098;195;18;1793;3
5099;195;19;2939;2
5100;195;20;2627;1
5101;196;1;2004;200
5102;196;2;2939;150
5103;196;3;3003;125
5104;196;4;1420;100
5105;196;5;880;85
5106;196;6;2389;70
5107;196;7;2487;60
5108;196;8;885;50
5109;196;9;458;40
5110;196;10;305;35
5111;196;11;52;30
5112;196;12;1057;25
5113;196;13;262;20
5114;196;14;2340;15
5115;196;15;2102;10
5116;196;16;16;7
5117;196;17;1793;5
5118;196;18;546;3
5119;196;19;2978;2
5120;196;20;568;1
5121;197;1;806;200
5122;197;2;880;150
5123;197;3;848;125
5124;197;4;111;100
5125;197;5;519;85
5126;197;6;2004;70
5127;197;7;262;60
5128;197;8;2617;50
5129;197;9;238;40
5130;197;10;457;35
5131;197;11;1793;30
5132;197;12;1768;25
5133;197;13;1667;20
5134;197;14;2036;15
5135;197;15;546;10
5136;197;16;2978;7
5137;197;17;52;5
5138;197;18;16;3
5139;197;19;1833;2
5140;197;20;1203;1
5141;198;1;880;200
5142;198;2;829;150
5143;198;3;52;125
5144;198;4;238;100
5145;198;5;2487;85
5146;198;6;806;70
5147;198;7;848;60
5148;198;8;1057;50
5149;198;9;781;40
5150;198;10;2136;35
5151;198;11;925;30
5152;198;12;600;25
5153;198;13;2617;20
5154;198;14;305;15
5155;198;15;120;10
5156;198;16;997;7
5157;198;17;1361;5
5158;198;18;779;3
5159;198;19;946;2
5160;198;20;767;1
5161;199;1;829;200
5162;199;2;2487;150
5163;199;3;238;125
5164;199;4;806;100
5165;199;5;1396;85
5166;199;6;52;70
5167;199;7;262;60
5168;199;8;848;50
5169;199;9;781;40
5170;199;10;305;35
5171;199;11;2978;30
5172;199;12;457;25
5173;199;13;1511;20
5174;199;14;3041;15
5175;199;15;1837;10
5176;199;16;925;7
5177;199;17;2438;5
5178;199;18;1057;3
5179;199;19;2617;2
5180;199;20;1768;1
5181;200;1;829;200
5182;200;2;2136;150
5183;200;3;1396;125
5184;200;4;880;100
5185;200;5;52;85
5186;200;6;238;70
5187;200;7;1511;60
5188;200;8;262;50
5189;200;9;1667;40
5190;200;10;1057;35
5191;200;11;629;30
5192;200;12;519;25
5193;200;13;1680;20
5194;200;14;781;15
5195;200;15;1961;10
5196;200;16;1790;7
5197;200;17;1907;5
5198;200;18;2810;3
5199;200;19;1768;2
5200;200;20;683;1
5201;201;1;629;200
5202;201;2;299;150
5203;201;3;500;125
5204;201;4;519;100
5205;201;5;781;85
5206;201;6;262;70
5207;201;7;925;60
5208;201;8;1511;50
5209;201;9;806;40
5210;201;10;305;35
5211;201;11;1556;30
5212;201;12;2544;25
5213;201;13;1110;20
5214;201;14;3104;15
5215;201;15;683;10
5216;201;16;2939;7
5217;201;17;2736;5
5218;201;18;985;3
5219;201;19;848;2
5220;201;20;52;1
5221;202;1;1511;200
5222;202;2;519;150
5223;202;3;2004;125
5224;202;4;111;100
5225;202;5;52;85
5226;202;6;2487;70
5227;202;7;500;60
5228;202;8;458;50
5229;202;9;1840;40
5230;202;10;806;35
5231;202;11;805;30
5232;202;12;299;25
5233;202;13;2080;20
5234;202;14;929;15
5235;202;15;629;10
5236;202;16;2810;7
5237;202;17;2807;5
5238;202;18;2623;3
5239;202;19;1961;2
5240;202;20;2707;1
5241;203;1;2004;200
5242;203;2;111;150
5243;203;3;500;125
5244;203;4;157;100
5245;203;5;781;85
5246;203;6;1511;70
5247;203;7;863;60
5248;203;8;629;50
5249;203;9;2834;40
5250;203;10;897;35
5251;203;11;519;30
5252;203;12;305;25
5253;203;13;2082;20
5254;203;14;91;15
5255;203;15;1907;10
5256;203;16;2544;7
5257;203;17;714;5
5258;203;18;182;3
5259;203;19;1110;2
5260;203;20;2939;1
5261;204;1;806;200
5262;204;2;2004;150
5263;204;3;500;125
5264;204;4;1511;100
5265;204;5;2834;85
5266;204;6;1943;70
5267;204;7;805;60
5268;204;8;2807;50
5269;204;9;863;40
5270;204;10;986;35
5271;204;11;1326;30
5272;204;12;829;25
5273;204;13;1548;20
5274;204;14;305;15
5275;204;15;1112;10
5276;204;16;1669;7
5277;204;17;705;5
5278;204;18;1681;3
5279;204;19;897;2
5280;204;20;781;1
5281;205;1;805;200
5282;205;2;2807;150
5283;205;3;2834;125
5284;205;4;519;100
5285;205;5;781;85
5286;205;6;629;70
5287;205;7;821;60
5288;205;8;2777;50
5289;205;9;500;40
5290;205;10;305;35
5291;205;11;1447;30
5292;205;12;806;25
5293;205;13;2752;20
5294;205;14;2335;15
5295;205;15;1561;10
5296;205;16;986;7
5297;205;17;182;5
5298;205;18;2534;3
5299;205;19;1720;2
5300;205;20;848;1
5301;206;1;2752;200
5302;206;2;805;150
5303;206;3;3106;125
5304;206;4;299;100
5305;206;5;2834;85
5306;206;6;2777;70
5307;206;7;824;60
5308;206;8;1453;50
5309;206;9;584;40
5310;206;10;1943;35
5311;206;11;3139;30
5312;206;12;1447;25
5313;206;13;2082;20
5314;206;14;2578;15
5315;206;15;1511;10
5316;206;16;111;7
5317;206;17;1021;5
5318;206;18;1807;3
5319;206;19;1078;2
5320;206;20;2004;1
5321;207;1;805;200
5322;207;2;1816;150
5323;207;3;2526;125
5324;207;4;2834;100
5325;207;5;2510;85
5326;207;6;1503;70
5327;207;7;2426;60
5328;207;8;2777;50
5329;207;9;952;40
5330;207;10;2335;35
5331;207;11;1596;30
5332;207;12;3195;25
5333;207;13;821;20
5334;207;14;3139;15
5335;207;15;2075;10
5336;207;16;2578;7
5337;207;17;2368;5
5338;207;18;1943;3
5339;207;19;182;2
5340;207;20;897;1
5341;208;1;805;200
5342;208;2;1507;150
5343;208;3;3196;125
5344;208;4;2004;100
5345;208;5;1713;85
5346;208;6;2390;70
5347;208;7;2526;60
5348;208;8;3197;50
5349;208;9;1596;40
5350;208;10;806;35
5351;208;11;714;30
5352;208;12;2426;25
5353;208;13;1503;20
5354;208;14;2272;15
5355;208;15;3198;10
5356;208;16;2510;7
5357;208;17;1453;5
5358;208;18;2487;3
5359;208;19;2839;2
5360;208;20;501;1
5361;333;1;959;100
5362;333;2;1968;70
5363;333;3;2714;50
5364;333;4;2957;40
5365;333;5;2090;30
5366;333;6;1500;20
5367;333;7;3185;15
5368;333;8;418;10
5369;333;9;2785;5
5370;333;10;676;1
5371;334;1;2742;100
5372;334;2;764;70
5373;334;3;1934;50
5374;334;4;68;40
5375;334;5;2923;30
5376;334;6;1107;20
5377;334;7;2563;15
5378;334;8;3119;10
5379;334;9;1914;5
5380;334;10;1719;1
5381;335;1;385;100
5382;335;2;1525;70
5383;335;3;2923;50
5384;335;4;1554;40
5385;335;5;2102;30
5386;335;6;2698;20
5387;335;7;924;15
5388;335;8;2056;10
5389;335;9;1266;5
5390;335;10;1240;1
5391;336;1;2889;100
5392;336;2;2563;70
5393;336;3;2592;50
5394;336;4;2799;40
5395;336;5;186;30
5396;336;6;703;20
5397;336;7;2923;15
5398;336;8;2523;10
5399;336;9;1107;5
5400;336;10;924;1
5401;337;1;708;100
5402;337;2;2503;70
5403;337;3;97;50
5404;337;4;1386;40
5405;337;5;2923;30
5406;337;6;220;20
5407;337;7;264;15
5408;337;8;349;10
5409;337;9;3103;5
5410;337;10;995;1
5411;338;1;186;150
5412;338;2;2406;115
5413;338;3;2216;95
5414;338;4;1266;75
5415;338;5;2923;65
5416;338;6;2876;55
5417;338;7;1602;47
5418;338;8;220;40
5419;338;9;1845;33
5420;338;10;751;28
5421;338;11;2698;23
5422;338;12;2192;18
5423;338;13;1555;14
5424;338;14;2919;11
5425;338;15;569;8
5426;338;16;1794;6
5427;338;17;620;4
5428;338;18;2761;3
5429;338;19;1727;2
5430;338;20;1894;1
5431;339;1;2406;150
5432;339;2;2923;115
5433;339;3;512;95
5434;339;4;2483;75
5435;339;5;652;65
5436;339;6;2973;55
5437;339;7;3003;47
5438;339;8;16;40
5439;339;9;600;33
5440;339;10;2876;28
5441;339;11;848;23
5442;339;12;186;18
5443;339;13;2192;14
5444;339;14;1602;11
5445;339;15;385;8
5446;339;16;129;6
5447;339;17;1292;4
5448;339;18;2074;3
5449;339;19;474;2
5450;339;20;1727;1
5451;340;1;1107;150
5452;340;2;2095;115
5453;340;3;554;95
5454;340;4;885;75
5455;340;5;2592;65
5456;340;6;521;55
5457;340;7;848;47
5458;340;8;2043;40
5459;340;9;784;33
5460;340;10;1808;28
5461;340;11;721;23
5462;340;12;1768;18
5463;340;13;1665;14
5464;340;14;1793;11
5465;340;15;401;8
5466;340;16;3078;6
5467;340;17;74;4
5468;340;18;1149;3
5469;340;19;68;2
5470;340;20;2876;1
5471;341;1;2876;150
5472;341;2;2592;115
5473;341;3;1794;95
5474;341;4;186;75
5475;341;5;2102;65
5476;341;6;161;55
5477;341;7;2497;47
5478;341;8;1602;40
5479;341;9;1081;33
5480;341;10;2923;28
5481;341;11;1266;23
5482;341;12;2074;18
5483;341;13;1567;14
5484;341;14;262;11
5485;341;15;721;8
5486;341;16;886;6
5487;341;17;1198;4
5488;341;18;1484;3
5489;341;19;1727;2
5490;341;20;2348;1
5491;342;1;2592;150
5492;342;2;2876;115
5493;342;3;542;95
5494;342;4;1567;75
5495;342;5;721;65
5496;342;6;1841;55
5497;342;7;2101;47
5498;342;8;1515;40
5499;342;9;3091;33
5500;342;10;2074;28
5501;342;11;2378;23
5502;342;12;1605;18
5503;342;13;1601;14
5504;342;14;2064;11
5505;342;15;1752;8
5506;342;16;80;6
5507;342;17;257;4
5508;342;18;1114;3
5509;342;19;1551;2
5510;342;20;2721;1
5511;343;1;848;150
5512;343;2;2978;115
5513;343;3;1874;95
5514;343;4;3091;75
5515;343;5;3031;65
5516;343;6;946;55
5517;343;7;1513;47
5518;343;8;542;40
5519;343;9;1400;33
5520;343;10;1567;28
5521;343;11;867;23
5522;343;12;2321;18
5523;343;13;2101;14
5524;343;14;2813;11
5525;343;15;2615;8
5526;343;16;200;6
5527;343;17;1869;4
5528;343;18;721;3
5529;343;19;1864;2
5530;343;20;1198;1
5531;344;1;16;150
5532;344;2;568;115
5533;344;3;1727;95
5534;344;4;1107;75
5535;344;5;58;65
5536;344;6;1108;55
5537;344;7;2876;47
5538;344;8;1057;40
5539;344;9;542;33
5540;344;10;2321;28
5541;344;11;1845;23
5542;344;12;2810;18
5543;344;13;503;14
5544;344;14;247;11
5545;344;15;1449;8
5546;344;16;2671;6
5547;344;17;2680;4
5548;344;18;1116;3
5549;344;19;1030;2
5550;344;20;1376;1
5551;345;1;2190;100
5552;345;2;242;70
5553;345;3;774;50
5554;345;4;362;40
5555;345;5;2296;30
5556;345;6;1752;20
5557;345;7;1030;15
5558;345;8;2144;10
5559;345;9;1270;5
5560;345;10;883;1
5561;346;1;568;150
5562;346;2;1874;115
5563;346;3;1602;95
5564;346;4;2762;75
5565;346;5;629;65
5566;346;6;1667;55
5567;346;7;542;47
5568;346;8;668;40
5569;346;9;1459;33
5570;346;10;869;28
5571;346;11;1727;23
5572;346;12;2521;18
5573;346;13;2314;14
5574;346;14;774;11
5575;346;15;3076;8
5576;346;16;1290;6
5577;346;17;2377;4
5578;346;18;1412;3
5579;346;19;2863;2
5580;346;20;1961;1
5581;347;1;2004;200
5582;347;2;1057;150
5583;347;3;1813;125
5584;347;4;1400;100
5585;347;5;1768;85
5586;347;6;568;70
5587;347;7;1567;60
5588;347;8;880;50
5589;347;9;1602;40
5590;347;10;2748;35
5591;347;11;848;30
5592;347;12;781;25
5593;347;13;867;20
5594;347;14;2967;15
5595;347;15;2136;10
5596;347;16;2438;7
5597;347;17;1050;5
5598;347;18;2782;3
5599;347;19;2689;2
5600;347;20;793;1
5601;348;1;347;200
5602;348;2;1837;150
5603;348;3;867;125
5604;348;4;1813;100
5605;348;5;781;85
5606;348;6;568;70
5607;348;7;2080;60
5608;348;8;1400;50
5609;348;9;1790;40
5610;348;10;236;35
5611;348;11;829;30
5612;348;12;2621;25
5613;348;13;869;20
5614;348;14;457;15
5615;348;15;2181;10
5616;348;16;85;7
5617;348;17;2170;5
5618;348;18;200;3
5619;348;19;2978;2
5620;348;20;1587;1
5621;349;1;700;100
5622;349;2;2216;70
5623;349;3;1707;50
5624;349;4;2923;40
5625;349;5;2682;30
5626;349;6;857;20
5627;349;7;512;15
5628;349;8;954;10
5629;349;9;578;5
5630;349;10;619;1
5631;350;1;1707;150
5632;350;2;2216;115
5633;350;3;1525;95
5634;350;4;57;75
5635;350;5;3172;65
5636;350;6;16;55
5637;350;7;294;47
5638;350;8;2204;40
5639;350;9;385;33
5640;350;10;3065;28
5641;350;11;1199;23
5642;350;12;954;18
5643;350;13;1793;14
5644;350;14;3071;11
5645;350;15;2742;8
5646;350;16;279;6
5647;350;17;1403;4
5648;350;18;2919;3
5649;350;19;1606;2
5650;350;20;995;1
5651;351;1;2340;200
5652;351;2;2429;150
5653;351;3;762;125
5654;351;4;2563;100
5655;351;5;2870;85
5656;351;6;2216;70
5657;351;7;2686;60
5658;351;8;1420;50
5659;351;9;3191;40
5660;351;10;1868;35
5661;351;11;2406;30
5662;351;12;2339;25
5663;351;13;2973;20
5664;351;14;1049;15
5665;351;15;87;10
5666;351;16;204;7
5667;351;17;2302;5
5668;351;18;16;3
5669;351;19;2192;2
5670;351;20;116;1
5671;352;1;238;200
5672;352;2;829;150
5673;352;3;1511;125
5674;352;4;262;100
5675;352;5;806;85
5676;352;6;629;70
5677;352;7;127;60
5678;352;8;2487;50
5679;352;9;305;40
5680;352;10;848;35
5681;352;11;519;30
5682;352;12;320;25
5683;352;13;2965;20
5684;352;14;1304;15
5685;352;15;2736;10
5686;352;16;458;7
5687;352;17;985;5
5688;352;18;2622;3
5689;352;19;1772;2
5690;352;20;929;1
5691;353;1;519;200
5692;353;2;1837;150
5693;353;3;111;125
5694;353;4;2579;100
5695;353;5;75;85
5696;353;6;320;70
5697;353;7;1057;60
5698;353;8;1813;50
5699;353;9;925;40
5700;353;10;2004;35
5701;353;11;299;30
5702;353;12;806;25
5703;353;13;2807;20
5704;353;14;127;15
5705;353;15;262;10
5706;353;16;781;7
5707;353;17;1907;5
5708;353;18;305;3
5709;353;19;2834;2
5710;353;20;1512;1
5711;354;1;1511;200
5712;354;2;262;150
5713;354;3;2004;125
5714;354;4;274;100
5715;354;5;2834;85
5716;354;6;500;70
5717;354;7;714;60
5718;354;8;2080;50
5719;354;9;91;40
5720;354;10;805;35
5721;354;11;111;30
5722;354;12;2954;25
5723;354;13;238;20
5724;354;14;806;15
5725;354;15;863;10
5726;354;16;305;7
5727;354;17;1837;5
5728;354;18;2628;3
5729;354;19;829;2
5730;354;20;1527;1
5731;355;1;2004;200
5732;355;2;714;150
5733;355;3;262;125
5734;355;4;111;100
5735;355;5;2834;85
5736;355;6;1943;70
5737;355;7;500;60
5738;355;8;806;50
5739;355;9;305;40
5740;355;10;1511;35
5741;355;11;1561;30
5742;355;12;2335;25
5743;355;13;1987;20
5744;355;14;897;15
5745;355;15;1615;10
5746;355;16;1447;7
5747;355;17;233;5
5748;355;18;1840;3
5749;355;19;1078;2
5750;355;20;2628;1
5751;356;1;2082;200
5752;356;2;714;150
5753;356;3;1720;125
5754;356;4;262;100
5755;356;5;1511;85
5756;356;6;1943;70
5757;356;7;305;60
5758;356;8;805;50
5759;356;9;629;40
5760;356;10;2807;35
5761;356;11;1447;30
5762;356;12;67;25
5763;356;13;3139;20
5764;356;14;2579;15
5765;356;15;897;10
5766;356;16;2752;7
5767;356;17;875;5
5768;356;18;832;3
5769;356;19;2075;2
5770;356;20;2766;1
5771;357;1;714;200
5772;357;2;1816;150
5773;357;3;2752;125
5774;357;4;1511;100
5775;357;5;2834;85
5776;357;6;1078;70
5777;357;7;2510;60
5778;357;8;305;50
5779;357;9;2777;40
5780;357;10;500;35
5781;357;11;262;30
5782;357;12;182;25
5783;357;13;821;20
5784;357;14;2579;15
5785;357;15;1720;10
5786;357;16;1943;7
5787;357;17;2004;5
5788;357;18;1447;3
5789;357;19;1615;2
5790;357;20;2193;1
5791;358;1;2004;200
5792;358;2;1807;150
5793;358;3;1212;125
5794;358;4;2510;100
5795;358;5;806;85
5796;358;6;796;70
5797;358;7;305;60
5798;358;8;115;50
5799;358;9;3139;40
5800;358;10;2834;35
5801;358;11;221;30
5802;358;12;2752;25
5803;358;13;1676;20
5804;358;14;2787;15
5805;358;15;1943;10
5806;358;16;821;7
5807;358;17;2482;5
5808;358;18;2578;3
5809;358;19;1447;2
5810;358;20;1511;1
5811;359;1;2220;200
5812;359;2;848;150
5813;359;3;2526;125
5814;359;4;1447;100
5815;359;5;2777;85
5816;359;6;1807;70
5817;359;7;91;60
5818;359;8;221;50
5819;359;9;2528;40
5820;359;10;3202;35
5821;359;11;305;30
5822;359;12;1561;25
5823;359;13;423;20
5824;359;14;2333;15
5825;359;15;3139;10
5826;359;16;974;7
5827;359;17;3199;5
5828;359;18;3200;3
5829;359;19;1932;2
5830;359;20;714;1
5831;700;1;2216;100
5832;700;2;1707;70
5833;700;3;294;50
5834;700;4;1525;40
5835;700;5;512;30
5836;700;6;1793;20
5837;700;7;2004;15
5838;700;8;2799;10
5839;700;9;1306;5
5840;700;10;3085;1
5841;701;1;204;100
5842;701;2;3003;70
5843;701;3;294;50
5844;701;4;1403;40
5845;701;5;1525;30
5846;701;6;1002;20
5847;701;7;2216;15
5848;701;8;2406;10
5849;701;9;2876;5
5850;701;10;1845;1
5851;702;1;2973;100
5852;702;2;2004;70
5853;702;3;2876;50
5854;702;4;512;40
5855;702;5;1387;30
5856;702;6;934;20
5857;702;7;2984;15
5858;702;8;1149;10
5859;702;9;2563;5
5860;702;10;1727;1
5861;703;1;2004;100
5862;703;2;2870;70
5863;703;3;167;50
5864;703;4;512;40
5865;703;5;1221;30
5866;703;6;2811;20
5867;703;7;1483;15
5868;703;8;1808;10
5869;703;9;2876;5
5870;703;10;161;1
5871;704;1;1645;100
5872;704;2;810;70
5873;704;3;3071;50
5874;704;4;2978;40
5875;704;5;161;30
5876;704;6;2876;20
5877;704;7;1727;15
5878;704;8;2716;10
5879;704;9;1221;5
5880;704;10;934;1
5881;705;1;2004;100
5882;705;2;2500;70
5883;705;3;880;50
5884;705;4;161;40
5885;705;5;2689;30
5886;705;6;2698;20
5887;705;7;1361;15
5888;705;8;2216;10
5889;705;9;1793;5
5890;705;10;2116;1
5891;706;1;1081;100
5892;706;2;519;70
5893;706;3;1233;50
5894;706;4;1727;40
5895;706;5;1837;30
5896;706;6;887;20
5897;706;7;3071;15
5898;706;8;2500;10
5899;706;9;2036;5
5900;706;10;600;1
5901;707;1;2004;100
5902;707;2;2026;70
5903;707;3;1361;50
5904;707;4;2036;40
5905;707;5;127;30
5906;707;6;95;20
5907;707;7;2698;15
5908;707;8;876;10
5909;707;9;922;5
5910;707;10;2466;1
5911;708;1;262;100
5912;708;2;2004;70
5913;708;3;2740;50
5914;708;4;885;40
5915;708;5;519;30
5916;708;6;1837;20
5917;708;7;16;15
5918;708;8;2748;10
5919;708;9;0;5
5920;708;10;0;1
5921;709;1;305;100
5922;709;2;829;70
5923;709;3;262;50
5924;709;4;238;40
5925;709;5;848;30
5926;709;6;880;20
5927;709;7;2617;15
5928;709;8;1361;10
5929;709;9;2644;5
5930;709;10;1837;1
5931;710;1;880;100
5932;710;2;848;70
5933;710;3;127;50
5934;710;4;2622;40
5935;710;5;1512;30
5936;710;6;2644;20
5937;710;7;238;15
5938;710;8;1361;10
5939;710;9;2810;5
5940;710;10;305;1
5941;711;1;829;100
5942;711;2;880;70
5943;711;3;1511;50
5944;711;4;2644;40
5945;711;5;806;30
5946;711;6;519;20
5947;711;7;1556;15
5948;711;8;848;10
5949;711;9;127;5
5950;711;10;2967;1
5951;712;1;829;100
5952;712;2;262;70
5953;712;3;305;50
5954;712;4;2004;40
5955;712;5;848;30
5956;712;6;2939;20
5957;712;7;79;15
5958;712;8;1556;10
5959;712;9;880;5
5960;712;10;500;1
5961;360;1;2563;200
5962;360;2;2503;150
5963;360;3;2216;125
5964;360;4;186;100
5965;360;5;2523;85
5966;360;6;1107;70
5967;360;7;2235;60
5968;360;8;2192;50
5969;360;9;762;40
5970;360;10;2339;35
5971;360;11;1123;30
5972;360;12;1858;25
5973;360;13;1934;20
5974;360;14;2420;15
5975;360;15;57;10
5976;360;16;2424;7
5977;360;17;578;5
5978;360;18;2603;3
5979;360;19;1143;2
5980;360;20;2899;1
5981;361;1;2216;200
5982;361;2;204;150
5983;361;3;2686;125
5984;361;4;97;100
5985;361;5;3103;85
5986;361;6;2592;70
5987;361;7;2563;60
5988;361;8;2531;50
5989;361;9;2743;40
5990;361;10;762;35
5991;361;11;1420;30
5992;361;12;2339;25
5993;361;13;2973;20
5994;361;14;2340;15
5995;361;15;2429;10
5996;361;16;2828;7
5997;361;17;2957;5
5998;361;18;3182;3
5999;361;19;2870;2
6000;361;20;87;1
6001;362;1;186;200
6002;362;2;2406;150
6003;362;3;2216;125
6004;362;4;2592;100
6005;362;5;1057;85
6006;362;6;2870;70
6007;362;7;2429;60
6008;362;8;2503;50
6009;362;9;1386;40
6010;362;10;97;35
6011;362;11;1546;30
6012;362;12;700;25
6013;362;13;2686;20
6014;362;14;2523;15
6015;362;15;294;10
6016;362;16;1793;7
6017;362;17;264;5
6018;362;18;1266;3
6019;362;19;385;2
6020;362;20;2743;1
6021;363;1;2870;200
6022;363;2;1420;150
6023;363;3;2939;125
6024;363;4;2339;100
6025;363;5;2406;85
6026;363;6;204;70
6027;363;7;891;60
6028;363;8;1375;50
6029;363;9;2876;40
6030;363;10;2761;35
6031;363;11;2973;30
6032;363;12;167;25
6033;363;13;1903;20
6034;363;14;1546;15
6035;363;15;1386;10
6036;363;16;2216;7
6037;363;17;2603;5
6038;363;18;2001;3
6039;363;19;2811;2
6040;363;20;240;1
6041;364;1;2340;200
6042;364;2;1420;150
6043;364;3;2870;125
6044;364;4;2973;100
6045;364;5;728;85
6046;364;6;1793;70
6047;364;7;762;60
6048;364;8;2429;50
6049;364;9;767;40
6050;364;10;1386;35
6051;364;11;2406;30
6052;364;12;2420;25
6053;364;13;2761;20
6054;364;14;2523;15
6055;364;15;2339;10
6056;364;16;1028;7
6057;364;17;2743;5
6058;364;18;264;3
6059;364;19;1881;2
6060;364;20;2811;1
6061;365;1;521;200
6062;365;2;1420;150
6063;365;3;262;125
6064;365;4;2004;100
6065;365;5;1057;85
6066;365;6;880;70
6067;365;7;2227;60
6068;365;8;2340;50
6069;365;9;2438;40
6070;365;10;2456;35
6071;365;11;542;30
6072;365;12;1081;25
6073;365;13;546;20
6074;365;14;1837;15
6075;365;15;2102;10
6076;365;16;1841;7
6077;365;17;3091;5
6078;365;18;721;3
6079;365;19;2409;2
6080;365;20;1793;1
6081;366;1;2004;200
6082;366;2;2615;150
6083;366;3;880;125
6084;366;4;1420;100
6085;366;5;2389;85
6086;366;6;829;70
6087;366;7;779;60
6088;366;8;1874;50
6089;366;9;1751;40
6090;366;10;521;35
6091;366;11;519;30
6092;366;12;242;25
6093;366;13;262;20
6094;366;14;1081;15
6095;366;15;2102;10
6096;366;16;2521;7
6097;366;17;546;5
6098;366;18;3003;3
6099;366;19;1221;2
6100;366;20;959;1
6101;384;1;2563;200
6102;384;2;2503;150
6103;384;3;2870;125
6104;384;4;2216;100
6105;384;5;891;85
6106;384;6;2676;70
6107;384;7;1375;60
6108;384;8;2859;50
6109;384;9;959;40
6110;384;10;87;35
6111;384;11;2785;30
6112;384;12;1420;25
6113;384;13;2828;20
6114;384;14;1775;15
6115;384;15;1887;10
6116;384;16;879;7
6117;384;17;1879;5
6118;384;18;2899;3
6119;384;19;2523;2
6120;384;20;812;1
6121;385;1;2340;200
6122;385;2;1420;150
6123;385;3;2216;125
6124;385;4;1375;100
6125;385;5;1448;85
6126;385;6;294;70
6127;385;7;2222;60
6128;385;8;1968;50
6129;385;9;1868;40
6130;385;10;2563;35
6131;385;11;728;30
6132;385;12;2420;25
6133;385;13;1879;20
6134;385;14;512;15
6135;385;15;1546;10
6136;385;16;891;7
6137;385;17;1471;5
6138;385;18;1887;3
6139;385;19;2711;2
6140;385;20;2899;1
6141;386;1;762;200
6142;386;2;2216;150
6143;386;3;2406;125
6144;386;4;812;100
6145;386;5;959;85
6146;386;6;767;70
6147;386;7;349;60
6148;386;8;2429;50
6149;386;9;97;40
6150;386;10;2563;35
6151;386;11;1546;30
6152;386;12;1500;25
6153;386;13;294;20
6154;386;14;954;15
6155;386;15;161;10
6156;386;16;3001;7
6157;386;17;1491;5
6158;386;18;620;3
6159;386;19;1887;2
6160;386;20;1123;1
6161;387;1;2389;200
6162;387;2;762;150
6163;387;3;2231;125
6164;387;4;2828;100
6165;387;5;2761;85
6166;387;6;2406;70
6167;387;7;2043;60
6168;387;8;2216;50
6169;387;9;167;40
6170;387;10;767;35
6171;387;11;2870;30
6172;387;12;812;25
6173;387;13;2523;20
6174;387;14;2183;15
6175;387;15;907;10
6176;387;16;2889;7
6177;387;17;2957;5
6178;387;18;2811;3
6179;387;19;851;2
6180;387;20;2245;1
6181;388;1;2339;200
6182;388;2;1057;150
6183;388;3;2340;125
6184;388;4;2167;100
6185;388;5;3001;85
6186;388;6;2870;70
6187;388;7;264;60
6188;388;8;751;50
6189;388;9;891;40
6190;388;10;762;35
6191;388;11;2973;30
6192;388;12;2227;25
6193;388;13;2859;20
6194;388;14;812;15
6195;388;15;2483;10
6196;388;16;1386;7
6197;388;17;2546;5
6198;388;18;1776;3
6199;388;19;600;2
6200;388;20;71;1
6201;389;1;2389;200
6202;389;2;2340;150
6203;389;3;2080;125
6204;389;4;2406;100
6205;389;5;1057;85
6206;389;6;2227;70
6207;389;7;2004;60
6208;389;8;186;50
6209;389;9;2870;40
6210;389;10;851;35
6211;389;11;3003;30
6212;389;12;2043;25
6213;389;13;1081;20
6214;389;14;1665;15
6215;389;15;751;10
6216;389;16;762;7
6217;389;17;1221;5
6218;389;18;1808;3
6219;389;19;2216;2
6220;389;20;264;1
6221;390;1;959;200
6222;390;2;1859;150
6223;390;3;2876;125
6224;390;4;1420;100
6225;390;5;2102;85
6226;390;6;1440;70
6227;390;7;2438;60
6228;390;8;2222;50
6229;390;9;1081;40
6230;390;10;880;35
6231;390;11;2389;30
6232;390;12;2216;25
6233;390;13;762;20
6234;390;14;1793;15
6235;390;15;3091;10
6236;390;16;176;7
6237;390;17;1221;5
6238;390;18;371;3
6239;390;19;1729;2
6240;390;20;767;1
6241;391;1;885;200
6242;391;2;2004;150
6243;391;3;880;125
6244;391;4;1081;100
6245;391;5;2627;85
6246;391;6;2340;70
6247;391;7;2102;60
6248;391;8;2544;50
6249;391;9;728;40
6250;391;10;1221;35
6251;391;11;2216;30
6252;391;12;1845;25
6253;391;13;161;20
6254;391;14;1233;15
6255;391;15;1793;10
6256;391;16;2978;7
6257;391;17;2483;5
6258;391;18;492;3
6259;391;19;3003;2
6260;391;20;829;1
6261;392;1;885;200
6262;392;2;2004;150
6263;392;3;880;125
6264;392;4;1420;100
6265;392;5;946;85
6266;392;6;521;70
6267;392;7;2290;60
6268;392;8;907;50
6269;392;9;2424;40
6270;392;10;2544;35
6271;392;11;519;30
6272;392;12;2102;25
6273;392;13;546;20
6274;392;14;161;15
6275;392;15;2828;10
6276;392;16;1837;7
6277;392;17;1090;5
6278;392;18;215;3
6279;392;19;492;2
6280;392;20;2889;1
6281;393;1;262;200
6282;393;2;946;150
6283;393;3;2004;125
6284;393;4;519;100
6285;393;5;907;85
6286;393;6;885;70
6287;393;7;1420;60
6288;393;8;1389;50
6289;393;9;2544;40
6290;393;10;880;35
6291;393;11;305;30
6292;393;12;600;25
6293;393;13;1837;20
6294;393;14;1081;15
6295;393;15;2936;10
6296;393;16;985;7
6297;393;17;3003;5
6298;393;18;2136;3
6299;393;19;806;2
6300;393;20;2965;1
6301;394;1;2004;200
6302;394;2;2978;150
6303;394;3;806;125
6304;394;4;238;100
6305;394;5;946;85
6306;394;6;1858;70
6307;394;7;959;60
6308;394;8;3003;50
6309;394;9;2088;40
6310;394;10;1420;35
6311;394;11;2673;30
6312;394;12;1233;25
6313;394;13;3161;20
6314;394;14;1837;15
6315;394;15;305;10
6316;394;16;568;7
6317;394;17;2487;5
6318;394;18;781;3
6319;394;19;317;2
6320;394;20;2740;1
6321;395;1;2004;200
6322;395;2;880;150
6323;395;3;238;125
6324;395;4;52;100
6325;395;5;458;85
6326;395;6;1837;70
6327;395;7;2389;60
6328;395;8;2936;50
6329;395;9;262;40
6330;395;10;2617;35
6331;395;11;781;30
6332;395;12;2136;25
6333;395;13;1233;20
6334;395;14;568;15
6335;395;15;2978;10
6336;395;16;2622;7
6337;395;17;73;5
6338;395;18;305;3
6339;395;19;257;2
6340;395;20;946;1
6341;396;1;1837;200
6342;396;2;2004;150
6343;396;3;2487;125
6344;396;4;2617;100
6345;396;5;238;85
6346;396;6;880;70
6347;396;7;806;60
6348;396;8;829;50
6349;396;9;52;40
6350;396;10;2978;35
6351;396;11;320;30
6352;396;12;2622;25
6353;396;13;2136;20
6354;396;14;3041;15
6355;396;15;305;10
6356;396;16;600;7
6357;396;17;1361;5
6358;396;18;946;3
6359;396;19;2939;2
6360;396;20;1233;1
6361;397;1;829;200
6362;397;2;880;150
6363;397;3;2487;125
6364;397;4;305;100
6365;397;5;600;85
6366;397;6;238;70
6367;397;7;781;60
6368;397;8;946;50
6369;397;9;806;40
6370;397;10;2544;35
6371;397;11;2863;30
6372;397;12;1837;25
6373;397;13;182;20
6374;397;14;2136;15
6375;397;15;2534;10
6376;397;16;1556;7
6377;397;17;120;5
6378;397;18;985;3
6379;397;19;449;2
6380;397;20;1057;1
6381;398;1;925;200
6382;398;2;781;150
6383;398;3;1389;125
6384;398;4;1511;100
6385;398;5;2136;85
6386;398;6;1680;70
6387;398;7;457;60
6388;398;8;1556;50
6389;398;9;806;40
6390;398;10;52;35
6391;398;11;1907;30
6392;398;12;2004;25
6393;398;13;182;20
6394;398;14;111;15
6395;398;15;2623;10
6396;398;16;79;7
6397;398;17;1813;5
6398;398;18;2978;3
6399;398;19;200;2
6400;398;20;1027;1
6401;399;1;829;200
6402;399;2;2487;150
6403;399;3;2707;125
6404;399;4;925;100
6405;399;5;781;85
6406;399;6;2750;70
6407;399;7;1669;60
6408;399;8;1206;50
6409;399;9;683;40
6410;399;10;2521;35
6411;399;11;305;30
6412;399;12;275;25
6413;399;13;2736;20
6414;399;14;1304;15
6415;399;15;1057;10
6416;399;16;91;7
6417;399;17;317;5
6418;399;18;2534;3
6419;399;19;238;2
6420;399;20;3021;1
6421;400;1;127;200
6422;400;2;2004;150
6423;400;3;629;125
6424;400;4;781;100
6425;400;5;111;85
6426;400;6;91;70
6427;400;7;1907;60
6428;400;8;305;50
6429;400;9;925;40
6430;400;10;1511;35
6431;400;11;2136;30
6432;400;12;806;25
6433;400;13;1720;20
6434;400;14;317;15
6435;400;15;2834;10
6436;400;16;683;7
6437;400;17;1680;5
6438;400;18;2628;3
6439;400;19;157;2
6440;400;20;500;1
6441;401;1;238;200
6442;401;2;629;150
6443;401;3;127;125
6444;401;4;2082;100
6445;401;5;714;85
6446;401;6;2846;70
6447;401;7;2810;60
6448;401;8;985;50
6449;401;9;2628;40
6450;401;10;781;35
6451;401;11;926;30
6452;401;12;1943;25
6453;401;13;111;20
6454;401;14;2368;15
6455;401;15;805;10
6456;401;16;589;7
6457;401;17;1304;5
6458;401;18;897;3
6459;401;19;1444;2
6460;401;20;2075;1
6461;402;1;829;200
6462;402;2;826;150
6463;402;3;535;125
6464;402;4;2080;100
6465;402;5;781;85
6466;402;6;298;70
6467;402;7;2085;60
6468;402;8;1961;50
6469;402;9;85;40
6470;402;10;2846;35
6471;402;11;1680;30
6472;402;12;1720;25
6473;402;13;2194;20
6474;402;14;2777;15
6475;402;15;317;10
6476;402;16;926;7
6477;402;17;127;5
6478;402;18;91;3
6479;402;19;863;2
6480;402;20;2082;1
6481;403;1;806;200
6482;403;2;1070;150
6483;403;3;1615;125
6484;403;4;2807;100
6485;403;5;952;85
6486;403;6;925;70
6487;403;7;829;60
6488;403;8;629;50
6489;403;9;305;40
6490;403;10;221;35
6491;403;11;2777;30
6492;403;12;2335;25
6493;403;13;821;20
6494;403;14;1197;15
6495;403;15;897;10
6496;403;16;5;7
6497;403;17;3021;5
6498;403;18;2939;3
6499;403;19;2534;2
6500;403;20;233;1
6501;404;1;1943;200
6502;404;2;115;150
6503;404;3;1078;125
6504;404;4;1184;100
6505;404;5;1070;85
6506;404;6;821;70
6507;404;7;2908;60
6508;404;8;1507;50
6509;404;9;1447;40
6510;404;10;320;35
6511;404;11;111;30
6512;404;12;1649;25
6513;404;13;2750;20
6514;404;14;2534;15
6515;404;15;805;10
6516;404;16;1961;7
6517;404;17;2012;5
6518;404;18;2978;3
6519;404;19;278;2
6520;404;20;975;1
6521;405;1;2220;200
6522;405;2;2085;150
6523;405;3;2807;125
6524;405;4;2625;100
6525;405;5;1447;85
6526;405;6;562;70
6527;405;7;1503;60
6528;405;8;769;50
6529;405;9;584;40
6530;405;10;821;35
6531;405;11;305;30
6532;405;12;320;25
6533;405;13;2908;20
6534;405;14;1943;15
6535;405;15;805;10
6536;405;16;1792;7
6537;405;17;1712;5
6538;405;18;2255;3
6539;405;19;1961;2
6540;405;20;115;1
6541;406;1;2220;200
6542;406;2;540;150
6543;406;3;1720;125
6544;406;4;805;100
6545;406;5;1503;85
6546;406;6;796;70
6547;406;7;1253;60
6548;406;8;1712;50
6549;406;9;501;40
6550;406;10;2272;35
6551;406;11;115;30
6552;406;12;442;25
6553;406;13;3198;20
6554;406;14;2834;15
6555;406;15;525;10
6556;406;16;2766;7
6557;406;17;584;5
6558;406;18;925;3
6559;406;19;2091;2
6560;406;20;278;1
6561;407;1;2220;200
6562;407;2;2004;150
6563;407;3;3199;125
6564;407;4;796;100
6565;407;5;501;85
6566;407;6;540;70
6567;407;7;2510;60
6568;407;8;1007;50
6569;407;9;468;40
6570;407;10;1447;35
6571;407;11;2628;30
6572;407;12;1453;25
6573;407;13;305;20
6574;407;14;2766;15
6575;407;15;1946;10
6576;407;16;3195;7
6577;407;17;2752;5
6578;407;18;974;3
6579;407;19;1720;2
6580;407;20;2487;1
6581;408;1;2340;100
6582;408;2;2986;70
6583;408;3;2222;50
6584;408;4;571;40
6585;408;5;1617;30
6586;408;6;116;20
6587;408;7;1868;15
6588;408;8;1609;10
6589;408;9;708;5
6590;408;10;1662;1
6591;2226;1;1707;100
6592;2226;2;728;70
6593;2226;3;1323;50
6594;2226;4;2339;40
6595;2226;5;2216;30
6596;2226;6;1107;20
6597;2226;7;3191;15
6598;2226;8;1929;10
6599;2226;9;762;5
6600;2226;10;2545;1
6601;2227;1;2406;100
6602;2227;2;1868;70
6603;2227;3;1934;50
6604;2227;4;2686;40
6605;2227;5;762;30
6606;2227;6;1541;20
6607;2227;7;1824;15
6608;2227;8;3182;10
6609;2227;9;1123;5
6610;2227;10;728;1
6611;2228;1;1490;100
6612;2228;2;554;70
6613;2228;3;2339;50
6614;2228;4;2523;40
6615;2228;5;767;30
6616;2228;6;2406;20
6617;2228;7;762;15
6618;2228;8;1541;10
6619;2228;9;2686;5
6620;2228;10;1868;1
6621;2229;1;2340;100
6622;2229;2;2523;70
6623;2229;3;3191;50
6624;2229;4;767;40
6625;2229;5;2406;30
6626;2229;6;1541;20
6627;2229;7;762;15
6628;2229;8;1525;10
6629;2229;9;2294;5
6630;2229;10;2889;1
6631;2230;1;1617;100
6632;2230;2;554;70
6633;2230;3;1490;50
6634;2230;4;2340;40
6635;2230;5;1323;30
6636;2230;6;2523;20
6637;2230;7;571;15
6638;2230;8;3191;10
6639;2230;9;2406;5
6640;2230;10;767;1
6641;2231;1;554;100
6642;2231;2;1617;70
6643;2231;3;116;50
6644;2231;4;1490;40
6645;2231;5;2870;30
6646;2231;6;571;20
6647;2231;7;1323;15
6648;2231;8;2339;10
6649;2231;9;1420;5
6650;2231;10;3003;1
6651;409;1;3191;200
6652;409;2;3003;150
6653;409;3;1707;125
6654;409;4;2216;100
6655;409;5;2420;85
6656;409;6;97;70
6657;409;7;1793;60
6658;409;8;2406;50
6659;409;9;1386;40
6660;409;10;264;35
6661;409;11;2743;30
6662;409;12;2057;25
6663;409;13;2523;20
6664;409;14;2389;15
6665;409;15;2870;10
6666;409;16;762;7
6667;409;17;954;5
6668;409;18;708;3
6669;409;19;1934;2
6670;409;20;1099;1
6671;410;1;2216;200
6672;410;2;2870;150
6673;410;3;2227;125
6674;410;4;2231;100
6675;410;5;1057;85
6676;410;6;1887;70
6677;410;7;2876;60
6678;410;8;2642;50
6679;410;9;812;40
6680;410;10;352;35
6681;410;11;2942;30
6682;410;12;2701;25
6683;410;13;1858;20
6684;410;14;3067;15
6685;410;15;751;10
6686;410;16;1634;7
6687;410;17;58;5
6688;410;18;1403;3
6689;410;19;167;2
6690;410;20;2828;1
6691;411;1;2216;200
6692;411;2;554;150
6693;411;3;1793;125
6694;411;4;3191;100
6695;411;5;767;85
6696;411;6;2340;70
6697;411;7;2973;60
6698;411;8;2870;50
6699;411;9;1420;40
6700;411;10;2743;35
6701;411;11;1195;30
6702;411;12;2876;25
6703;411;13;2192;20
6704;411;14;264;15
6705;411;15;1858;10
6706;411;16;3109;7
6707;411;17;2923;5
6708;411;18;751;3
6709;411;19;167;2
6710;411;20;2424;1
6711;412;1;2340;200
6712;412;2;3191;150
6713;412;3;2004;125
6714;412;4;3003;100
6715;412;5;1490;85
6716;412;6;2870;70
6717;412;7;2227;60
6718;412;8;2080;50
6719;412;9;2811;40
6720;412;10;1808;35
6721;412;11;2365;30
6722;412;12;167;25
6723;412;13;1099;20
6724;412;14;264;15
6725;412;15;2523;10
6726;412;16;886;7
6727;412;17;1081;5
6728;412;18;2889;3
6729;412;19;116;2
6730;412;20;2043;1
6731;413;1;1420;200
6732;413;2;1617;150
6733;413;3;1602;125
6734;413;4;2406;100
6735;413;5;2004;85
6736;413;6;2876;70
6737;413;7;3161;60
6738;413;8;2080;50
6739;413;9;880;40
6740;413;10;554;35
6741;413;11;2389;30
6742;413;12;2339;25
6743;413;13;2561;20
6744;413;14;2698;15
6745;413;15;512;10
6746;413;16;2340;7
6747;413;17;2231;5
6748;413;18;186;3
6749;413;19;1090;2
6750;413;20;2102;1
6751;414;1;1195;200
6752;414;2;1602;150
6753;414;3;880;125
6754;414;4;2340;100
6755;414;5;2102;85
6756;414;6;2004;70
6757;414;7;3161;60
6758;414;8;2389;50
6759;414;9;1793;40
6760;414;10;1081;35
6761;414;11;3003;30
6762;414;12;2870;25
6763;414;13;554;20
6764;414;14;934;15
6765;414;15;2919;10
6766;414;16;3091;7
6767;414;17;2698;5
6768;414;18;1617;3
6769;414;19;1057;2
6770;414;20;1727;1
6771;415;1;1081;200
6772;415;2;2004;150
6773;415;3;1602;125
6774;415;4;880;100
6775;415;5;16;85
6776;415;6;519;70
6777;415;7;2389;60
6778;415;8;1420;50
6779;415;9;2561;40
6780;415;10;262;35
6781;415;11;1203;30
6782;415;12;2227;25
6783;415;13;425;20
6784;415;14;2102;15
6785;415;15;161;10
6786;415;16;186;7
6787;415;17;1233;5
6788;415;18;448;3
6789;415;19;2802;2
6790;415;20;1729;1
6791;416;1;262;200
6792;416;2;2936;150
6793;416;3;2004;125
6794;416;4;880;100
6795;416;5;1420;85
6796;416;6;1389;70
6797;416;7;1081;60
6798;416;8;1845;50
6799;416;9;2389;40
6800;416;10;885;35
6801;416;11;2424;30
6802;416;12;2698;25
6803;416;13;1195;20
6804;416;14;2102;15
6805;416;15;2748;10
6806;416;16;2227;7
6807;416;17;1602;5
6808;416;18;568;3
6809;416;19;779;2
6810;416;20;2627;1
6811;417;1;1420;200
6812;417;2;1617;150
6813;417;3;1389;125
6814;417;4;1602;100
6815;417;5;16;85
6816;417;6;848;70
6817;417;7;1793;60
6818;417;8;568;50
6819;417;9;238;40
6820;417;10;52;35
6821;417;11;2487;30
6822;417;12;880;25
6823;417;13;457;20
6824;417;14;1874;15
6825;417;15;2978;10
6826;417;16;1107;7
6827;417;17;320;5
6828;417;18;2936;3
6829;417;19;2544;2
6830;417;20;120;1
6831;418;1;2004;200
6832;418;2;848;150
6833;418;3;880;125
6834;418;4;806;100
6835;418;5;262;85
6836;418;6;16;70
6837;418;7;238;60
6838;418;8;1793;50
6839;418;9;829;40
6840;418;10;1602;35
6841;418;11;568;30
6842;418;12;3003;25
6843;418;13;1057;20
6844;418;14;2978;15
6845;418;15;521;10
6846;418;16;1203;7
6847;418;17;256;5
6848;418;18;2136;3
6849;418;19;1727;2
6850;418;20;1400;1
6851;419;1;848;200
6852;419;2;829;150
6853;419;3;880;125
6854;419;4;806;100
6855;419;5;262;85
6856;419;6;238;70
6857;419;7;1727;60
6858;419;8;2136;50
6859;419;9;2978;40
6860;419;10;946;35
6861;419;11;2487;30
6862;419;12;1837;25
6863;419;13;1602;20
6864;419;14;1400;15
6865;419;15;3003;10
6866;419;16;521;7
6867;419;17;781;5
6868;419;18;1057;3
6869;419;19;1907;2
6870;419;20;2810;1
6871;420;1;806;200
6872;420;2;1400;150
6873;420;3;238;125
6874;420;4;262;100
6875;420;5;781;85
6876;420;6;52;70
6877;420;7;2487;60
6878;420;8;829;50
6879;420;9;519;40
6880;420;10;305;35
6881;420;11;2136;30
6882;420;12;1671;25
6883;420;13;880;20
6884;420;14;1389;15
6885;420;15;3003;10
6886;420;16;1837;7
6887;420;17;925;5
6888;420;18;2644;3
6889;420;19;2978;2
6890;420;20;1304;1
6891;421;1;829;200
6892;421;2;880;150
6893;421;3;519;125
6894;421;4;2136;100
6895;421;5;806;85
6896;421;6;848;70
6897;421;7;262;60
6898;421;8;2487;50
6899;421;9;600;40
6900;421;10;1511;35
6901;421;11;1082;30
6902;421;12;1361;25
6903;421;13;2617;20
6904;421;14;2424;15
6905;421;15;111;10
6906;421;16;629;7
6907;421;17;1768;5
6908;421;18;1389;3
6909;421;19;781;2
6910;421;20;1961;1
6911;422;1;629;200
6912;422;2;1082;150
6913;422;3;519;125
6914;422;4;262;100
6915;422;5;1816;85
6916;422;6;781;70
6917;422;7;2544;60
6918;422;8;1511;50
6919;422;9;1304;40
6920;422;10;806;35
6921;422;11;1961;30
6922;422;12;500;25
6923;422;13;2487;20
6924;422;14;305;15
6925;422;15;238;10
6926;422;16;127;7
6927;422;17;829;5
6928;422;18;848;3
6929;422;19;1112;2
6930;422;20;2750;1
6931;423;1;238;200
6932;423;2;127;150
6933;423;3;262;125
6934;423;4;305;100
6935;423;5;519;85
6936;423;6;1907;70
6937;423;7;848;60
6938;423;8;1768;50
6939;423;9;1511;40
6940;423;10;2136;35
6941;423;11;1602;30
6942;423;12;1400;25
6943;423;13;2080;20
6944;423;14;986;15
6945;423;15;2865;10
6946;423;16;2810;7
6947;423;17;2623;5
6948;423;18;108;3
6949;423;19;557;2
6950;423;20;256;1
6951;424;1;2080;200
6952;424;2;262;150
6953;424;3;500;125
6954;424;4;2807;100
6955;424;5;848;85
6956;424;6;1511;70
6957;424;7;519;60
6958;424;8;1768;50
6959;424;9;1837;40
6960;424;10;127;35
6961;424;11;2082;30
6962;424;12;2834;25
6963;424;13;1082;20
6964;424;14;1772;15
6965;424;15;91;10
6966;424;16;2810;7
6967;424;17;806;5
6968;424;18;3104;3
6969;424;19;986;2
6970;424;20;111;1
6971;425;1;519;200
6972;425;2;127;150
6973;425;3;1816;125
6974;425;4;1768;100
6975;425;5;2707;85
6976;425;6;52;70
6977;425;7;714;60
6978;425;8;806;50
6979;425;9;1669;40
6980;425;10;2082;35
6981;425;11;238;30
6982;425;12;986;25
6983;425;13;2579;20
6984;425;14;1078;15
6985;425;15;262;10
6986;425;16;500;7
6987;425;17;848;5
6988;425;18;1400;3
6989;425;19;317;2
6990;425;20;108;1
6991;426;1;262;200
6992;426;2;1768;150
6993;426;3;1078;125
6994;426;4;806;100
6995;426;5;714;85
6996;426;6;2082;70
6997;426;7;500;60
6998;426;8;238;50
6999;426;9;2075;40
7000;426;10;1615;35
7001;426;11;1681;30
7002;426;12;2004;25
7003;426;13;1816;20
7004;426;14;127;15
7005;426;15;805;10
7006;426;16;1961;7
7007;426;17;986;5
7008;426;18;829;3
7009;426;19;519;2
7010;426;20;1511;1
7011;427;1;1816;200
7012;427;2;262;150
7013;427;3;519;125
7014;427;4;299;100
7015;427;5;2075;85
7016;427;6;500;70
7017;427;7;1078;60
7018;427;8;1511;50
7019;427;9;423;40
7020;427;10;2080;35
7021;427;11;2777;30
7022;427;12;2707;25
7023;427;13;875;20
7024;427;14;986;15
7025;427;15;568;10
7026;427;16;2807;7
7027;427;17;714;5
7028;427;18;67;3
7029;427;19;1873;2
7030;427;20;2004;1
7031;428;1;1816;200
7032;428;2;714;150
7033;428;3;806;125
7034;428;4;2777;100
7035;428;5;1511;85
7036;428;6;1447;70
7037;428;7;2075;60
7038;428;8;2752;50
7039;428;9;221;40
7040;428;10;299;35
7041;428;11;821;30
7042;428;12;1837;25
7043;428;13;1900;20
7044;428;14;1807;15
7045;428;15;2004;10
7046;428;16;2510;7
7047;428;17;2625;5
7048;428;18;2737;3
7049;428;19;568;2
7050;428;20;278;1
7051;429;1;806;200
7052;429;2;1511;150
7053;429;3;2752;125
7054;429;4;2004;100
7055;429;5;1816;85
7056;429;6;2526;70
7057;429;7;2777;60
7058;429;8;714;50
7059;429;9;1713;40
7060;429;10;1503;35
7061;429;11;1807;30
7062;429;12;299;25
7063;429;13;2510;20
7064;429;14;3092;15
7065;429;15;2967;10
7066;429;16;1792;7
7067;429;17;973;5
7068;429;18;2834;3
7069;429;19;2371;2
7070;429;20;875;1
7071;430;1;1816;200
7072;430;2;2487;150
7073;430;3;1720;125
7074;430;4;1511;100
7075;430;5;1596;85
7076;430;6;1712;70
7077;430;7;821;60
7078;430;8;848;50
7079;430;9;2526;40
7080;430;10;2075;35
7081;430;11;238;30
7082;430;12;221;25
7083;430;13;2220;20
7084;430;14;1713;15
7085;430;15;2390;10
7086;430;16;1675;7
7087;430;17;1807;5
7088;430;18;91;3
7089;430;19;3196;2
7090;430;20;2807;1
7091;431;1;2340;100
7092;431;2;1550;70
7093;431;3;2406;50
7094;431;4;1386;40
7095;431;5;385;30
7096;431;6;2095;20
7097;431;7;1726;15
7098;431;8;700;10
7099;431;9;3161;5
7100;431;10;2876;1
7101;432;1;1420;200
7102;432;2;2870;150
7103;432;3;2406;125
7104;432;4;204;100
7105;432;5;2222;85
7106;432;6;167;70
7107;432;7;2216;60
7108;432;8;2973;50
7109;432;9;2859;40
7110;432;10;2889;35
7111;432;11;3003;30
7112;432;12;116;25
7113;432;13;2761;20
7114;432;14;2811;15
7115;432;15;907;10
7116;432;16;2192;7
7117;432;17;1525;5
7118;432;18;1665;3
7119;432;19;3161;2
7120;432;20;2876;1
7121;433;1;2227;100
7122;433;2;728;70
7123;433;3;2889;50
7124;433;4;2939;40
7125;433;5;2743;30
7126;433;6;2216;20
7127;433;7;264;15
7128;433;8;1858;10
7129;433;9;2870;5
7130;433;10;762;1
7131;434;1;2870;200
7132;434;2;2340;150
7133;434;3;2231;125
7134;434;4;3003;100
7135;434;5;264;85
7136;434;6;186;70
7137;434;7;1887;60
7138;434;8;1490;50
7139;434;9;1602;40
7140;434;10;2876;35
7141;434;11;2406;30
7142;434;12;1546;25
7143;434;13;700;20
7144;434;14;16;15
7145;434;15;2919;10
7146;434;16;2161;7
7147;434;17;2192;5
7148;434;18;954;3
7149;434;19;1344;2
7150;434;20;1793;1
7151;435;1;512;200
7152;435;2;1490;150
7153;435;3;2389;125
7154;435;4;161;100
7155;435;5;1221;85
7156;435;6;2698;70
7157;435;7;934;60
7158;435;8;959;50
7159;435;9;2939;40
7160;435;10;2004;35
7161;435;11;186;30
7162;435;12;2340;25
7163;435;13;204;20
7164;435;14;3003;15
7165;435;15;1420;10
7166;435;16;1090;7
7167;435;17;2870;5
7168;435;18;492;3
7169;435;19;167;2
7170;435;20;2365;1
7171;436;1;1609;200
7172;436;2;1592;150
7173;436;3;521;125
7174;436;4;1490;100
7175;436;5;907;85
7176;436;6;176;70
7177;436;7;186;60
7178;436;8;1420;50
7179;436;9;2876;40
7180;436;10;2102;35
7181;436;11;1794;30
7182;436;12;161;25
7183;436;13;2389;20
7184;436;14;2231;15
7185;436;15;1602;10
7186;436;16;2698;7
7187;436;17;880;5
7188;436;18;1727;3
7189;436;19;3003;2
7190;436;20;2013;1
7191;437;1;2004;200
7192;437;2;1602;150
7193;437;3;880;125
7194;437;4;2231;100
7195;437;5;161;85
7196;437;6;2689;70
7197;437;7;3003;60
7198;437;8;2870;50
7199;437;9;2102;40
7200;437;10;2389;35
7201;437;11;2698;30
7202;437;12;1751;25
7203;437;13;2216;20
7204;437;14;262;15
7205;437;15;16;10
7206;437;16;2339;7
7207;437;17;1880;5
7208;437;18;1793;3
7209;437;19;1221;2
7210;437;20;1617;1
7211;438;1;1602;200
7212;438;2;16;150
7213;438;3;880;125
7214;438;4;262;100
7215;438;5;848;85
7216;438;6;1081;70
7217;438;7;519;60
7218;438;8;521;50
7219;438;9;1221;40
7220;438;10;2135;35
7221;438;11;2004;30
7222;438;12;839;25
7223;438;13;1841;20
7224;438;14;1793;15
7225;438;15;2828;10
7226;438;16;1837;7
7227;438;17;1484;5
7228;438;18;2013;3
7229;438;19;1880;2
7230;438;20;1071;1
7231;439;1;262;200
7232;439;2;848;150
7233;439;3;2389;125
7234;439;4;1195;100
7235;439;5;1221;85
7236;439;6;1602;70
7237;439;7;1233;60
7238;439;8;2102;50
7239;439;9;1420;40
7240;439;10;880;35
7241;439;11;2227;30
7242;439;12;376;25
7243;439;13;3161;20
7244;439;14;829;15
7245;439;15;1081;10
7246;439;16;2561;7
7247;439;17;2004;5
7248;439;18;1305;3
7249;439;19;2438;2
7250;439;20;1090;1
7251;440;1;1233;200
7252;440;2;1107;150
7253;440;3;2004;125
7254;440;4;2748;100
7255;440;5;3003;85
7256;440;6;880;70
7257;440;7;2978;60
7258;440;8;1239;50
7259;440;9;946;40
7260;440;10;1751;35
7261;440;11;127;30
7262;440;12;2377;25
7263;440;13;1602;20
7264;440;14;1420;15
7265;440;15;2592;10
7266;440;16;2597;7
7267;440;17;2622;5
7268;440;18;2689;3
7269;440;19;2967;2
7270;440;20;1357;1
7271;441;1;2004;200
7272;441;2;880;150
7273;441;3;127;125
7274;441;4;848;100
7275;441;5;238;85
7276;441;6;946;70
7277;441;7;2622;60
7278;441;8;2617;50
7279;441;9;1793;40
7280;441;10;1057;35
7281;441;11;1602;30
7282;441;12;1667;25
7283;441;13;2487;20
7284;441;14;683;15
7285;441;15;1837;10
7286;441;16;2438;7
7287;441;17;863;5
7288;441;18;2978;3
7289;441;19;784;2
7290;441;20;123;1
7291;442;1;519;200
7292;442;2;127;150
7293;442;3;2622;125
7294;442;4;2004;100
7295;442;5;1602;85
7296;442;6;1768;70
7297;442;7;262;60
7298;442;8;829;50
7299;442;9;1837;40
7300;442;10;880;35
7301;442;11;781;30
7302;442;12;238;25
7303;442;13;2863;20
7304;442;14;600;15
7305;442;15;3003;10
7306;442;16;2617;7
7307;442;17;458;5
7308;442;18;946;3
7309;442;19;848;2
7310;442;20;1347;1
7311;443;1;1400;200
7312;443;2;1057;150
7313;443;3;1768;125
7314;443;4;1837;100
7315;443;5;238;85
7316;443;6;127;70
7317;443;7;2978;60
7318;443;8;880;50
7319;443;9;2748;40
7320;443;10;1667;35
7321;443;11;305;30
7322;443;12;925;25
7323;443;13;1961;20
7324;443;14;1389;15
7325;443;15;2136;10
7326;443;16;3003;7
7327;443;17;806;5
7328;443;18;2689;3
7329;443;19;829;2
7330;443;20;2736;1
7331;444;1;863;200
7332;444;2;1813;150
7333;444;3;519;125
7334;444;4;127;100
7335;444;5;1961;85
7336;444;6;1112;70
7337;444;7;111;60
7338;444;8;1432;50
7339;444;9;2736;40
7340;444;10;2622;35
7341;444;11;683;30
7342;444;12;925;25
7343;444;13;457;20
7344;444;14;278;15
7345;444;15;2750;10
7346;444;16;1658;7
7347;444;17;1460;5
7348;444;18;2521;3
7349;444;19;2978;2
7350;444;20;500;1
7351;445;1;1813;200
7352;445;2;2004;150
7353;445;3;1680;125
7354;445;4;568;100
7355;445;5;848;85
7356;445;6;542;70
7357;445;7;2080;60
7358;445;8;863;50
7359;445;9;1961;40
7360;445;10;1602;35
7361;445;11;1112;30
7362;445;12;2865;25
7363;445;13;1511;20
7364;445;14;781;15
7365;445;15;2136;10
7366;445;16;986;7
7367;445;17;2707;5
7368;445;18;925;3
7369;445;19;238;2
7370;445;20;1768;1
7371;446;1;2004;200
7372;446;2;1602;150
7373;446;3;1813;125
7374;446;4;781;100
7375;446;5;347;85
7376;446;6;568;70
7377;446;7;1961;60
7378;446;8;629;50
7379;446;9;1713;40
7380;446;10;925;35
7381;446;11;929;30
7382;446;12;2707;25
7383;446;13;2807;20
7384;446;14;1667;15
7385;446;15;1907;10
7386;446;16;863;7
7387;446;17;2623;5
7388;446;18;2690;3
7389;446;19;805;2
7390;446;20;1987;1
7391;447;1;2080;200
7392;447;2;2004;150
7393;447;3;1807;125
7394;447;4;542;100
7395;447;5;127;85
7396;447;6;2082;70
7397;447;7;1961;60
7398;447;8;2628;50
7399;447;9;2846;40
7400;447;10;1680;35
7401;447;11;2621;30
7402;447;12;2707;25
7403;447;13;986;20
7404;447;14;925;15
7405;447;15;1768;10
7406;447;16;1112;7
7407;447;17;3104;5
7408;447;18;1772;3
7409;447;19;535;2
7410;447;20;157;1
7411;448;1;320;200
7412;448;2;2510;150
7413;448;3;3051;125
7414;448;4;1807;100
7415;448;5;347;85
7416;448;6;2908;70
7417;448;7;2353;60
7418;448;8;2962;50
7419;448;9;863;40
7420;448;10;2737;35
7421;448;11;986;30
7422;448;12;298;25
7423;448;13;1427;20
7424;448;14;1503;15
7425;448;15;1506;10
7426;448;16;2377;7
7427;448;17;85;5
7428;448;18;1677;3
7429;448;19;2220;2
7430;448;20;2317;1
7431;449;1;2876;100
7432;449;2;2216;70
7433;449;3;2923;50
7434;449;4;700;40
7435;449;5;512;30
7436;449;6;866;20
7437;449;7;1845;15
7438;449;8;1793;10
7439;449;9;3085;5
7440;449;10;2102;1
7441;450;1;2185;100
7442;450;2;2231;70
7443;450;3;1266;50
7444;450;4;851;40
7445;450;5;1727;30
7446;450;6;848;20
7447;450;7;1533;15
7448;450;8;176;10
7449;450;9;1793;5
7450;450;10;1602;1
7451;451;1;1602;100
7452;451;2;186;70
7453;451;3;880;50
7454;451;4;2102;40
7455;451;5;2923;30
7456;451;6;1794;20
7457;451;7;2192;15
7458;451;8;129;10
7459;451;9;1000;5
7460;451;10;1665;1
7461;452;1;2876;100
7462;452;2;2389;70
7463;452;3;1567;50
7464;452;4;519;40
7465;452;5;2828;30
7466;452;6;16;20
7467;452;7;2216;15
7468;452;8;161;10
7469;452;9;1845;5
7470;452;10;2252;1
7471;453;1;880;100
7472;453;2;1727;70
7473;453;3;1081;50
7474;453;4;2561;40
7475;453;5;2698;30
7476;453;6;2102;20
7477;453;7;2216;15
7478;453;8;1793;10
7479;453;9;2828;5
7480;453;10;1233;1
7481;454;1;880;100
7482;454;2;161;70
7483;454;3;519;50
7484;454;4;1793;40
7485;454;5;806;30
7486;454;6;262;20
7487;454;7;1305;15
7488;454;8;2978;10
7489;454;9;1081;5
7490;454;10;2102;1
7491;455;1;1793;100
7492;455;2;848;70
7493;455;3;3003;50
7494;455;4;2102;40
7495;455;5;2487;30
7496;455;6;2389;20
7497;455;7;806;15
7498;455;8;2978;10
7499;455;9;111;5
7500;455;10;829;1
7501;456;1;2978;100
7502;456;2;2136;70
7503;456;3;880;50
7504;456;4;262;40
7505;456;5;2748;30
7506;456;6;848;20
7507;456;7;519;15
7508;456;8;238;10
7509;456;9;2622;5
7510;456;10;1793;1
7511;457;1;127;100
7512;457;2;880;70
7513;457;3;829;50
7514;457;4;1727;40
7515;457;5;1602;30
7516;457;6;2810;20
7517;457;7;2978;15
7518;457;8;305;10
7519;457;9;262;5
7520;457;10;568;1
7521;458;1;238;100
7522;458;2;848;70
7523;458;3;829;50
7524;458;4;519;40
7525;458;5;2978;30
7526;458;6;781;20
7527;458;7;127;15
7528;458;8;568;10
7529;458;9;3003;5
7530;458;10;2622;1
7531;459;1;829;100
7532;459;2;519;70
7533;459;3;2978;50
7534;459;4;1680;40
7535;459;5;2748;30
7536;459;6;1837;20
7537;459;7;542;15
7538;459;8;2863;10
7539;459;9;457;5
7540;459;10;880;1
7541;460;1;1837;100
7542;460;2;519;70
7543;460;3;262;50
7544;460;4;848;40
7545;460;5;806;30
7546;460;6;111;20
7547;460;7;1400;15
7548;460;8;2750;10
7549;460;9;683;5
7550;460;10;1082;1
7551;461;1;557;100
7552;461;2;75;70
7553;461;3;1961;50
7554;461;4;542;40
7555;461;5;629;30
7556;461;6;2377;20
7557;461;7;1321;15
7558;461;8;1400;10
7559;461;9;2082;5
7560;461;10;320;1
7561;462;1;519;100
7562;462;2;2080;70
7563;462;3;1370;50
7564;462;4;262;40
7565;462;5;75;30
7566;462;6;1321;20
7567;462;7;317;15
7568;462;8;2810;10
7569;462;9;557;5
7570;462;10;986;1
7571;463;1;262;100
7572;463;2;2080;70
7573;463;3;986;50
7574;463;4;519;40
7575;463;5;848;30
7576;463;6;826;20
7577;463;7;925;15
7578;463;8;542;10
7579;463;9;1370;5
7580;463;10;317;1
7581;464;1;238;100
7582;464;2;875;75
7583;464;3;127;60
7584;464;4;1816;50
7585;464;5;1112;45
7586;464;6;2080;40
7587;464;7;1768;35
7588;464;8;1078;30
7589;464;9;2082;25
7590;464;10;806;20
7591;464;11;519;15
7592;464;12;2579;10
7593;464;13;714;8
7594;464;14;2075;7
7595;464;15;111;6
7596;464;16;2834;5
7597;464;17;500;4
7598;464;18;1511;3
7599;464;19;805;2
7600;464;20;221;1
7601;465;1;262;100
7602;465;2;714;75
7603;465;3;1807;60
7604;465;4;805;50
7605;465;5;586;45
7606;465;6;875;40
7607;465;7;221;35
7608;465;8;1961;30
7609;465;9;2080;25
7610;465;10;1441;20
7611;465;11;1503;15
7612;465;12;2625;10
7613;465;13;249;8
7614;465;14;1427;7
7615;465;15;2807;6
7616;465;16;535;5
7617;465;17;848;4
7618;465;18;986;3
7619;465;19;1932;2
7620;465;20;1349;1
7621;466;1;1816;200
7622;466;2;1807;150
7623;466;3;2080;125
7624;466;4;875;100
7625;466;5;2510;85
7626;466;6;278;70
7627;466;7;2528;60
7628;466;8;562;50
7629;466;9;2834;40
7630;466;10;806;35
7631;466;11;1503;30
7632;466;12;1944;25
7633;466;13;2807;20
7634;466;14;2075;15
7635;466;15;2737;10
7636;466;16;1078;7
7637;466;17;714;5
7638;466;18;79;3
7639;466;19;2579;2
7640;466;20;500;1
7641;467;1;2004;200
7642;467;2;1816;150
7643;467;3;806;125
7644;467;4;2752;100
7645;467;5;2967;85
7646;467;6;714;70
7647;467;7;1511;60
7648;467;8;2526;50
7649;467;9;1807;40
7650;467;10;805;35
7651;467;11;875;30
7652;467;12;2707;25
7653;467;13;2510;20
7654;467;14;1503;15
7655;467;15;562;10
7656;467;16;3092;7
7657;467;17;2625;5
7658;467;18;3203;3
7659;467;19;568;2
7660;467;20;1197;1
7661;468;1;1815;200
7662;468;2;3204;150
7663;468;3;714;125
7664;468;4;2526;100
7665;468;5;1807;85
7666;468;6;796;70
7667;468;7;2510;60
7668;468;8;586;50
7669;468;9;1191;40
7670;468;10;1946;35
7671;468;11;1900;30
7672;468;12;2967;25
7673;468;13;562;20
7674;468;14;2777;15
7675;468;15;2625;10
7676;468;16;1961;7
7677;468;17;3199;5
7678;468;18;1712;3
7679;468;19;659;2
7680;468;20;1212;1
7681;469;1;2102;100
7682;469;2;880;70
7683;469;3;2923;50
7684;469;4;2043;40
7685;469;5;1845;30
7686;469;6;2483;20
7687;469;7;1081;15
7688;469;8;2686;10
7689;469;9;2320;5
7690;469;10;2939;1
7691;470;1;1794;100
7692;470;2;262;70
7693;470;3;1592;50
7694;470;4;1665;40
7695;470;5;1483;30
7696;470;6;71;20
7697;470;7;767;15
7698;470;8;483;10
7699;470;9;1195;5
7700;470;10;1602;1
7701;471;1;1602;100
7702;471;2;2592;70
7703;471;3;1727;50
7704;471;4;542;40
7705;471;5;880;30
7706;471;6;2043;20
7707;471;7;863;15
7708;471;8;1813;10
7709;471;9;1239;5
7710;471;10;2456;1
7711;472;1;1602;100
7712;472;2;542;70
7713;472;3;262;50
7714;472;4;880;40
7715;472;5;568;30
7716;472;6;2698;20
7717;472;7;1386;15
7718;472;8;2689;10
7719;472;9;848;5
7720;472;10;2340;1
7721;473;1;116;100
7722;473;2;880;70
7723;473;3;16;50
7724;473;4;2592;40
7725;473;5;2102;30
7726;473;6;1602;20
7727;473;7;829;15
7728;473;8;1727;10
7729;473;9;568;5
7730;473;10;2698;1
7731;474;1;262;100
7732;474;2;546;70
7733;474;3;1751;50
7734;474;4;1057;40
7735;474;5;2004;30
7736;474;6;2409;20
7737;474;7;542;15
7738;474;8;829;10
7739;474;9;880;5
7740;474;10;943;1
7741;475;1;2563;150
7742;475;2;2592;115
7743;475;3;1057;95
7744;475;4;1386;75
7745;475;5;2876;65
7746;475;6;2227;55
7747;475;7;2231;47
7748;475;8;425;40
7749;475;9;3003;33
7750;475;10;880;28
7751;475;11;1794;23
7752;475;12;167;18
7753;475;13;58;14
7754;475;14;1719;11
7755;475;15;2561;8
7756;475;16;2544;6
7757;475;17;2683;4
7758;475;18;2161;3
7759;475;19;390;2
7760;475;20;1387;1
7761;476;1;1195;150
7762;476;2;2563;115
7763;476;3;2592;95
7764;476;4;3161;75
7765;476;5;2095;65
7766;476;6;1670;55
7767;476;7;376;47
7768;476;8;880;40
7769;476;9;2438;33
7770;476;10;1845;28
7771;476;11;1721;23
7772;476;12;2876;18
7773;476;13;1338;14
7774;476;14;841;11
7775;476;15;390;8
7776;476;16;2406;6
7777;476;17;291;4
7778;476;18;16;3
7779;476;19;1609;2
7780;476;20;652;1
7781;477;1;1195;150
7782;477;2;2563;115
7783;477;3;1602;95
7784;477;4;2592;75
7785;477;5;2227;65
7786;477;6;2919;55
7787;477;7;3161;47
7788;477;8;2102;40
7789;477;9;1793;33
7790;477;10;3003;28
7791;477;11;1729;23
7792;477;12;58;18
7793;477;13;2936;14
7794;477;14;2438;11
7795;477;15;2689;8
7796;477;16;2698;6
7797;477;17;880;4
7798;477;18;2231;3
7799;477;19;457;2
7800;477;20;1484;1
7801;478;1;1195;150
7802;478;2;880;115
7803;478;3;262;95
7804;478;4;1057;75
7805;478;5;2698;65
7806;478;6;2561;55
7807;478;7;16;47
7808;478;8;1841;40
7809;478;9;521;33
7810;478;10;2252;28
7811;478;11;2689;23
7812;478;12;2592;18
7813;478;13;1605;14
7814;478;14;2231;11
7815;478;15;2828;8
7816;478;16;1670;6
7817;478;17;1305;4
7818;478;18;425;3
7819;478;19;2795;2
7820;478;20;3161;1
7821;479;1;2004;150
7822;479;2;2748;115
7823;479;3;880;95
7824;479;4;2102;75
7825;479;5;1727;65
7826;479;6;1057;55
7827;479;7;2227;47
7828;479;8;376;40
7829;479;9;2592;33
7830;479;10;1239;28
7831;479;11;542;23
7832;479;12;347;18
7833;479;13;829;14
7834;479;14;3161;11
7835;479;15;2972;8
7836;479;16;2252;6
7837;479;17;2456;4
7838;479;18;2597;3
7839;479;19;1386;2
7840;479;20;457;1
7841;480;1;542;150
7842;480;2;1057;115
7843;480;3;2004;95
7844;480;4;2227;75
7845;480;5;880;65
7846;480;6;2456;55
7847;480;7;376;47
7848;480;8;1050;40
7849;480;9;2698;33
7850;480;10;2136;28
7851;480;11;3003;23
7852;480;12;1793;18
7853;480;13;320;14
7854;480;14;2597;11
7855;480;15;668;8
7856;480;16;2622;6
7857;480;17;3161;4
7858;480;18;2740;3
7859;480;19;347;2
7860;480;20;1203;1
7861;481;1;2004;100
7862;481;2;1057;70
7863;481;3;880;50
7864;481;4;2748;40
7865;481;5;781;30
7866;481;6;848;20
7867;481;7;542;15
7868;481;8;1843;10
7869;481;9;2136;5
7870;481;10;63;1
7871;482;1;519;100
7872;482;2;1843;70
7873;482;3;829;50
7874;482;4;347;40
7875;482;5;880;30
7876;482;6;127;20
7877;482;7;3003;15
7878;482;8;863;10
7879;482;9;542;5
7880;482;10;1961;1
7881;483;1;1057;100
7882;483;2;3041;70
7883;483;3;262;50
7884;483;4;867;40
7885;483;5;1128;30
7886;483;6;3122;20
7887;483;7;1800;15
7888;483;8;79;10
7889;483;9;108;5
7890;483;10;127;1
7891;484;1;1680;100
7892;484;2;568;70
7893;484;3;278;50
7894;484;4;2978;40
7895;484;5;863;30
7896;484;6;542;20
7897;484;7;1082;15
7898;484;8;880;10
7899;484;9;629;5
7900;484;10;2004;1
7901;485;1;542;100
7902;485;2;1816;70
7903;485;3;108;50
7904;485;4;629;40
7905;485;5;1813;30
7906;485;6;2377;20
7907;485;7;347;15
7908;485;8;1082;10
7909;485;9;2750;5
7910;485;10;1321;1
7911;486;1;75;100
7912;486;2;1400;70
7913;486;3;542;50
7914;486;4;2621;40
7915;486;5;299;30
7916;486;6;986;20
7917;486;7;1961;15
7918;486;8;1321;10
7919;486;9;379;5
7920;486;10;1807;1
7921;487;1;320;100
7922;487;2;127;70
7923;487;3;2080;50
7924;487;4;75;40
7925;487;5;1082;30
7926;487;6;848;20
7927;487;7;1772;15
7928;487;8;953;10
7929;487;9;1807;5
7930;487;10;542;1
7931;488;1;519;100
7932;488;2;525;70
7933;488;3;796;50
7934;488;4;542;40
7935;488;5;91;30
7936;488;6;1799;20
7937;488;7;2956;15
7938;488;8;1932;10
7939;488;9;568;5
7940;488;10;659;1
7941;489;1;568;100
7942;489;2;91;70
7943;489;3;986;50
7944;489;4;2967;40
7945;489;5;1900;30
7946;489;6;525;20
7947;489;7;535;15
7948;489;8;1961;10
7949;489;9;781;5
7950;489;10;659;1
7951;490;1;16;200
7952;490;2;851;150
7953;490;3;2004;125
7954;490;4;1195;100
7955;490;5;2876;85
7956;490;6;2592;70
7957;490;7;2340;60
7958;490;8;1057;50
7959;490;9;2227;40
7960;490;10;2185;35
7961;490;11;2923;30
7962;490;12;1602;25
7963;490;13;1845;20
7964;490;14;425;15
7965;490;15;848;10
7966;490;16;2776;7
7967;490;17;1727;5
7968;490;18;2236;3
7969;490;19;264;2
7970;490;20;1794;1
7971;491;1;512;200
7972;491;2;2004;150
7973;491;3;1195;125
7974;491;4;2876;100
7975;491;5;2592;85
7976;491;6;71;70
7977;491;7;1727;60
7978;491;8;1602;50
7979;491;9;3161;40
7980;491;10;1617;35
7981;491;11;186;30
7982;491;12;2828;25
7983;491;13;1090;20
7984;491;14;1420;15
7985;491;15;204;10
7986;491;16;1751;7
7987;491;17;2406;5
7988;491;18;886;3
7989;491;19;2523;2
7990;491;20;2438;1
7991;492;1;880;200
7992;492;2;1793;150
7993;492;3;519;125
7994;492;4;2698;100
7995;492;5;1081;85
7996;492;6;934;70
7997;492;7;1195;60
7998;492;8;2004;50
7999;492;9;2102;40
8000;492;10;1602;35
8001;492;11;3161;30
8002;492;12;2592;25
8003;492;13;161;20
8004;492;14;1057;15
8005;492;15;2876;10
8006;492;16;58;7
8007;492;17;2919;5
8008;492;18;492;3
8009;492;19;65;2
8010;492;20;1837;1
8011;493;1;1793;200
8012;493;2;262;150
8013;493;3;1057;125
8014;493;4;521;100
8015;493;5;519;85
8016;493;6;425;70
8017;493;7;16;60
8018;493;8;448;50
8019;493;9;2013;40
8020;493;10;1233;35
8021;493;11;2978;30
8022;493;12;2698;25
8023;493;13;2389;20
8024;493;14;1602;15
8025;493;15;2004;10
8026;493;16;2592;7
8027;493;17;2340;5
8028;493;18;1195;3
8029;493;19;347;2
8030;493;20;880;1
8031;494;1;2004;200
8032;494;2;1602;150
8033;494;3;1057;125
8034;494;4;1195;100
8035;494;5;2592;85
8036;494;6;262;70
8037;494;7;2102;60
8038;494;8;2227;50
8039;494;9;880;40
8040;494;10;829;35
8041;494;11;1081;30
8042;494;12;568;25
8043;494;13;3161;20
8044;494;14;161;15
8045;494;15;2101;10
8046;494;16;1239;7
8047;494;17;457;5
8048;494;18;376;3
8049;494;19;2748;2
8050;494;20;1277;1
8051;495;1;2004;200
8052;495;2;1602;150
8053;495;3;880;125
8054;495;4;1057;100
8055;495;5;3003;85
8056;495;6;16;70
8057;495;7;2102;60
8058;495;8;2227;50
8059;495;9;1793;40
8060;495;10;2487;35
8061;495;11;1420;30
8062;495;12;320;25
8063;495;13;2597;20
8064;495;14;2978;15
8065;495;15;1305;10
8066;495;16;63;7
8067;495;17;829;5
8068;495;18;521;3
8069;495;19;519;2
8070;495;20;806;1
8071;496;1;2004;200
8072;496;2;848;150
8073;496;3;880;125
8074;496;4;542;100
8075;496;5;1602;85
8076;496;6;2748;70
8077;496;7;829;60
8078;496;8;2036;50
8079;496;9;2978;40
8080;496;10;457;35
8081;496;11;238;30
8082;496;12;2456;25
8083;496;13;262;20
8084;496;14;2782;15
8085;496;15;2622;10
8086;496;16;1727;7
8087;496;17;3071;5
8088;496;18;1361;3
8089;496;19;521;2
8090;496;20;2116;1
8091;497;1;829;200
8092;497;2;238;150
8093;497;3;2748;125
8094;497;4;519;100
8095;497;5;262;85
8096;497;6;1602;70
8097;497;7;848;60
8098;497;8;880;50
8099;497;9;127;40
8100;497;10;1233;35
8101;497;11;3003;30
8102;497;12;2978;25
8103;497;13;2689;20
8104;497;14;1874;15
8105;497;15;1727;10
8106;497;16;806;7
8107;497;17;2967;5
8108;497;18;2622;3
8109;497;19;1057;2
8110;497;20;542;1
8111;498;1;1400;200
8112;498;2;127;150
8113;498;3;848;125
8114;498;4;1837;100
8115;498;5;542;85
8116;498;6;2978;70
8117;498;7;829;60
8118;498;8;880;50
8119;498;9;2088;40
8120;498;10;347;35
8121;498;11;1602;30
8122;498;12;2597;25
8123;498;13;262;20
8124;498;14;781;15
8125;498;15;1587;10
8126;498;16;1082;7
8127;498;17;2617;5
8128;498;18;1304;3
8129;498;19;278;2
8130;498;20;2622;1
8131;499;1;519;200
8132;499;2;1082;150
8133;499;3;3003;125
8134;499;4;238;100
8135;499;5;2080;85
8136;499;6;2748;70
8137;499;7;986;60
8138;499;8;1667;50
8139;499;9;262;40
8140;499;10;1680;35
8141;499;11;2707;30
8142;499;12;2978;25
8143;499;13;1837;20
8144;499;14;127;15
8145;499;15;869;10
8146;499;16;568;7
8147;499;17;457;5
8148;499;18;2621;3
8149;499;19;1961;2
8150;499;20;2252;1
8151;500;1;108;200
8152;500;2;781;150
8153;500;3;1837;125
8154;500;4;806;100
8155;500;5;262;85
8156;500;6;1400;70
8157;500;7;2004;60
8158;500;8;83;50
8159;500;9;519;40
8160;500;10;542;35
8161;500;11;1370;30
8162;500;12;848;25
8163;500;13;1112;20
8164;500;14;127;15
8165;500;15;238;10
8166;500;16;1813;7
8167;500;17;1772;5
8168;500;18;2377;3
8169;500;19;2621;2
8170;500;20;1602;1
8171;501;1;127;200
8172;501;2;75;150
8173;501;3;542;125
8174;501;4;2080;100
8175;501;5;2004;85
8176;501;6;629;70
8177;501;7;299;60
8178;501;8;2621;50
8179;501;9;986;40
8180;501;10;848;35
8181;501;11;1400;30
8182;501;12;2807;25
8183;501;13;2978;20
8184;501;14;1768;15
8185;501;15;2782;10
8186;501;16;3051;7
8187;501;17;1304;5
8188;501;18;1907;3
8189;501;19;713;2
8190;501;20;774;1
8191;502;1;2080;200
8192;502;2;519;150
8193;502;3;848;125
8194;502;4;127;100
8195;502;5;1816;85
8196;502;6;108;70
8197;502;7;986;60
8198;502;8;1602;50
8199;502;9;2597;40
8200;502;10;1370;35
8201;502;11;2004;30
8202;502;12;1837;25
8203;502;13;2978;20
8204;502;14;2707;15
8205;502;15;542;10
8206;502;16;83;7
8207;502;17;1961;5
8208;502;18;1813;3
8209;502;19;75;2
8210;502;20;1907;1
8211;503;1;1807;200
8212;503;2;781;150
8213;503;3;796;125
8214;503;4;821;100
8215;503;5;986;85
8216;503;6;2510;70
8217;503;7;1007;60
8218;503;8;2865;50
8219;503;9;535;40
8220;503;10;2377;35
8221;503;11;91;30
8222;503;12;119;25
8223;503;13;2707;20
8224;503;14;525;15
8225;503;15;2597;10
8226;503;16;2220;7
8227;503;17;320;5
8228;503;18;843;3
8229;503;19;1799;2
8230;503;20;83;1
8231;504;1;1807;200
8232;504;2;805;150
8233;504;3;1816;125
8234;504;4;586;100
8235;504;5;2080;85
8236;504;6;83;70
8237;504;7;535;60
8238;504;8;2377;50
8239;504;9;1370;40
8240;504;10;2707;35
8241;504;11;542;30
8242;504;12;2777;25
8243;504;13;568;20
8244;504;14;2373;15
8245;504;15;2510;10
8246;504;16;91;7
8247;504;17;848;5
8248;504;18;278;3
8249;504;19;1737;2
8250;504;20;2865;1
8251;505;1;1807;200
8252;505;2;2865;150
8253;505;3;1900;125
8254;505;4;805;100
8255;505;5;1961;85
8256;505;6;1813;70
8257;505;7;3106;60
8258;505;8;1503;50
8259;505;9;1713;40
8260;505;10;221;35
8261;505;11;1799;30
8262;505;12;1884;25
8263;505;13;1436;20
8264;505;14;298;15
8265;505;15;568;10
8266;505;16;1184;7
8267;505;17;2085;5
8268;505;18;1712;3
8269;505;19;3051;2
8270;505;20;535;1
8271;506;1;1807;200
8272;506;2;805;150
8273;506;3;2526;125
8274;506;4;1713;100
8275;506;5;3092;85
8276;506;6;3106;70
8277;506;7;562;60
8278;506;8;1961;50
8279;506;9;568;40
8280;506;10;2510;35
8281;506;11;525;30
8282;506;12;2085;25
8283;506;13;1503;20
8284;506;14;82;15
8285;506;15;1191;10
8286;506;16;273;7
8287;506;17;278;5
8288;506;18;1884;3
8289;506;19;1279;2
8290;506;20;2093;1
8291;367;1;57;100
8292;367;2;206;70
8293;367;3;3071;50
8294;367;4;620;40
8295;367;5;161;30
8296;367;6;357;20
8297;367;7;16;15
8298;367;8;1542;10
8299;367;9;385;5
8300;367;10;2742;1
8301;368;1;357;100
8302;368;2;700;70
8303;368;3;954;50
8304;368;4;206;40
8305;368;5;2743;30
8306;368;6;2854;20
8307;368;7;3071;15
8308;368;8;578;10
8309;368;9;2709;5
8310;368;10;524;1
8311;369;1;2420;100
8312;369;2;2923;70
8313;369;3;3035;50
8314;369;4;264;40
8315;369;5;2531;30
8316;369;6;708;20
8317;369;7;116;15
8318;369;8;592;10
8319;369;9;486;5
8320;369;10;1190;1
8321;370;1;2340;100
8322;370;2;1550;70
8323;370;3;2406;50
8324;370;4;1386;40
8325;370;5;385;30
8326;370;6;2095;20
8327;370;7;1726;15
8328;370;8;700;10
8329;370;9;3161;5
8330;370;10;2876;1
8331;371;1;2406;100
8332;371;2;2429;70
8333;371;3;2876;50
8334;371;4;1794;40
8335;371;5;2187;30
8336;371;6;751;20
8337;371;7;3085;15
8338;371;8;3003;10
8339;371;9;2666;5
8340;371;10;2222;1
8341;372;1;1057;100
8342;372;2;2592;70
8343;372;3;2563;50
8344;372;4;2544;40
8345;372;5;728;30
8346;372;6;1602;20
8347;372;7;58;15
8348;372;8;2456;10
8349;372;9;129;5
8350;372;10;2043;1
8351;373;1;2004;100
8352;373;2;1602;70
8353;373;3;1090;50
8354;373;4;1057;40
8355;373;5;2436;30
8356;373;6;2876;20
8357;373;7;728;15
8358;373;8;1874;10
8359;373;9;2776;5
8360;373;10;2413;1
8361;374;1;2698;100
8362;374;2;3003;70
8363;374;3;519;50
8364;374;4;1602;40
8365;374;5;2592;30
8366;374;6;2102;20
8367;374;7;880;15
8368;374;8;3161;10
8369;374;9;2456;5
8370;374;10;2828;1
8371;375;1;1602;100
8372;375;2;1057;70
8373;375;3;2227;50
8374;375;4;880;40
8375;375;5;2102;30
8376;375;6;2252;20
8377;375;7;2592;15
8378;375;8;262;10
8379;375;9;2231;5
8380;375;10;347;1
8381;376;1;880;100
8382;376;2;2227;70
8383;376;3;262;50
8384;376;4;2592;40
8385;376;5;2544;30
8386;376;6;2748;20
8387;376;7;3161;15
8388;376;8;376;10
8389;376;9;568;5
8390;376;10;852;1
8391;377;1;2227;100
8392;377;2;880;70
8393;377;3;2409;50
8394;377;4;568;40
8395;377;5;2544;30
8396;377;6;3041;20
8397;377;7;457;15
8398;377;8;1239;10
8399;377;9;2321;5
8400;377;10;2340;1
8401;378;1;3071;100
8402;378;2;1233;70
8403;378;3;2683;50
8404;378;4;1655;40
8405;378;5;1512;30
8406;378;6;52;20
8407;378;7;2622;15
8408;378;8;918;10
8409;378;9;863;5
8410;378;10;63;1
8411;379;1;1057;100
8412;379;2;2748;70
8413;379;3;1843;50
8414;379;4;781;40
8415;379;5;2621;30
8416;379;6;317;20
8417;379;7;1874;15
8418;379;8;2377;10
8419;379;9;2170;5
8420;379;10;244;1
8421;380;1;2621;100
8422;380;2;542;70
8423;380;3;2456;50
8424;380;4;1813;40
8425;380;5;1816;30
8426;380;6;781;20
8427;380;7;326;15
8428;380;8;822;10
8429;380;9;2782;5
8430;380;10;1571;1
8431;381;1;1057;100
8432;381;2;2080;70
8433;381;3;2621;50
8434;381;4;2750;40
8435;381;5;277;30
8436;381;6;1460;20
8437;381;7;557;15
8438;381;8;1184;10
8439;381;9;2170;5
8440;381;10;1567;1
8441;382;1;1400;100
8442;382;2;542;70
8443;382;3;1326;50
8444;382;4;1184;40
8445;382;5;1567;30
8446;382;6;326;20
8447;382;7;2750;15
8448;382;8;236;10
8449;382;9;597;5
8450;382;10;2181;1
8451;383;1;2080;100
8452;383;2;805;70
8453;383;3;2456;50
8454;383;4;44;40
8455;383;5;1994;30
8456;383;6;2834;20
8457;383;7;379;15
8458;383;8;926;10
8459;383;9;2623;5
8460;383;10;1535;1
8461;507;1;2227;100
8462;507;2;2321;70
8463;507;3;2048;50
8464;507;4;568;40
8465;507;5;2828;30
8466;507;6;262;20
8467;507;7;2043;15
8468;507;8;457;10
8469;507;9;1215;5
8470;507;10;851;1
8471;508;1;2889;150
8472;508;2;1081;115
8473;508;3;1233;95
8474;508;4;2828;75
8475;508;5;2716;65
8476;508;6;1845;55
8477;508;7;1526;47
8478;508;8;1435;40
8479;508;9;2116;33
8480;508;10;1921;28
8481;508;11;1795;23
8482;508;12;2592;18
8483;508;13;2876;14
8484;508;14;863;11
8485;508;15;2043;8
8486;508;16;568;6
8487;508;17;2321;4
8488;508;18;829;3
8489;508;19;961;2
8490;508;20;1131;1
8491;509;1;885;150
8492;509;2;2227;115
8493;509;3;161;95
8494;509;4;880;75
8495;509;5;1845;65
8496;509;6;1081;55
8497;509;7;829;47
8498;509;8;1435;40
8499;509;9;2689;33
8500;509;10;1837;28
8501;509;11;546;23
8502;509;12;568;18
8503;509;13;3003;14
8504;509;14;779;11
8505;509;15;2978;8
8506;509;16;2740;6
8507;509;17;1420;4
8508;509;18;2036;3
8509;509;19;946;2
8510;509;20;2561;1
8511;510;1;2004;150
8512;510;2;1420;115
8513;510;3;880;95
8514;510;4;262;75
8515;510;5;2143;65
8516;510;6;2340;55
8517;510;7;946;47
8518;510;8;2939;40
8519;510;9;1837;33
8520;510;10;2102;28
8521;510;11;1727;23
8522;510;12;2810;18
8523;510;13;2615;14
8524;510;14;305;11
8525;510;15;1081;8
8526;510;16;1221;6
8527;510;17;767;4
8528;510;18;2736;3
8529;510;19;2740;2
8530;510;20;116;1
8531;511;1;1389;100
8532;511;2;1386;70
8533;511;3;2222;50
8534;511;4;95;40
8535;511;5;1239;30
8536;511;6;1680;20
8537;511;7;863;15
8538;511;8;1568;10
8539;511;9;2930;5
8540;511;10;1131;1
8541;512;1;1057;100
8542;512;2;1389;70
8543;512;3;2972;50
8544;512;4;1680;40
8545;512;5;839;30
8546;512;6;3088;20
8547;512;7;458;15
8548;512;8;588;10
8549;512;9;2136;5
8550;512;10;1323;1
8551;513;1;1195;100
8552;513;2;2592;70
8553;513;3;2409;50
8554;513;4;1389;40
8555;513;5;457;30
8556;513;6;1514;20
8557;513;7;2340;15
8558;513;8;588;10
8559;513;9;1314;5
8560;513;10;946;1
8561;514;1;457;100
8562;514;2;1389;70
8563;514;3;519;50
8564;514;4;1298;40
8565;514;5;1671;30
8566;514;6;600;20
8567;514;7;2748;15
8568;514;8;1284;10
8569;514;9;720;5
8570;514;10;1715;1
8571;515;1;720;100
8572;515;2;985;70
8573;515;3;1312;50
8574;515;4;1715;40
8575;515;5;1603;30
8576;515;6;1452;20
8577;515;7;1680;15
8578;515;8;1386;10
8579;515;9;2657;5
8580;515;10;1618;1
8581;516;1;1602;100
8582;516;2;1389;70
8583;516;3;568;50
8584;516;4;2978;40
8585;516;5;869;30
8586;516;6;1680;20
8587;516;7;1576;15
8588;516;8;1702;10
8589;516;9;1128;5
8590;516;10;91;1
8591;517;1;1195;200
8592;517;2;1602;150
8593;517;3;2592;125
8594;517;4;186;100
8595;517;5;2088;85
8596;517;6;848;70
8597;517;7;326;60
8598;517;8;884;50
8599;517;9;2154;40
8600;517;10;1782;35
8601;517;11;58;30
8602;517;12;16;25
8603;517;13;3155;20
8604;517;14;674;15
8605;517;15;3144;10
8606;517;16;1781;7
8607;517;17;3180;5
8608;517;18;2276;3
8609;517;19;458;2
8610;517;20;543;1
8611;518;1;1195;200
8612;518;2;829;150
8613;518;3;521;125
8614;518;4;262;100
8615;518;5;2544;85
8616;518;6;2227;70
8617;518;7;2597;60
8618;518;8;2592;50
8619;518;9;1057;40
8620;518;10;1239;35
8621;518;11;2689;30
8622;518;12;1455;25
8623;518;13;2712;20
8624;518;14;880;15
8625;518;15;58;10
8626;518;16;531;7
8627;518;17;2080;5
8628;518;18;3128;3
8629;518;19;629;2
8630;518;20;2615;1
8631;519;1;2748;200
8632;519;2;2155;150
8633;519;3;2227;125
8634;519;4;542;100
8635;519;5;2592;85
8636;519;6;521;70
8637;519;7;1727;60
8638;519;8;1841;50
8639;519;9;1837;40
8640;519;10;2074;35
8641;519;11;2698;30
8642;519;12;1455;25
8643;519;13;1782;20
8644;519;14;1176;15
8645;519;15;1177;10
8646;519;16;2889;7
8647;519;17;2265;5
8648;519;18;867;3
8649;519;19;1682;2
8650;519;20;2443;1
8651;520;1;2965;200
8652;520;2;1057;150
8653;520;3;127;125
8654;520;4;880;100
8655;520;5;2689;85
8656;520;6;2088;70
8657;520;7;2080;60
8658;520;8;1587;50
8659;520;9;2438;40
8660;520;10;3161;35
8661;520;11;1305;30
8662;520;12;2592;25
8663;520;13;326;20
8664;520;14;2456;15
8665;520;15;542;10
8666;520;16;781;7
8667;520;17;2621;5
8668;520;18;784;3
8669;520;19;308;2
8670;520;20;806;1
8671;521;1;1602;200
8672;521;2;781;150
8673;521;3;1057;125
8674;521;4;867;100
8675;521;5;2155;85
8676;521;6;2748;70
8677;521;7;521;60
8678;521;8;236;50
8679;521;9;244;40
8680;521;10;499;35
8681;521;11;2621;30
8682;521;12;1441;25
8683;521;13;2438;20
8684;521;14;961;15
8685;521;15;1587;10
8686;521;16;2689;7
8687;521;17;2377;5
8688;521;18;2424;3
8689;521;19;1961;2
8690;521;20;326;1
8691;522;1;1057;200
8692;522;2;1602;150
8693;522;3;961;125
8694;522;4;2748;100
8695;522;5;1813;85
8696;522;6;1587;70
8697;522;7;2456;60
8698;522;8;244;50
8699;522;9;2621;40
8700;522;10;1455;35
8701;522;11;1643;30
8702;522;12;298;25
8703;522;13;335;20
8704;522;14;317;15
8705;522;15;1588;10
8706;522;16;2181;7
8707;522;17;1464;5
8708;522;18;266;3
8709;522;19;1232;2
8710;522;20;982;1
8711;536;1;2004;100
8712;536;2;2026;70
8713;536;3;127;50
8714;536;4;1602;40
8715;536;5;1727;30
8716;536;6;2102;20
8717;536;7;568;15
8718;536;8;2101;10
8719;536;9;880;5
8720;536;10;1459;1
8721;537;1;1727;100
8722;537;2;2740;70
8723;537;3;806;50
8724;537;4;829;40
8725;537;5;880;30
8726;537;6;1082;20
8727;537;7;2036;15
8728;537;8;2978;10
8729;537;9;885;5
8730;537;10;2500;1
8731;538;1;880;100
8732;538;2;1874;70
8733;538;3;1233;50
8734;538;4;2978;40
8735;538;5;2004;30
8736;538;6;1361;20
8737;538;7;1512;15
8738;538;8;2617;10
8739;538;9;568;5
8740;538;10;16;1
8741;539;1;2004;100
8742;539;2;880;70
8743;539;3;806;50
8744;539;4;1793;40
8745;539;5;305;30
8746;539;6;542;20
8747;539;7;1567;15
8748;539;8;1727;10
8749;539;9;568;5
8750;539;10;127;1
8751;540;1;1082;100
8752;540;2;848;70
8753;540;3;2130;50
8754;540;4;127;40
8755;540;5;519;30
8756;540;6;278;20
8757;540;7;880;15
8758;540;8;713;10
8759;540;9;2810;5
8760;540;10;683;1
8761;541;1;1082;100
8762;541;2;1816;70
8763;541;3;822;50
8764;541;4;2707;40
8765;541;5;519;30
8766;541;6;2544;20
8767;541;7;127;15
8768;541;8;986;10
8769;541;9;500;5
8770;541;10;652;1
8771;542;1;2004;100
8772;542;2;848;70
8773;542;3;1961;50
8774;542;4;806;40
8775;542;5;1400;30
8776;542;6;1837;20
8777;542;7;2252;15
8778;542;8;822;10
8779;542;9;1082;5
8780;542;10;713;1
8781;543;1;2707;100
8782;543;2;1082;70
8783;543;3;805;50
8784;543;4;2810;40
8785;543;5;713;30
8786;543;6;1038;20
8787;543;7;1961;15
8788;543;8;1807;10
8789;543;9;1363;5
8790;543;10;3051;1
8791;544;1;944;100
8792;544;2;299;70
8793;544;3;52;50
8794;544;4;2939;40
8795;544;5;979;30
8796;544;6;2516;20
8797;544;7;2413;15
8798;544;8;2617;10
8799;544;9;2389;5
8800;544;10;724;1
8801;545;1;606;100
8802;545;2;52;70
8803;545;3;2389;50
8804;545;4;1203;40
8805;545;5;134;30
8806;545;6;1805;20
8807;545;7;944;15
8808;545;8;2628;10
8809;545;9;142;5
8810;545;10;2724;1
8811;546;1;52;100
8812;546;2;1921;70
8813;546;3;2740;50
8814;546;4;784;40
8815;546;5;2965;30
8816;546;6;985;20
8817;546;7;63;15
8818;546;8;746;10
8819;546;9;724;5
8820;546;10;231;1
8821;547;1;2389;100
8822;547;2;2939;70
8823;547;3;116;50
8824;547;4;606;40
8825;547;5;944;30
8826;547;6;2617;20
8827;547;7;299;15
8828;547;8;2413;10
8829;547;9;52;5
8830;547;10;3078;1
8831;548;1;2778;100
8832;548;2;1930;70
8833;548;3;2098;50
8834;548;4;606;40
8835;548;5;2389;30
8836;548;6;1805;20
8837;548;7;1735;15
8838;548;8;52;10
8839;548;9;2628;5
8840;548;10;1203;1
8841;549;1;52;100
8842;549;2;1921;70
8843;549;3;2740;50
8844;549;4;746;40
8845;549;5;1527;30
8846;549;6;2965;20
8847;549;7;1652;15
8848;549;8;2714;10
8849;549;9;784;5
8850;549;10;724;1
8851;550;1;829;100
8852;550;2;1233;70
8853;550;3;1361;50
8854;550;4;1777;40
8855;550;5;1602;30
8856;550;6;127;20
8857;550;7;2698;15
8858;550;8;278;10
8859;550;9;1304;5
8860;550;10;1841;1
8861;551;1;1602;100
8862;551;2;2683;70
8863;551;3;1567;50
8864;551;4;1400;40
8865;551;5;2100;30
8866;551;6;256;20
8867;551;7;1648;15
8868;551;8;1396;10
8869;551;9;1239;5
8870;551;10;1233;1
8871;552;1;1671;100
8872;552;2;1304;70
8873;552;3;3071;50
8874;552;4;2810;40
8875;552;5;2622;30
8876;552;6;278;20
8877;552;7;1727;15
8878;552;8;585;10
8879;552;9;1602;5
8880;552;10;2377;1
8881;553;1;986;100
8882;553;2;1304;70
8883;553;3;542;50
8884;553;4;1400;40
8885;553;5;127;30
8886;553;6;2622;20
8887;553;7;2296;15
8888;553;8;1233;10
8889;553;9;2863;5
8890;553;10;2237;1
8891;554;1;519;200
8892;554;2;1768;150
8893;554;3;1837;125
8894;554;4;127;100
8895;554;5;457;85
8896;554;6;262;70
8897;554;7;1680;60
8898;554;8;848;50
8899;554;9;880;40
8900;554;10;2597;35
8901;554;11;2136;30
8902;554;12;781;25
8903;554;13;1396;20
8904;554;14;2707;15
8905;554;15;806;10
8906;554;16;2424;7
8907;554;17;829;5
8908;554;18;1400;3
8909;554;19;1082;2
8910;554;20;1813;1
8911;555;1;1813;200
8912;555;2;1400;150
8913;555;3;629;125
8914;555;4;2080;100
8915;555;5;1768;85
8916;555;6;1961;70
8917;555;7;83;60
8918;555;8;519;50
8919;555;9;781;40
8920;555;10;2750;35
8921;555;11;1082;30
8922;555;12;2939;25
8923;555;13;2424;20
8924;555;14;262;15
8925;555;15;1112;10
8926;555;16;1816;7
8927;555;17;278;5
8928;555;18;299;3
8929;555;19;1511;2
8930;555;20;1304;1
8931;556;1;2080;200
8932;556;2;1400;150
8933;556;3;1772;125
8934;556;4;299;100
8935;556;5;127;85
8936;556;6;1112;70
8937;556;7;305;60
8938;556;8;986;50
8939;556;9;347;40
8940;556;10;1713;35
8941;556;11;317;30
8942;556;12;2004;25
8943;556;13;256;20
8944;556;14;2807;15
8945;556;15;867;10
8946;556;16;3051;7
8947;556;17;91;5
8948;556;18;2623;3
8949;556;19;1512;2
8950;556;20;278;1
8951;557;1;1602;200
8952;557;2;1807;150
8953;557;3;1713;125
8954;557;4;2080;100
8955;557;5;127;85
8956;557;6;1816;70
8957;557;7;2178;60
8958;557;8;781;50
8959;557;9;805;40
8960;557;10;2082;35
8961;557;11;1349;30
8962;557;12;2689;25
8963;557;13;2004;20
8964;557;14;299;15
8965;557;15;1813;10
8966;557;16;2377;7
8967;557;17;1164;5
8968;557;18;863;3
8969;557;19;2621;2
8970;557;20;1441;1
8971;558;1;1400;200
8972;558;2;1816;150
8973;558;3;1768;125
8974;558;4;2707;100
8975;558;5;2082;85
8976;558;6;1669;70
8977;558;7;714;60
8978;558;8;829;50
8979;558;9;127;40
8980;558;10;806;35
8981;558;11;1807;30
8982;558;12;568;25
8983;558;13;3106;20
8984;558;14;875;15
8985;558;15;1184;10
8986;558;16;1112;7
8987;558;17;1503;5
8988;558;18;1961;3
8989;558;19;1326;2
8990;558;20;1321;1
8991;559;1;2004;200
8992;559;2;1816;150
8993;559;3;1768;125
8994;559;4;805;100
8995;559;5;2080;85
8996;559;6;863;70
8997;559;7;1615;60
8998;559;8;2707;50
8999;559;9;875;40
9000;559;10;1669;35
9001;559;11;127;30
9002;559;12;1720;25
9003;559;13;2075;20
9004;559;14;1548;15
9005;559;15;299;10
9006;559;16;1987;7
9007;559;17;829;5
9008;559;18;1112;3
9009;559;19;986;2
9010;559;20;848;1
9011;560;1;805;200
9012;560;2;2004;150
9013;560;3;1961;125
9014;560;4;1816;100
9015;560;5;875;85
9016;560;6;2080;70
9017;560;7;2865;60
9018;560;8;2908;50
9019;560;9;2777;40
9020;560;10;586;35
9021;560;11;2681;30
9022;560;12;298;25
9023;560;13;3051;20
9024;560;14;1873;15
9025;560;15;2510;10
9026;560;16;299;7
9027;560;17;1427;5
9028;560;18;986;3
9029;560;19;976;2
9030;560;20;926;1
9031;561;1;2075;200
9032;561;2;2137;150
9033;561;3;1900;125
9034;561;4;1503;100
9035;561;5;562;85
9036;561;6;2080;70
9037;561;7;804;60
9038;561;8;586;50
9039;561;9;221;40
9040;561;10;2737;35
9041;561;11;2510;30
9042;561;12;568;25
9043;561;13;1897;20
9044;561;14;3044;15
9045;561;15;2625;10
9046;561;16;1712;7
9047;561;17;317;5
9048;561;18;2681;3
9049;561;19;1677;2
9050;561;20;1961;1
9051;562;1;1807;200
9052;562;2;805;150
9053;562;3;535;125
9054;562;4;525;100
9055;562;5;1961;85
9056;562;6;299;70
9057;562;7;2526;60
9058;562;8;2967;50
9059;562;9;562;40
9060;562;10;1897;35
9061;562;11;1946;30
9062;562;12;1753;25
9063;562;13;1596;20
9064;562;14;3092;15
9065;562;15;2371;10
9066;562;16;2787;7
9067;562;17;2908;5
9068;562;18;986;3
9069;562;19;1816;2
9070;562;20;925;1
9071;563;1;1807;200
9072;563;2;805;150
9073;563;3;525;125
9074;563;4;2071;100
9075;563;5;535;85
9076;563;6;1639;70
9077;563;7;1737;60
9078;563;8;103;50
9079;563;9;1070;40
9080;563;10;1461;35
9081;563;11;3044;30
9082;563;12;2261;25
9083;563;13;1713;20
9084;563;14;1799;15
9085;563;15;986;10
9086;563;16;3199;7
9087;563;17;2528;5
9088;563;18;2096;3
9089;563;19;562;2
9090;563;20;3205;1
9091;564;1;2252;100
9092;564;2;1053;70
9093;564;3;2500;50
9094;564;4;16;40
9095;564;5;376;30
9096;564;6;982;20
9097;564;7;1587;15
9098;564;8;1661;10
9099;564;9;2592;5
9100;564;10;1305;1
9101;565;1;1602;100
9102;565;2;1400;70
9103;565;3;2252;50
9104;565;4;1843;40
9105;565;5;1571;30
9106;565;6;1567;20
9107;565;7;1703;15
9108;565;8;256;10
9109;565;9;1239;5
9110;565;10;2327;1
9111;566;1;127;100
9112;566;2;1587;70
9113;566;3;123;50
9114;566;4;2970;40
9115;566;5;1432;30
9116;566;6;1602;20
9117;566;7;1400;15
9118;566;8;1571;10
9119;566;9;557;5
9120;566;10;982;1
9121;567;1;127;100
9122;567;2;986;70
9123;567;3;557;50
9124;567;4;2840;40
9125;567;5;2327;30
9126;567;6;1816;20
9127;567;7;2225;15
9128;567;8;953;10
9129;567;9;982;5
9130;567;10;2810;1
9131;568;1;127;100
9132;568;2;1400;70
9133;568;3;774;50
9134;568;4;986;40
9135;568;5;277;30
9136;568;6;256;20
9137;568;7;1597;15
9138;568;8;1816;10
9139;568;9;1567;5
9140;568;10;436;1
9141;569;1;1813;100
9142;569;2;1082;70
9143;569;3;1768;50
9144;569;4;1837;40
9145;569;5;2967;30
9146;569;6;1816;20
9147;569;7;2597;15
9148;569;8;1304;10
9149;569;9;1511;5
9150;569;10;275;1
9151;570;1;848;100
9152;570;2;127;70
9153;570;3;986;50
9154;570;4;925;40
9155;570;5;262;30
9156;570;6;305;20
9157;570;7;1907;15
9158;570;8;1511;10
9159;570;9;2865;5
9160;570;10;108;1
9161;571;1;848;100
9162;571;2;2080;70
9163;571;3;1837;50
9164;571;4;781;40
9165;571;5;2750;30
9166;571;6;2810;20
9167;571;7;262;15
9168;571;8;806;10
9169;571;9;1720;5
9170;571;10;1511;1
9171;572;1;262;100
9172;572;2;1511;70
9173;572;3;75;50
9174;572;4;3106;40
9175;572;5;91;30
9176;572;6;1078;20
9177;572;7;986;15
9178;572;8;925;10
9179;572;9;848;5
9180;572;10;2846;1
9181;573;1;535;100
9182;573;2;1436;75
9183;573;3;821;60
9184;573;4;2510;50
9185;573;5;2080;45
9186;573;6;2535;40
9187;573;7;2012;35
9188;573;8;2737;30
9189;573;9;299;25
9190;573;10;1503;20
9191;573;11;1837;15
9192;573;12;1712;10
9193;573;13;2865;8
9194;573;14;2908;7
9195;573;15;1873;6
9196;573;16;278;5
9197;573;17;2625;4
9198;573;18;986;3
9199;573;19;2084;2
9200;573;20;848;1
9201;574;1;714;100
9202;574;2;535;75
9203;574;3;2004;60
9204;574;4;3106;50
9205;574;5;2625;45
9206;574;6;986;40
9207;574;7;2075;35
9208;574;8;1720;30
9209;574;9;2752;25
9210;574;10;305;20
9211;574;11;806;15
9212;574;12;2220;10
9213;574;13;3186;8
9214;574;14;3092;7
9215;574;15;2084;6
9216;574;16;1944;5
9217;574;17;1447;4
9218;574;18;796;3
9219;574;19;938;2
9220;574;20;1676;1
9221;575;1;2004;100
9222;575;2;2752;75
9223;575;3;1713;60
9224;575;4;1816;50
9225;575;5;2526;45
9226;575;6;806;40
9227;575;7;535;35
9228;575;8;299;30
9229;575;9;1837;25
9230;575;10;1436;20
9231;575;11;3092;15
9232;575;12;2967;10
9233;575;13;1503;8
9234;575;14;996;7
9235;575;15;2084;6
9236;575;16;1792;5
9237;575;17;2093;4
9238;575;18;2091;3
9239;575;19;2220;2
9240;575;20;3206;1
9241;576;1;806;100
9242;576;2;1816;75
9243;576;3;805;60
9244;576;4;2526;50
9245;576;5;2220;45
9246;576;6;1720;40
9247;576;7;3106;35
9248;576;8;1961;30
9249;576;9;821;25
9250;576;10;2091;20
9251;576;11;3207;15
9252;576;12;3206;10
9253;576;13;1511;8
9254;576;14;115;7
9255;576;15;938;6
9256;576;16;1815;5
9257;576;17;2075;4
9258;576;18;562;3
9259;576;19;848;2
9260;576;20;3186;1
9261;577;1;2389;100
9262;577;2;1805;70
9263;577;3;606;50
9264;577;4;944;40
9265;577;5;2724;30
9266;577;6;116;20
9267;577;7;3;15
9268;577;8;1203;10
9269;577;9;52;5
9270;577;10;134;1
9271;578;1;1921;100
9272;578;2;985;70
9273;578;3;2740;50
9274;578;4;746;40
9275;578;5;52;30
9276;578;6;784;20
9277;578;7;2045;15
9278;578;8;2207;10
9279;578;9;2965;5
9280;578;10;1527;1
9281;523;1;1727;100
9282;523;2;2500;70
9283;523;3;2876;50
9284;523;4;1794;40
9285;523;5;880;30
9286;523;6;2689;20
9287;523;7;1081;15
9288;523;8;1400;10
9289;523;9;2252;5
9290;523;10;2321;1
9291;524;1;1081;100
9292;524;2;1304;70
9293;524;3;2102;50
9294;524;4;1727;40
9295;524;5;2321;30
9296;524;6;2810;20
9297;524;7;568;15
9298;524;8;2500;10
9299;524;9;2036;5
9300;524;10;878;1
9301;525;1;1587;100
9302;525;2;1661;70
9303;525;3;2101;50
9304;525;4;1567;40
9305;525;5;943;30
9306;525;6;1703;20
9307;525;7;2102;15
9308;525;8;2212;10
9309;525;9;503;5
9310;525;10;2765;1
9311;526;1;1400;100
9312;526;2;2102;70
9313;526;3;2487;50
9314;526;4;1198;40
9315;526;5;1512;30
9316;526;6;1843;20
9317;526;7;546;15
9318;526;8;784;10
9319;526;9;266;5
9320;526;10;1800;1
9321;527;1;238;100
9322;527;2;1400;70
9323;527;3;1843;50
9324;527;4;2967;40
9325;527;5;2487;30
9326;527;6;2155;20
9327;527;7;48;15
9328;527;8;1961;10
9329;527;9;880;5
9330;527;10;841;1
9331;528;1;822;100
9332;528;2;1400;70
9333;528;3;2978;50
9334;528;4;1602;40
9335;528;5;781;30
9336;528;6;1961;20
9337;528;7;2748;15
9338;528;8;568;10
9339;528;9;1843;5
9340;528;10;880;1
9341;529;1;568;100
9342;529;2;781;70
9343;529;3;880;50
9344;529;4;1556;40
9345;529;5;238;30
9346;529;6;713;20
9347;529;7;2967;15
9348;529;8;75;10
9349;529;9;2004;5
9350;529;10;1961;1
9351;530;1;3041;100
9352;530;2;2296;70
9353;530;3;1961;50
9354;530;4;3051;40
9355;530;5;1816;30
9356;530;6;2252;20
9357;530;7;1400;15
9358;530;8;2071;10
9359;530;9;1321;5
9360;530;10;805;1
9361;531;1;2976;100
9362;531;2;1807;70
9363;531;3;805;50
9364;531;4;1961;40
9365;531;5;2689;30
9366;531;6;1360;20
9367;531;7;1816;15
9368;531;8;2707;10
9369;531;9;24;5
9370;531;10;713;1
9371;532;1;805;100
9372;532;2;1807;70
9373;532;3;1816;50
9374;532;4;266;40
9375;532;5;1799;30
9376;532;6;326;20
9377;532;7;1459;15
9378;532;8;1604;10
9379;532;9;668;5
9380;532;10;478;1
9381;533;1;1807;100
9382;533;2;1400;70
9383;533;3;347;50
9384;533;4;298;40
9385;533;5;1370;30
9386;533;6;127;20
9387;533;7;805;15
9388;533;8;1832;10
9389;533;9;3051;5
9390;533;10;2597;1
9391;534;1;535;100
9392;534;2;2812;70
9393;534;3;1020;50
9394;534;4;2353;40
9395;534;5;1409;30
9396;534;6;562;20
9397;534;7;686;15
9398;534;8;2093;10
9399;534;9;2871;5
9400;534;10;2681;1
9401;535;1;2510;100
9402;535;2;1676;70
9403;535;3;525;50
9404;535;4;1535;40
9405;535;5;91;30
9406;535;6;1436;20
9407;535;7;953;15
9408;535;8;974;10
9409;535;9;1712;5
9410;535;10;912;1
9411;579;1;1768;100
9412;579;2;1602;70
9413;579;3;2377;50
9414;579;4;822;40
9415;579;5;2296;30
9416;579;6;262;20
9417;579;7;519;15
9418;579;8;1233;10
9419;579;9;2597;5
9420;579;10;458;1
9421;580;1;1667;100
9422;580;2;2296;70
9423;580;3;278;50
9424;580;4;848;40
9425;580;5;2252;30
9426;580;6;2622;20
9427;580;7;1602;15
9428;580;8;223;10
9429;580;9;519;5
9430;580;10;1189;1
9431;177;1;3041;100
9432;177;2;1057;70
9433;177;3;2617;50
9434;177;4;925;40
9435;177;5;2863;30
9436;177;6;2936;20
9437;177;7;2644;15
9438;177;8;1556;10
9439;177;9;959;5
9440;177;10;449;1
9441;178;1;111;100
9442;178;2;226;70
9443;178;3;1642;50
9444;178;4;1556;40
9445;178;5;1790;30
9446;178;6;2724;20
9447;178;7;536;15
9448;178;8;231;10
9449;178;9;933;5
9450;178;10;1283;1
9451;179;1;2368;100
9452;179;2;1110;70
9453;179;3;2794;50
9454;179;4;1612;40
9455;179;5;2834;30
9456;179;6;79;20
9457;179;7;2244;15
9458;179;8;2434;10
9459;179;9;2482;5
9460;179;10;2939;1
9461;581;1;2004;150
9462;581;2;1602;115
9463;581;3;1680;95
9464;581;4;1768;75
9465;581;5;2748;65
9466;581;6;629;55
9467;581;7;1400;47
9468;581;8;880;40
9469;581;9;2782;33
9470;581;10;2621;28
9471;581;11;1057;23
9472;581;12;1790;18
9473;581;13;982;14
9474;581;14;781;11
9475;581;15;317;8
9476;581;16;568;6
9477;581;17;2438;4
9478;581;18;262;3
9479;581;19;848;2
9480;581;20;542;1
9481;582;1;238;150
9482;582;2;1400;115
9483;582;3;127;95
9484;582;4;829;75
9485;582;5;1813;65
9486;582;6;1768;55
9487;582;7;880;47
9488;582;8;1837;40
9489;582;9;1602;33
9490;582;10;568;28
9491;582;11;2621;23
9492;582;12;2689;18
9493;582;13;542;14
9494;582;14;1389;11
9495;582;15;457;8
9496;582;16;2456;6
9497;582;17;2978;4
9498;582;18;266;3
9499;582;19;1057;2
9500;582;20;2170;1
9501;583;1;542;200
9502;583;2;1813;150
9503;583;3;2004;125
9504;583;4;1389;100
9505;583;5;2621;85
9506;583;6;2456;70
9507;583;7;2978;60
9508;583;8;1386;50
9509;583;9;1816;40
9510;583;10;1961;35
9511;583;11;2424;30
9512;583;12;1680;25
9513;583;13;724;20
9514;583;14;2170;15
9515;583;15;2707;10
9516;583;16;298;7
9517;583;17;867;5
9518;583;18;2296;3
9519;583;19;2080;2
9520;583;20;1573;1
9521;584;1;262;200
9522;584;2;829;150
9523;584;3;806;125
9524;584;4;2136;100
9525;584;5;2736;85
9526;584;6;111;70
9527;584;7;1669;60
9528;584;8;134;50
9529;584;9;1511;40
9530;584;10;1110;35
9531;584;11;894;30
9532;584;12;305;25
9533;584;13;1304;20
9534;584;14;2644;15
9535;584;15;1680;10
9536;584;16;2487;7
9537;584;17;500;5
9538;584;18;3021;3
9539;584;19;458;2
9540;584;20;2617;1
9541;585;1;262;200
9542;585;2;238;150
9543;585;3;305;125
9544;585;4;500;100
9545;585;5;2136;85
9546;585;6;1511;70
9547;585;7;1527;60
9548;585;8;111;50
9549;585;9;182;40
9550;585;10;897;35
9551;585;11;1837;30
9552;585;12;2368;25
9553;585;13;1943;20
9554;585;14;423;15
9555;585;15;767;10
9556;585;16;2482;7
9557;585;17;2954;5
9558;585;18;3021;3
9559;585;19;2434;2
9560;585;20;1680;1
9561;586;1;2004;200
9562;586;2;1680;150
9563;586;3;500;125
9564;586;4;1837;100
9565;586;5;305;85
9566;586;6;806;70
9567;586;7;262;60
9568;586;8;2834;50
9569;586;9;182;40
9570;586;10;238;35
9571;586;11;714;30
9572;586;12;986;25
9573;586;13;1511;20
9574;586;14;2534;15
9575;586;15;2810;10
9576;586;16;925;7
9577;586;17;1304;5
9578;586;18;2474;3
9579;586;19;1527;2
9580;586;20;3021;1
9581;587;1;829;200
9582;587;2;2004;150
9583;587;3;714;125
9584;587;4;1511;100
9585;587;5;262;85
9586;587;6;806;70
9587;587;7;863;60
9588;587;8;805;50
9589;587;9;2834;40
9590;587;10;1720;35
9591;587;11;1816;30
9592;587;12;2194;25
9593;587;13;925;20
9594;587;14;1548;15
9595;587;15;1112;10
9596;587;16;317;7
9597;587;17;2482;5
9598;587;18;1669;3
9599;587;19;1110;2
9600;587;20;182;1
9601;588;1;714;200
9602;588;2;500;150
9603;588;3;2004;125
9604;588;4;238;100
9605;588;5;1078;85
9606;588;6;1511;70
9607;588;7;2834;60
9608;588;8;1720;50
9609;588;9;829;40
9610;588;10;2807;35
9611;588;11;1681;30
9612;588;12;629;25
9613;588;13;2082;20
9614;588;14;2335;15
9615;588;15;2194;10
9616;588;16;2939;7
9617;588;17;221;5
9618;588;18;1447;3
9619;588;19;2482;2
9620;588;20;111;1
9621;589;1;2617;100
9622;589;2;767;70
9623;589;3;1057;50
9624;589;4;654;40
9625;589;5;2835;30
9626;589;6;52;20
9627;589;7;3021;15
9628;589;8;2411;10
9629;589;9;2724;5
9630;589;10;1513;1
9631;590;1;806;100
9632;590;2;305;70
9633;590;3;116;50
9634;590;4;1396;40
9635;590;5;1907;30
9636;590;6;2965;20
9637;590;7;767;15
9638;590;8;232;10
9639;590;9;3148;5
9640;590;10;3041;1
9641;591;1;806;100
9642;591;2;305;70
9643;591;3;52;50
9644;591;4;2544;40
9645;591;5;238;30
9646;591;6;1556;20
9647;591;7;767;15
9648;591;8;1511;10
9649;591;9;568;5
9650;591;10;2939;1
9651;592;1;2939;100
9652;592;2;2544;70
9653;592;3;2617;50
9654;592;4;2521;40
9655;592;5;3021;30
9656;592;6;1110;20
9657;592;7;1612;15
9658;592;8;2807;10
9659;592;9;2750;5
9660;592;10;897;1
9661;593;1;2544;100
9662;593;2;299;70
9663;593;3;500;50
9664;593;4;2939;40
9665;593;5;182;30
9666;593;6;1110;20
9667;593;7;3021;15
9668;593;8;3148;10
9669;593;9;2521;5
9670;593;10;2807;1
9671;594;1;714;100
9672;594;2;806;70
9673;594;3;2368;50
9674;594;4;2544;40
9675;594;5;1720;30
9676;594;6;2834;20
9677;594;7;925;15
9678;594;8;3148;10
9679;594;9;771;5
9680;594;10;52;1
9681;595;1;500;100
9682;595;2;2544;75
9683;595;3;2482;60
9684;595;4;3021;50
9685;595;5;2644;45
9686;595;6;2834;40
9687;595;7;2939;35
9688;595;8;952;30
9689;595;9;705;25
9690;595;10;2534;20
9691;595;11;2835;15
9692;595;12;1511;10
9693;595;13;897;8
9694;595;14;2779;7
9695;595;15;805;6
9696;595;16;714;5
9697;595;17;782;4
9698;595;18;1548;3
9699;595;19;1712;2
9700;595;20;2846;1
9701;596;1;1943;100
9702;596;2;299;75
9703;596;3;2534;60
9704;596;4;2544;50
9705;596;5;2779;45
9706;596;6;1712;40
9707;596;7;1087;35
9708;596;8;354;30
9709;596;9;1548;25
9710;596;10;2772;20
9711;596;11;2373;15
9712;596;12;796;10
9713;596;13;2065;8
9714;596;14;2272;7
9715;596;15;705;6
9716;596;16;999;5
9717;596;17;969;4
9718;596;18;2119;3
9719;596;19;370;2
9720;596;20;2778;1
9721;597;1;806;100
9722;597;2;3077;75
9723;597;3;2807;60
9724;597;4;299;50
9725;597;5;3139;45
9726;597;6;2082;40
9727;597;7;111;35
9728;597;8;2544;30
9729;597;9;952;25
9730;597;10;614;20
9731;597;11;3021;15
9732;597;12;3022;10
9733;597;13;1070;8
9734;597;14;1021;7
9735;597;15;1681;6
9736;597;16;1712;5
9737;597;17;2908;4
9738;597;18;2846;3
9739;597;19;2832;2
9740;597;20;2527;1
9741;598;1;500;100
9742;598;2;2082;75
9743;598;3;1447;60
9744;598;4;1021;50
9745;598;5;182;45
9746;598;6;1720;40
9747;598;7;2807;35
9748;598;8;952;30
9749;598;9;897;25
9750;598;10;3022;20
9751;598;11;2777;15
9752;598;12;562;10
9753;598;13;589;8
9754;598;14;1649;7
9755;598;15;1792;6
9756;598;16;996;5
9757;598;17;2361;4
9758;598;18;370;3
9759;598;19;1212;2
9760;598;20;912;1
9761;599;1;806;100
9762;599;2;952;75
9763;599;3;1447;60
9764;599;4;3022;50
9765;599;5;1932;45
9766;599;6;2361;40
9767;599;7;3197;35
9768;599;8;1561;30
9769;599;9;1885;25
9770;599;10;501;20
9771;599;11;500;15
9772;599;12;423;10
9773;599;13;897;8
9774;599;14;1943;7
9775;599;15;1212;6
9776;599;16;1792;5
9777;599;17;3208;4
9778;599;18;2186;3
9779;599;19;796;2
9780;599;20;1021;1
9781;600;1;1596;100
9782;600;2;2335;75
9783;600;3;3139;60
9784;600;4;3209;50
9785;600;5;1503;45
9786;600;6;1792;40
9787;600;7;3195;35
9788;600;8;1561;30
9789;600;9;2368;25
9790;600;10;305;20
9791;600;11;1087;15
9792;600;12;2333;10
9793;600;13;423;8
9794;600;14;2766;7
9795;600;15;1932;6
9796;600;16;52;5
9797;600;17;111;4
9798;600;18;844;3
9799;600;19;3210;2
9800;600;20;3211;1
9801;601;1;2748;150
9802;601;2;1057;115
9803;601;3;1602;95
9804;601;4;2621;75
9805;601;5;1843;65
9806;601;6;925;55
9807;601;7;781;47
9808;601;8;1567;40
9809;601;9;298;33
9810;601;10;2750;28
9811;601;11;326;23
9812;601;12;1667;18
9813;601;13;2689;14
9814;601;14;1702;11
9815;601;15;2727;8
9816;601;16;661;6
9817;601;17;149;4
9818;601;18;2521;3
9819;601;19;1350;2
9820;601;20;3021;1
9821;602;1;1400;200
9822;602;2;542;150
9823;602;3;2080;125
9824;602;4;519;100
9825;602;5;1961;85
9826;602;6;457;70
9827;602;7;2252;60
9828;602;8;925;50
9829;602;9;2621;40
9830;602;10;867;35
9831;602;11;1680;30
9832;602;12;2750;25
9833;602;13;1184;20
9834;602;14;1351;15
9835;602;15;2170;10
9836;602;16;2939;7
9837;602;17;3051;5
9838;602;18;568;3
9839;602;19;108;2
9840;602;20;127;1
9841;603;1;1400;200
9842;603;2;629;150
9843;603;3;2621;125
9844;603;4;925;100
9845;603;5;2750;85
9846;603;6;1057;70
9847;603;7;542;60
9848;603;8;2865;50
9849;603;9;1680;40
9850;603;10;44;35
9851;603;11;1816;30
9852;603;12;774;25
9853;603;13;2702;20
9854;603;14;85;15
9855;603;15;2170;10
9856;603;16;926;7
9857;603;17;713;5
9858;603;18;2521;3
9859;603;19;2554;2
9860;603;20;1548;1
9861;604;1;347;100
9862;604;2;2748;70
9863;604;3;244;50
9864;604;4;266;40
9865;604;5;1057;30
9866;604;6;1549;20
9867;604;7;880;15
9868;604;8;1655;10
9869;604;9;774;5
9870;604;10;760;1
9871;605;1;1602;200
9872;605;2;2377;150
9873;605;3;1680;125
9874;605;4;1837;100
9875;605;5;1961;85
9876;605;6;1389;70
9877;605;7;278;60
9878;605;8;457;50
9879;605;9;1112;40
9880;605;10;83;35
9881;605;11;542;30
9882;605;12;2080;25
9883;605;13;2456;20
9884;605;14;1370;15
9885;605;15;2621;10
9886;605;16;1184;7
9887;605;17;2707;5
9888;605;18;317;3
9889;605;19;1321;2
9890;605;20;2170;1
9891;606;1;629;200
9892;606;2;1813;150
9893;606;3;1768;125
9894;606;4;2004;100
9895;606;5;1602;85
9896;606;6;1400;70
9897;606;7;108;60
9898;606;8;2621;50
9899;606;9;347;40
9900;606;10;1057;35
9901;606;11;542;30
9902;606;12;1082;25
9903;606;13;2170;20
9904;606;14;1680;15
9905;606;15;557;10
9906;606;16;2707;7
9907;606;17;1112;5
9908;606;18;1321;3
9909;606;19;848;2
9910;606;20;568;1
9911;607;1;1602;200
9912;607;2;2004;150
9913;607;3;805;125
9914;607;4;542;100
9915;607;5;1813;85
9916;607;6;629;70
9917;607;7;1400;60
9918;607;8;1057;50
9919;607;9;83;40
9920;607;10;108;35
9921;607;11;1961;30
9922;607;12;278;25
9923;607;13;888;20
9924;607;14;2707;15
9925;607;15;1680;10
9926;607;16;347;7
9927;607;17;1837;5
9928;607;18;557;3
9929;607;19;926;2
9930;607;20;2088;1
9931;608;1;1807;200
9932;608;2;805;150
9933;608;3;629;125
9934;608;4;1816;100
9935;608;5;1713;85
9936;608;6;2004;70
9937;608;7;568;60
9938;608;8;2088;50
9939;608;9;1961;40
9940;608;10;926;35
9941;608;11;929;30
9942;608;12;2080;25
9943;608;13;976;20
9944;608;14;1799;15
9945;608;15;1843;10
9946;608;16;2597;7
9947;608;17;586;5
9948;608;18;2978;3
9949;608;19;91;2
9950;608;20;1370;1
9951;609;1;2136;150
9952;609;2;829;115
9953;609;3;806;95
9954;609;4;305;75
9955;609;5;238;65
9956;609;6;1511;55
9957;609;7;52;47
9958;609;8;1027;40
9959;609;9;262;33
9960;609;10;781;28
9961;609;11;568;23
9962;609;12;880;18
9963;609;13;2617;14
9964;609;14;320;11
9965;609;15;2748;8
9966;609;16;449;6
9967;609;17;2736;4
9968;609;18;1837;3
9969;609;19;1800;2
9970;609;20;2597;1
9971;610;1;829;200
9972;610;2;1511;150
9973;610;3;880;125
9974;610;4;806;100
9975;610;5;238;85
9976;610;6;2136;70
9977;610;7;262;60
9978;610;8;600;50
9979;610;9;1667;40
9980;610;10;1680;35
9981;610;11;2487;30
9982;610;12;1396;25
9983;610;13;1907;20
9984;610;14;683;15
9985;610;15;2736;10
9986;610;16;111;7
9987;610;17;2748;5
9988;610;18;568;3
9989;610;19;2622;2
9990;610;20;2978;1
9991;611;1;806;200
9992;611;2;1511;150
9993;611;3;829;125
9994;611;4;1837;100
9995;611;5;262;85
9996;611;6;2736;70
9997;611;7;1556;60
9998;611;8;111;50
9999;611;9;500;40
10000;611;10;781;35
10001;611;11;600;30
10002;611;12;2806;25
10003;611;13;1304;20
10004;611;14;1110;15
10005;611;15;458;10
10006;611;16;683;7
10007;611;17;2004;5
10008;611;18;305;3
10009;611;19;1669;2
10010;611;20;1680;1
10011;612;1;238;200
10012;612;2;1511;150
10013;612;3;806;125
10014;612;4;519;100
10015;612;5;1840;85
10016;612;6;1304;70
10017;612;7;111;60
10018;612;8;305;50
10019;612;9;848;40
10020;612;10;500;35
10021;612;11;2080;30
10022;612;12;2136;25
10023;612;13;2939;20
10024;612;14;192;15
10025;612;15;52;10
10026;612;16;1720;7
10027;612;17;1837;5
10028;612;18;1038;3
10029;612;19;781;2
10030;612;20;85;1
10031;613;1;262;200
10032;613;2;274;150
10033;613;3;1511;125
10034;613;4;2080;100
10035;613;5;500;85
10036;613;6;305;70
10037;613;7;2004;60
10038;613;8;1304;50
10039;613;9;238;40
10040;613;10;519;35
10041;613;11;2628;30
10042;613;12;2939;25
10043;613;13;894;20
10044;613;14;2834;15
10045;613;15;317;10
10046;613;16;848;7
10047;613;17;1681;5
10048;613;18;2736;3
10049;613;19;1321;2
10050;613;20;320;1
10051;614;1;262;200
10052;614;2;1943;150
10053;614;3;1681;125
10054;614;4;238;100
10055;614;5;806;85
10056;614;6;2004;70
10057;614;7;500;60
10058;614;8;1768;50
10059;614;9;458;40
10060;614;10;2080;35
10061;614;11;2544;30
10062;614;12;589;25
10063;614;13;111;20
10064;614;14;925;15
10065;614;15;182;10
10066;614;16;1720;7
10067;614;17;848;5
10068;614;18;2644;3
10069;614;19;2434;2
10070;614;20;714;1
10071;615;1;519;200
10072;615;2;806;150
10073;615;3;238;125
10074;615;4;262;100
10075;615;5;500;85
10076;615;6;714;70
10077;615;7;2004;60
10078;615;8;2082;50
10079;615;9;1511;40
10080;615;10;848;35
10081;615;11;305;30
10082;615;12;111;25
10083;615;13;1943;20
10084;615;14;2834;15
10085;615;15;2807;10
10086;615;16;1615;7
10087;615;17;1816;5
10088;615;18;1768;3
10089;615;19;821;2
10090;615;20;952;1
10091;616;1;1816;200
10092;616;2;262;150
10093;616;3;305;125
10094;616;4;1511;100
10095;616;5;500;85
10096;616;6;821;70
10097;616;7;2004;60
10098;616;8;806;50
10099;616;9;2752;40
10100;616;10;2777;35
10101;616;11;1078;30
10102;616;12;714;25
10103;616;13;1720;20
10104;616;14;986;15
10105;616;15;3139;10
10106;616;16;519;7
10107;616;17;278;5
10108;616;18;2625;3
10109;616;19;2834;2
10110;616;20;2644;1
10111;617;1;714;200
10112;617;2;1816;150
10113;617;3;500;125
10114;617;4;262;100
10115;617;5;2526;85
10116;617;6;1511;70
10117;617;7;1720;60
10118;617;8;2579;50
10119;617;9;2510;40
10120;617;10;986;35
10121;617;11;1943;30
10122;617;12;305;25
10123;617;13;182;20
10124;617;14;3139;15
10125;617;15;1078;10
10126;617;16;2578;7
10127;617;17;111;5
10128;617;18;2835;3
10129;617;19;79;2
10130;617;20;1669;1
10131;618;1;1816;200
10132;618;2;806;150
10133;618;3;714;125
10134;618;4;1511;100
10135;618;5;2752;85
10136;618;6;1615;70
10137;618;7;2579;60
10138;618;8;821;50
10139;618;9;2004;40
10140;618;10;952;35
10141;618;11;3139;30
10142;618;12;1943;25
10143;618;13;2526;20
10144;618;14;2777;15
10145;618;15;562;10
10146;618;16;468;7
10147;618;17;305;5
10148;618;18;115;3
10149;618;19;1676;2
10150;618;20;111;1
10151;619;1;714;200
10152;619;2;238;150
10153;619;3;2487;125
10154;619;4;1447;100
10155;619;5;1943;85
10156;619;6;3139;70
10157;619;7;2526;60
10158;619;8;2335;50
10159;619;9;2390;40
10160;619;10;2766;35
10161;619;11;3197;30
10162;619;12;952;25
10163;619;13;2091;20
10164;619;14;1596;15
10165;619;15;2220;10
10166;619;16;2777;7
10167;619;17;975;5
10168;619;18;1712;3
10169;619;19;1720;2
10170;619;20;111;1
10171;620;1;2534;100
10172;620;2;3041;70
10173;620;3;2964;50
10174;620;4;111;40
10175;620;5;1790;30
10176;620;6;1082;20
10177;620;7;2627;15
10178;620;8;846;10
10179;620;9;2978;5
10180;620;10;1057;1
10181;621;1;111;100
10182;621;2;2534;70
10183;621;3;683;50
10184;621;4;542;40
10185;621;5;1667;30
10186;621;6;2978;20
10187;621;7;2954;15
10188;621;8;2627;10
10189;621;9;2207;5
10190;621;10;2497;1
10191;622;1;262;100
10192;622;2;2628;70
10193;622;3;2130;50
10194;622;4;1840;40
10195;622;5;885;30
10196;622;6;2863;20
10197;622;7;1602;15
10198;622;8;542;10
10199;622;9;540;5
10200;622;10;1082;1
10201;623;1;542;100
10202;623;2;1082;70
10203;623;3;1057;50
10204;623;4;320;40
10205;623;5;1512;30
10206;623;6;1667;20
10207;623;7;2739;15
10208;623;8;1518;10
10209;623;9;123;5
10210;623;10;278;1
10211;624;1;299;100
10212;624;2;1840;70
10213;624;3;111;50
10214;624;4;305;40
10215;624;5;806;30
10216;624;6;423;20
10217;624;7;2534;15
10218;624;8;870;10
10219;624;9;2628;5
10220;624;10;1078;1
10221;625;1;1720;200
10222;625;2;299;150
10223;625;3;111;125
10224;625;4;2954;100
10225;625;5;1680;85
10226;625;6;542;70
10227;625;7;1669;60
10228;625;8;2628;50
10229;625;9;843;40
10230;625;10;423;35
10231;625;11;1447;30
10232;625;12;2625;25
10233;625;13;221;20
10234;625;14;1813;15
10235;625;15;1667;10
10236;625;16;1548;7
10237;625;17;2510;5
10238;625;18;2736;3
10239;625;19;1840;2
10240;625;20;2497;1
10241;626;1;1792;200
10242;626;2;111;150
10243;626;3;2373;125
10244;626;4;1408;100
10245;626;5;679;85
10246;626;6;1163;70
10247;626;7;2625;60
10248;626;8;1038;50
10249;626;9;1612;40
10250;626;10;2787;35
10251;626;11;423;30
10252;626;12;584;25
10253;626;13;2534;20
10254;626;14;2368;15
10255;626;15;731;10
10256;626;16;1451;7
10257;626;17;67;5
10258;626;18;117;3
10259;626;19;690;2
10260;626;20;1039;1
10261;627;1;2613;200
10262;627;2;3198;150
10263;627;3;500;125
10264;627;4;2628;100
10265;627;5;1078;85
10266;627;6;996;70
10267;627;7;3094;60
10268;627;8;2707;50
10269;627;9;1596;40
10270;627;10;82;35
10271;627;11;2700;30
10272;627;12;844;25
10273;627;13;3200;20
10274;627;14;3212;15
10275;627;15;2333;10
10276;627;16;2807;7
10277;627;17;117;5
10278;627;18;1184;3
10279;627;19;2373;2
10280;627;20;3137;1
10281;628;1;103;200
10282;628;2;1503;150
10283;628;3;2390;125
10284;628;4;540;100
10285;628;5;2766;85
10286;628;6;2628;70
10287;628;7;2335;60
10288;628;8;731;50
10289;628;9;354;40
10290;628;10;2186;35
10291;628;11;821;30
10292;628;12;115;25
10293;628;13;111;20
10294;628;14;82;15
10295;628;15;3198;10
10296;628;16;67;7
10297;628;17;1408;5
10298;628;18;2707;3
10299;628;19;844;2
10300;628;20;3212;1
10301;629;1;2004;100
10302;629;2;2136;70
10303;629;3;1813;50
10304;629;4;2487;40
10305;629;5;1400;30
10306;629;6;1667;20
10307;629;7;1961;15
10308;629;8;305;10
10309;629;9;2810;5
10310;629;10;436;1
10311;630;1;266;100
10312;630;2;347;70
10313;630;3;1184;50
10314;630;4;2621;40
10315;630;5;557;30
10316;630;6;2978;20
10317;630;7;127;15
10318;630;8;2170;10
10319;630;9;108;5
10320;630;10;2750;1
10321;631;1;2080;100
10322;631;2;1680;70
10323;631;3;2004;50
10324;631;4;1400;40
10325;631;5;1961;30
10326;631;6;2544;20
10327;631;7;1567;15
10328;631;8;535;10
10329;631;9;2252;5
10330;631;10;2810;1
10331;632;1;2810;100
10332;632;2;2082;70
10333;632;3;629;50
10334;632;4;790;40
10335;632;5;986;30
10336;632;6;1441;20
10337;632;7;1712;15
10338;632;8;1680;10
10339;632;9;3106;5
10340;632;10;2085;1
10341;633;1;1078;100
10342;633;2;1720;70
10343;633;3;986;50
10344;633;4;1816;40
10345;633;5;863;30
10346;633;6;2544;20
10347;633;7;1961;15
10348;633;8;1548;10
10349;633;9;1943;5
10350;633;10;1669;1
10351;634;1;2628;100
10352;634;2;714;70
10353;634;3;805;50
10354;634;4;1681;40
10355;634;5;1402;30
10356;634;6;1447;20
10357;634;7;305;15
10358;634;8;863;10
10359;634;9;1837;5
10360;634;10;2482;1
10361;635;1;714;100
10362;635;2;1511;75
10363;635;3;1720;60
10364;635;4;2075;50
10365;635;5;1447;45
10366;635;6;2482;40
10367;635;7;2777;35
10368;635;8;305;30
10369;635;9;2807;25
10370;635;10;67;20
10371;635;11;3094;15
10372;635;12;1792;10
10373;635;13;2474;8
10374;635;14;2220;7
10375;635;15;2752;6
10376;635;16;1943;5
10377;635;17;629;4
10378;635;18;2335;3
10379;635;19;233;2
10380;635;20;1503;1
10381;636;1;2777;100
10382;636;2;714;75
10383;636;3;1720;60
10384;636;4;821;50
10385;636;5;2752;45
10386;636;6;2075;40
10387;636;7;1946;35
10388;636;8;3092;30
10389;636;9;2834;25
10390;636;10;2220;20
10391;636;11;952;15
10392;636;12;305;10
10393;636;13;221;8
10394;636;14;843;7
10395;636;15;2625;6
10396;636;16;278;5
10397;636;17;3139;4
10398;636;18;182;3
10399;636;19;1615;2
10400;636;20;1943;1
10401;637;1;806;100
10402;637;2;714;75
10403;637;3;67;60
10404;637;4;975;50
10405;637;5;2752;45
10406;637;6;115;40
10407;637;7;3212;35
10408;637;8;1453;30
10409;637;9;3139;25
10410;637;10;1946;20
10411;637;11;3213;15
10412;637;12;468;10
10413;637;13;796;8
10414;637;14;1943;7
10415;637;15;1212;6
10416;637;16;423;5
10417;637;17;2978;4
10418;637;18;1712;3
10419;637;19;2482;2
10420;637;20;2787;1
10421;638;1;806;100
10422;638;2;2004;75
10423;638;3;975;60
10424;638;4;796;50
10425;638;5;221;45
10426;638;6;952;40
10427;638;7;3139;35
10428;638;8;821;30
10429;638;9;3196;25
10430;638;10;24;20
10431;638;11;3197;15
10432;638;12;3195;10
10433;638;13;3214;8
10434;638;14;3215;7
10435;638;15;3216;6
10436;638;16;1713;5
10437;638;17;996;4
10438;638;18;2482;3
10439;638;19;2777;2
10440;638;20;2220;1
10441;639;1;238;100
10442;639;2;1511;75
10443;639;3;806;60
10444;639;4;52;50
10445;639;5;2544;45
10446;639;6;1057;40
10447;639;7;2004;35
10448;639;8;880;30
10449;639;9;500;25
10450;639;10;2727;20
10451;639;11;79;15
10452;639;12;320;10
10453;639;13;600;8
10454;639;14;767;7
10455;639;15;822;6
10456;639;16;1027;5
10457;639;17;1943;4
10458;639;18;925;3
10459;639;19;2424;2
10460;639;20;839;1
10461;640;1;2004;100
10462;640;2;1057;75
10463;640;3;2424;60
10464;640;4;2621;50
10465;640;5;108;45
10466;640;6;1400;40
10467;640;7;1602;35
10468;640;8;1813;30
10469;640;9;1961;25
10470;640;10;863;20
10471;640;11;2080;15
10472;640;12;2544;10
10473;640;13;559;8
10474;640;14;867;7
10475;640;15;2750;6
10476;640;16;925;5
10477;640;17;568;4
10478;640;18;107;3
10479;640;19;806;2
10480;640;20;1363;1
10481;641;1;2080;100
10482;641;2;2004;75
10483;641;3;1768;60
10484;641;4;781;50
10485;641;5;2544;45
10486;641;6;557;40
10487;641;7;1459;35
10488;641;8;238;30
10489;641;9;1807;25
10490;641;10;683;20
10491;641;11;986;15
10492;641;12;568;10
10493;641;13;925;8
10494;641;14;1057;7
10495;641;15;806;6
10496;641;16;863;5
10497;641;17;157;4
10498;641;18;317;3
10499;641;19;848;2
10500;641;20;678;1
10501;642;1;127;100
10502;642;2;781;75
10503;642;3;1772;60
10504;642;4;1807;50
10505;642;5;83;45
10506;642;6;1602;40
10507;642;7;1768;35
10508;642;8;2865;30
10509;642;9;568;25
10510;642;10;2544;20
10511;642;11;1816;15
10512;642;12;2750;10
10513;642;13;2004;8
10514;642;14;2621;7
10515;642;15;521;6
10516;642;16;1961;5
10517;642;17;806;4
10518;642;18;317;3
10519;642;19;2080;2
10520;642;20;2338;1
10521;643;1;262;100
10522;643;2;806;75
10523;643;3;1511;60
10524;643;4;519;50
10525;643;5;320;45
10526;643;6;1768;40
10527;643;7;1816;35
10528;643;8;2004;30
10529;643;9;781;25
10530;643;10;127;20
10531;643;11;863;15
10532;643;12;568;10
10533;643;13;821;8
10534;643;14;2085;7
10535;643;15;2075;6
10536;643;16;848;5
10537;643;17;2082;4
10538;643;18;500;3
10539;643;19;1112;2
10540;643;20;714;1
10541;644;1;848;100
10542;644;2;1720;75
10543;644;3;2544;60
10544;644;4;1511;50
10545;644;5;714;45
10546;644;6;2082;40
10547;644;7;2075;35
10548;644;8;52;30
10549;644;9;262;25
10550;644;10;805;20
10551;644;11;1768;15
10552;644;12;986;10
10553;644;13;925;8
10554;644;14;1816;7
10555;644;15;821;6
10556;644;16;127;5
10557;644;17;2579;4
10558;644;18;1447;3
10559;644;19;771;2
10560;644;20;1534;1
10561;645;1;1807;100
10562;645;2;805;75
10563;645;3;2535;60
10564;645;4;1768;50
10565;645;5;690;45
10566;645;6;1982;40
10567;645;7;875;35
10568;645;8;863;30
10569;645;9;1070;25
10570;645;10;562;20
10571;645;11;24;15
10572;645;12;2544;10
10573;645;13;154;8
10574;645;14;2962;7
10575;645;15;2660;6
10576;645;16;568;5
10577;645;17;2075;4
10578;645;18;925;3
10579;645;19;2084;2
10580;645;20;469;1
10581;646;1;2220;100
10582;646;2;1807;75
10583;646;3;1816;60
10584;646;4;2510;50
10585;646;5;2777;45
10586;646;6;821;40
10587;646;7;1720;35
10588;646;8;221;30
10589;646;9;1447;25
10590;646;10;714;20
10591;646;11;1511;15
10592;646;12;500;10
10593;646;13;2075;8
10594;646;14;863;7
10595;646;15;3092;6
10596;646;16;2865;5
10597;646;17;2752;4
10598;646;18;584;3
10599;646;19;2188;2
10600;646;20;2579;1
10601;647;1;1807;100
10602;647;2;805;75
10603;647;3;690;60
10604;647;4;586;50
10605;647;5;1212;45
10606;647;6;1535;40
10607;647;7;875;35
10608;647;8;1507;30
10609;647;9;2544;25
10610;647;10;568;20
10611;647;11;2390;15
10612;647;12;863;10
10613;647;13;1007;8
10614;647;14;2093;7
10615;647;15;1506;6
10616;647;16;2660;5
10617;647;17;1813;4
10618;647;18;1326;3
10619;647;19;154;2
10620;647;20;925;1
10621;648;1;714;100
10622;648;2;1511;75
10623;648;3;238;60
10624;648;4;821;50
10625;648;5;1007;45
10626;648;6;1447;40
10627;648;7;1943;35
10628;648;8;286;30
10629;648;9;501;25
10630;648;10;806;20
10631;648;11;3022;15
10632;648;12;3200;10
10633;648;13;3207;8
10634;648;14;2220;7
10635;648;15;1815;6
10636;648;16;2579;5
10637;648;17;952;4
10638;648;18;2208;3
10639;648;19;468;2
10640;648;20;2390;1
10641;649;1;238;200
10642;649;2;829;150
10643;649;3;1511;125
10644;649;4;848;100
10645;649;5;262;85
10646;649;6;305;70
10647;649;7;2736;60
10648;649;8;2424;50
10649;649;9;806;40
10650;649;10;500;35
10651;649;11;1304;30
10652;649;12;2136;25
10653;649;13;1680;20
10654;649;14;600;15
10655;649;15;2644;10
10656;649;16;320;7
10657;649;17;278;5
10658;649;18;2097;3
10659;649;19;2965;2
10660;649;20;1561;1
10661;650;1;238;200
10662;650;2;111;150
10663;650;3;262;125
10664;650;4;305;100
10665;650;5;848;85
10666;650;6;2644;70
10667;650;7;2487;60
10668;650;8;2136;50
10669;650;9;2736;40
10670;650;10;2617;35
10671;650;11;1304;30
10672;650;12;683;25
10673;650;13;897;20
10674;650;14;1511;15
10675;650;15;2628;10
10676;650;16;52;7
10677;650;17;91;5
10678;650;18;925;3
10679;650;19;1837;2
10680;650;20;2810;1
10681;651;1;262;200
10682;651;2;986;150
10683;651;3;714;125
10684;651;4;2834;100
10685;651;5;1837;85
10686;651;6;1511;70
10687;651;7;829;60
10688;651;8;52;50
10689;651;9;806;40
10690;651;10;500;35
10691;651;11;111;30
10692;651;12;238;25
10693;651;13;848;20
10694;651;14;274;15
10695;651;15;1444;10
10696;651;16;1527;7
10697;651;17;1943;5
10698;651;18;1680;3
10699;651;19;317;2
10700;651;20;2807;1
10701;652;1;829;200
10702;652;2;1078;150
10703;652;3;848;125
10704;652;4;2004;100
10705;652;5;127;85
10706;652;6;1112;70
10707;652;7;2075;60
10708;652;8;1447;50
10709;652;9;1561;40
10710;652;10;1720;35
10711;652;11;714;30
10712;652;12;986;25
10713;652;13;821;20
10714;652;14;2628;15
10715;652;15;2834;10
10716;652;16;305;7
10717;652;17;500;5
10718;652;18;2082;3
10719;652;19;1511;2
10720;652;20;1615;1
10721;653;1;714;200
10722;653;2;262;150
10723;653;3;806;125
10724;653;4;1511;100
10725;653;5;238;85
10726;653;6;2004;70
10727;653;7;305;60
10728;653;8;500;50
10729;653;9;1837;40
10730;653;10;111;35
10731;653;11;2834;30
10732;653;12;2579;25
10733;653;13;821;20
10734;653;14;2082;15
10735;653;15;1987;10
10736;653;16;897;7
10737;653;17;2335;5
10738;653;18;182;3
10739;653;19;1943;2
10740;653;20;1681;1
10741;654;1;262;200
10742;654;2;1078;150
10743;654;3;714;125
10744;654;4;305;100
10745;654;5;806;85
10746;654;6;2082;70
10747;654;7;299;60
10748;654;8;1720;50
10749;654;9;1511;40
10750;654;10;111;35
10751;654;11;2482;30
10752;654;12;1447;25
10753;654;13;1943;20
10754;654;14;278;15
10755;654;15;2834;10
10756;654;16;2752;7
10757;654;17;182;5
10758;654;18;2335;3
10759;654;19;3139;2
10760;654;20;952;1
10761;655;1;714;200
10762;655;2;806;150
10763;655;3;2075;125
10764;655;4;2579;100
10765;655;5;821;85
10766;655;6;262;70
10767;655;7;1021;60
10768;655;8;1720;50
10769;655;9;2834;40
10770;655;10;2335;35
10771;655;11;1511;30
10772;655;12;182;25
10773;655;13;1447;20
10774;655;14;897;15
10775;655;15;2752;10
10776;655;16;501;7
10777;655;17;952;5
10778;655;18;3139;3
10779;655;19;305;2
10780;655;20;1943;1
10781;656;1;1078;200
10782;656;2;806;150
10783;656;3;714;125
10784;656;4;821;100
10785;656;5;1511;85
10786;656;6;3217;70
10787;656;7;2004;60
10788;656;8;1447;50
10789;656;9;2578;40
10790;656;10;2335;35
10791;656;11;2333;30
10792;656;12;2579;25
10793;656;13;2777;20
10794;656;14;221;15
10795;656;15;952;10
10796;656;16;501;7
10797;656;17;3218;5
10798;656;18;2752;3
10799;656;19;3139;2
10800;656;20;2361;1
10801;657;1;1596;200
10802;657;2;2526;150
10803;657;3;714;125
10804;657;4;501;100
10805;657;5;1816;85
10806;657;6;2075;70
10807;657;7;2335;60
10808;657;8;3197;50
10809;657;9;1511;40
10810;657;10;3139;35
10811;657;11;238;30
10812;657;12;2487;25
10813;657;13;2482;20
10814;657;14;286;15
10815;657;15;821;10
10816;657;16;952;7
10817;657;17;111;5
10818;657;18;897;3
10819;657;19;1447;2
10820;657;20;3219;1
10821;658;1;1994;100
10822;658;2;123;70
10823;658;3;1843;50
10824;658;4;1326;40
10825;658;5;2170;30
10826;658;6;2702;20
10827;658;7;730;15
10828;658;8;925;10
10829;658;9;2188;5
10830;658;10;1535;1
10831;659;1;299;200
10832;659;2;1112;150
10833;659;3;2689;125
10834;659;4;1038;100
10835;659;5;1466;85
10836;659;6;320;70
10837;659;7;806;60
10838;659;8;1184;50
10839;659;9;790;40
10840;659;10;91;35
10841;659;11;52;30
10842;659;12;2424;25
10843;659;13;429;20
10844;659;14;1780;15
10845;659;15;2939;10
10846;659;16;111;7
10847;659;17;77;5
10848;659;18;2905;3
10849;659;19;2965;2
10850;659;20;1493;1
10851;660;1;542;200
10852;660;2;91;150
10853;660;3;2004;125
10854;660;4;299;100
10855;660;5;535;85
10856;660;6;2922;70
10857;660;7;1111;60
10858;660;8;1184;50
10859;660;9;863;40
10860;660;10;1669;35
10861;660;11;629;30
10862;660;12;1082;25
10863;660;13;157;20
10864;660;14;686;15
10865;660;15;2188;10
10866;660;16;925;7
10867;660;17;1279;5
10868;660;18;1717;3
10869;660;19;1349;2
10870;660;20;2950;1
10871;661;1;690;200
10872;661;2;535;150
10873;661;3;2169;125
10874;661;4;1897;100
10875;661;5;2918;85
10876;661;6;2085;70
10877;661;7;3106;60
10878;661;8;273;50
10879;661;9;2905;40
10880;661;10;863;35
10881;661;11;510;30
10882;661;12;1660;25
10883;661;13;1465;20
10884;661;14;278;15
10885;661;15;1506;10
10886;661;16;2377;7
10887;661;17;2535;5
10888;661;18;2084;3
10889;661;19;3177;2
10890;661;20;2363;1
10891;662;1;2660;200
10892;662;2;3220;150
10893;662;3;2085;125
10894;662;4;1535;100
10895;662;5;2908;85
10896;662;6;2779;70
10897;662;7;3221;60
10898;662;8;3222;50
10899;662;9;2272;40
10900;662;10;796;35
10901;662;11;1506;30
10902;662;12;3021;25
10903;662;13;1649;20
10904;662;14;3223;15
10905;662;15;354;10
10906;662;16;790;7
10907;662;17;2988;5
10908;662;18;3204;3
10909;662;19;3224;2
10910;662;20;638;1
10911;663;1;221;200
10912;663;2;468;150
10913;663;3;3025;125
10914;663;4;3225;100
10915;663;5;3226;85
10916;663;6;2579;70
10917;663;7;1253;60
10918;663;8;3227;50
10919;663;9;3228;40
10920;663;10;3229;35
10921;663;11;2625;30
10922;663;12;2528;25
10923;663;13;254;20
10924;663;14;44;15
10925;663;15;3230;10
10926;663;16;2169;7
10927;663;17;3231;5
10928;663;18;1897;3
10929;663;19;2908;2
10930;663;20;1660;1
10931;664;1;1400;200
10932;664;2;542;150
10933;664;3;568;125
10934;664;4;1807;100
10935;664;5;1768;85
10936;664;6;1961;70
10937;664;7;2750;60
10938;664;8;1321;50
10939;664;9;2978;40
10940;664;10;557;35
10941;664;11;805;30
10942;664;12;509;25
10943;664;13;2621;20
10944;664;14;629;15
10945;664;15;2865;10
10946;664;16;2456;7
10947;664;17;347;5
10948;664;18;256;3
10949;664;19;867;2
10950;664;20;75;1
10951;665;1;1602;200
10952;665;2;1807;150
10953;665;3;1816;125
10954;665;4;1813;100
10955;665;5;2865;85
10956;665;6;805;70
10957;665;7;2080;60
10958;665;8;863;50
10959;665;9;299;40
10960;665;10;2004;35
10961;665;11;2621;30
10962;665;12;1441;25
10963;665;13;2082;20
10964;665;14;542;15
10965;665;15;1772;10
10966;665;16;108;7
10967;665;17;2377;5
10968;665;18;2978;3
10969;665;19;91;2
10970;665;20;1961;1
10971;666;1;1807;200
10972;666;2;1768;150
10973;666;3;1816;125
10974;666;4;2707;100
10975;666;5;2807;85
10976;666;6;83;70
10977;666;7;806;60
10978;666;8;848;50
10979;666;9;91;40
10980;666;10;926;35
10981;666;11;2597;30
10982;666;12;1799;25
10983;666;13;586;20
10984;666;14;127;15
10985;666;15;805;10
10986;666;16;568;7
10987;666;17;1400;5
10988;666;18;2579;3
10989;666;19;1321;2
10990;666;20;3106;1
10991;667;1;1078;200
10992;667;2;875;150
10993;667;3;1400;125
10994;667;4;1816;100
10995;667;5;805;85
10996;667;6;1602;70
10997;667;7;542;60
10998;667;8;83;50
10999;667;9;127;40
11000;667;10;1441;35
11001;667;11;317;30
11002;667;12;1675;25
11003;667;13;1807;20
11004;667;14;867;15
11005;667;15;568;10
11006;667;16;2846;7
11007;667;17;299;5
11008;667;18;1548;3
11009;667;19;2261;2
11010;667;20;976;1
11011;668;1;805;200
11012;668;2;1807;150
11013;668;3;2080;125
11014;668;4;1799;100
11015;668;5;1982;85
11016;668;6;875;70
11017;668;7;535;60
11018;668;8;83;50
11019;668;9;1816;40
11020;668;10;586;35
11021;668;11;2353;30
11022;668;12;2865;25
11023;668;13;1873;20
11024;668;14;976;15
11025;668;15;298;10
11026;668;16;542;7
11027;668;17;1737;5
11028;668;18;1677;3
11029;668;19;1436;2
11030;668;20;2737;1
11031;669;1;2510;200
11032;669;2;805;150
11033;669;3;1807;125
11034;669;4;2137;100
11035;669;5;2737;85
11036;669;6;108;70
11037;669;7;1900;60
11038;669;8;562;50
11039;669;9;535;40
11040;669;10;1184;35
11041;669;11;1441;30
11042;669;12;2978;25
11043;669;13;2084;20
11044;669;14;1982;15
11045;669;15;586;10
11046;669;16;2093;7
11047;669;17;568;5
11048;669;18;498;3
11049;669;19;501;2
11050;669;20;1427;1
11051;670;1;805;200
11052;670;2;525;150
11053;670;3;690;125
11054;670;4;535;100
11055;670;5;1036;85
11056;670;6;540;70
11057;670;7;875;60
11058;670;8;273;50
11059;670;9;1596;40
11060;670;10;3106;35
11061;670;11;3232;30
11062;670;12;1725;25
11063;670;13;2812;20
11064;670;14;2807;15
11065;670;15;1503;10
11066;670;16;2093;7
11067;670;17;299;5
11068;670;18;2121;3
11069;670;19;1737;2
11070;670;20;1712;1
11071;671;1;1807;200
11072;671;2;535;150
11073;671;3;805;125
11074;671;4;1036;100
11075;671;5;1639;85
11076;671;6;3233;70
11077;671;7;3234;60
11078;671;8;3044;50
11079;671;9;2261;40
11080;671;10;1535;35
11081;671;11;103;30
11082;671;12;2093;25
11083;671;13;2353;20
11084;671;14;1799;15
11085;671;15;525;10
11086;671;16;586;7
11087;671;17;3235;5
11088;671;18;2071;3
11089;671;19;2779;2
11090;671;20;3236;1
11091;672;1;1840;100
11092;672;2;1304;70
11093;672;3;2482;50
11094;672;4;158;40
11095;672;5;767;30
11096;672;6;1825;20
11097;672;7;2265;15
11098;672;8;1534;10
11099;672;9;1110;5
11100;672;10;61;1
11101;673;1;262;200
11102;673;2;2628;150
11103;673;3;2939;125
11104;673;4;2644;100
11105;673;5;952;85
11106;673;6;423;70
11107;673;7;2482;60
11108;673;8;320;50
11109;673;9;897;40
11110;673;10;848;35
11111;673;11;1321;30
11112;673;12;1304;25
11113;673;13;926;20
11114;673;14;3021;15
11115;673;15;2962;10
11116;673;16;2707;7
11117;673;17;1548;5
11118;673;18;2084;3
11119;673;19;2752;2
11120;673;20;3094;1
11121;674;1;1807;100
11122;674;2;1772;70
11123;674;3;1816;50
11124;674;4;127;40
11125;674;5;2956;30
11126;674;6;1573;20
11127;674;7;2865;15
11128;674;8;2071;10
11129;674;9;256;5
11130;674;10;2621;1
11131;675;1;127;100
11132;675;2;1078;75
11133;675;3;1772;60
11134;675;4;1816;50
11135;675;5;1807;45
11136;675;6;1400;40
11137;675;7;1961;35
11138;675;8;875;30
11139;675;9;2080;25
11140;675;10;568;20
11141;675;11;863;15
11142;675;12;805;10
11143;675;13;1799;8
11144;675;14;298;7
11145;675;15;926;6
11146;675;16;108;5
11147;675;17;1503;4
11148;675;18;83;3
11149;675;19;1884;2
11150;675;20;2286;1
11151;676;1;1807;100
11152;676;2;1816;75
11153;676;3;2080;60
11154;676;4;535;50
11155;676;5;2071;45
11156;676;6;347;40
11157;676;7;2390;35
11158;676;8;926;30
11159;676;9;1712;25
11160;676;10;2737;20
11161;676;11;85;15
11162;676;12;1535;10
11163;676;13;1675;8
11164;676;14;2807;7
11165;676;15;2865;6
11166;676;16;2966;5
11167;676;17;2956;4
11168;676;18;1436;3
11169;676;19;2261;2
11170;676;20;568;1
11171;677;1;1816;100
11172;677;2;1807;75
11173;677;3;2080;60
11174;677;4;805;50
11175;677;5;299;45
11176;677;6;1813;40
11177;677;7;1436;35
11178;677;8;221;30
11179;677;9;2085;25
11180;677;10;1713;20
11181;677;11;1961;15
11182;677;12;2962;10
11183;677;13;1944;8
11184;677;14;1932;7
11185;677;15;1535;6
11186;677;16;2621;5
11187;677;17;79;4
11188;677;18;85;3
11189;677;19;2966;2
11190;677;20;2625;1
11191;678;1;1816;100
11192;678;2;1807;75
11193;678;3;1737;60
11194;678;4;2812;50
11195;678;5;299;45
11196;678;6;986;40
11197;678;7;875;35
11198;678;8;3237;30
11199;678;9;2093;25
11200;678;10;1535;20
11201;678;11;2625;15
11202;678;12;535;10
11203;678;13;320;8
11204;678;14;3238;7
11205;678;15;298;6
11206;678;16;976;5
11207;678;17;1191;4
11208;678;18;562;3
11209;678;19;925;2
11210;678;20;85;1
11211;679;1;2085;100
11212;679;2;3234;75
11213;679;3;1639;60
11214;679;4;2071;50
11215;679;5;2012;45
11216;679;6;1191;40
11217;679;7;2353;35
11218;679;8;3092;30
11219;679;9;3233;25
11220;679;10;2707;20
11221;679;11;875;15
11222;679;12;1436;10
11223;679;13;925;8
11224;679;14;1737;7
11225;679;15;1900;6
11226;679;16;1326;5
11227;679;17;1944;4
11228;679;18;85;3
11229;679;19;3235;2
11230;679;20;1799;1
11231;680;1;2707;100
11232;680;2;1982;70
11233;680;3;2085;50
11234;680;4;2621;40
11235;680;5;724;30
11236;680;6;305;20
11237;680;7;85;15
11238;680;8;2237;10
11239;680;9;24;5
11240;680;10;1987;1
11241;681;1;262;100
11242;681;2;806;70
11243;681;3;1961;50
11244;681;4;805;40
11245;681;5;568;30
11246;681;6;2750;20
11247;681;7;2080;15
11248;681;8;781;10
11249;681;9;182;5
11250;681;10;926;1
11251;682;1;299;100
11252;682;2;2628;70
11253;682;3;262;50
11254;682;4;1078;40
11255;682;5;714;30
11256;682;6;2082;20
11257;682;7;863;15
11258;682;8;2807;10
11259;682;9;1112;5
11260;682;10;1612;1
11261;683;1;3077;100
11262;683;2;182;70
11263;683;3;1615;50
11264;683;4;2208;40
11265;683;5;1326;30
11266;683;6;2908;20
11267;683;7;2625;15
11268;683;8;288;10
11269;683;9;2272;5
11270;683;10;2392;1
11271;684;1;2579;100
11272;684;2;2908;75
11273;684;3;844;60
11274;684;4;796;50
11275;684;5;1503;45
11276;684;6;790;40
11277;684;7;986;35
11278;684;8;843;30
11279;684;9;182;25
11280;684;10;79;20
11281;684;11;897;15
11282;684;12;1932;10
11283;684;13;8;8
11284;684;14;1326;7
11285;684;15;3022;6
11286;684;16;1815;5
11287;684;17;1753;4
11288;684;18;1454;3
11289;684;19;2086;2
11290;684;20;1705;1
11291;685;1;1113;100
11292;685;2;299;75
11293;685;3;2752;60
11294;685;4;3198;50
11295;685;5;3213;45
11296;685;6;790;40
11297;685;7;423;35
11298;685;8;79;30
11299;685;9;501;25
11300;685;10;1253;20
11301;685;11;3215;15
11302;685;12;2908;10
11303;685;13;3094;8
11304;685;14;54;7
11305;685;15;897;6
11306;685;16;3207;5
11307;685;17;3200;4
11308;685;18;3239;3
11309;685;19;3209;2
11310;685;20;26;1
11311;686;1;3196;100
11312;686;2;2834;75
11313;686;3;2628;60
11314;686;4;468;50
11315;686;5;3220;45
11316;686;6;3197;40
11317;686;7;182;35
11318;686;8;1197;30
11319;686;9;2988;25
11320;686;10;3240;20
11321;686;11;1503;15
11322;686;12;3241;10
11323;686;13;2578;8
11324;686;14;3227;7
11325;686;15;423;6
11326;686;16;111;5
11327;686;17;354;4
11328;686;18;986;3
11329;686;19;317;2
11330;686;20;3209;1
11331;687;1;829;200
11332;687;2;2004;150
11333;687;3;806;125
11334;687;4;1768;100
11335;687;5;2080;85
11336;687;6;875;70
11337;687;7;1007;60
11338;687;8;320;50
11339;687;9;2082;40
11340;687;10;519;35
11341;687;11;568;30
11342;687;12;1681;25
11343;687;13;2071;20
11344;687;14;127;15
11345;687;15;1816;10
11346;687;16;500;7
11347;687;17;2966;5
11348;687;18;2597;3
11349;687;19;1982;2
11350;687;20;1832;1
11351;688;1;806;200
11352;688;2;1816;150
11353;688;3;1837;125
11354;688;4;821;100
11355;688;5;2082;85
11356;688;6;986;70
11357;688;7;848;60
11358;688;8;519;50
11359;688;9;2510;40
11360;688;10;2660;35
11361;688;11;875;30
11362;688;12;1006;25
11363;688;13;91;20
11364;688;14;2966;15
11365;688;15;2080;10
11366;688;16;2978;7
11367;688;17;3092;5
11368;688;18;976;3
11369;688;19;2597;2
11370;688;20;43;1
11371;689;1;91;200
11372;689;2;1548;150
11373;689;3;2093;125
11374;689;4;926;100
11375;689;5;2054;85
11376;689;6;2085;70
11377;689;7;1816;60
11378;689;8;2510;50
11379;689;9;535;40
11380;689;10;2004;35
11381;689;11;1441;30
11382;689;12;1837;25
11383;689;13;1078;20
11384;689;14;1944;15
11385;689;15;562;10
11386;689;16;821;7
11387;689;17;2597;5
11388;689;18;117;3
11389;689;19;976;2
11390;689;20;1349;1
11391;690;1;1816;200
11392;690;2;805;150
11393;690;3;2510;125
11394;690;4;2004;100
11395;690;5;115;85
11396;690;6;848;70
11397;690;7;1807;60
11398;690;8;3092;50
11399;690;9;2012;40
11400;690;10;1596;35
11401;690;11;821;30
11402;690;12;1070;25
11403;690;13;1712;20
11404;690;14;3206;15
11405;690;15;953;10
11406;690;16;3186;7
11407;690;17;562;5
11408;690;18;299;3
11409;690;19;1725;2
11410;690;20;2093;1
11411;691;1;2487;200
11412;691;2;1712;150
11413;691;3;1807;125
11414;691;4;2004;100
11415;691;5;91;85
11416;691;6;1961;70
11417;691;7;821;60
11418;691;8;540;50
11419;691;9;805;40
11420;691;10;535;35
11421;691;11;1326;30
11422;691;12;1816;25
11423;691;13;2510;20
11424;691;14;875;15
11425;691;15;3186;10
11426;691;16;2597;7
11427;691;17;3206;5
11428;691;18;1639;3
11429;691;19;1279;2
11430;691;20;848;1
11431;692;1;299;100
11432;692;2;1943;70
11433;692;3;2534;50
11434;692;4;354;40
11435;692;5;2772;30
11436;692;6;2373;20
11437;692;7;796;15
11438;692;8;1994;10
11439;692;9;2544;5
11440;692;10;1548;1
11441;693;1;806;100
11442;693;2;3077;70
11443;693;3;182;50
11444;693;4;805;40
11445;693;5;299;30
11446;693;6;111;20
11447;693;7;790;15
11448;693;8;952;10
11449;693;9;2527;5
11450;693;10;3021;1
11451;694;1;1720;100
11452;694;2;500;70
11453;694;3;805;50
11454;694;4;996;40
11455;694;5;52;30
11456;694;6;2908;20
11457;694;7;299;15
11458;694;8;975;10
11459;694;9;2361;5
11460;694;10;2777;1
11461;695;1;501;100
11462;695;2;2777;75
11463;695;3;1720;60
11464;695;4;796;50
11465;695;5;3213;45
11466;695;6;1447;40
11467;695;7;3197;35
11468;695;8;3208;30
11469;695;9;897;25
11470;695;10;2628;20
11471;695;11;3242;15
11472;695;12;115;10
11473;695;13;2272;8
11474;695;14;996;7
11475;695;15;2186;6
11476;695;16;2091;5
11477;695;17;3165;4
11478;695;18;3199;3
11479;695;19;2361;2
11480;695;20;1402;1
11481;696;1;806;100
11482;696;2;714;75
11483;696;3;2390;60
11484;696;4;796;50
11485;696;5;1447;45
11486;696;6;3197;40
11487;696;7;500;35
11488;696;8;3139;30
11489;696;9;2335;25
11490;696;10;3195;20
11491;696;11;1503;15
11492;696;12;3196;10
11493;696;13;305;8
11494;696;14;1561;7
11495;696;15;821;6
11496;696;16;501;5
11497;696;17;3022;4
11498;696;18;2579;3
11499;696;19;3243;2
11500;696;20;1596;1
11501;697;1;1807;200
11502;697;2;2004;150
11503;697;3;2390;125
11504;697;4;714;100
11505;697;5;1596;85
11506;697;6;540;70
11507;697;7;805;60
11508;697;8;1447;50
11509;697;9;1816;40
11510;697;10;2526;35
11511;697;11;806;30
11512;697;12;2487;25
11513;697;13;2082;20
11514;697;14;1720;15
11515;697;15;1511;10
11516;697;16;2510;7
11517;697;17;3198;5
11518;697;18;3196;3
11519;697;19;1946;2
11520;697;20;3195;1
11521;698;1;1807;200
11522;698;2;805;150
11523;698;3;535;125
11524;698;4;525;100
11525;698;5;3233;85
11526;698;6;1737;70
11527;698;7;2865;60
11528;698;8;108;50
11529;698;9;2261;40
11530;698;10;2807;35
11531;698;11;1799;30
11532;698;12;3244;25
11533;698;13;2174;20
11534;698;14;1535;15
11535;698;15;347;10
11536;698;16;1321;7
11537;698;17;2510;5
11538;698;18;2737;3
11539;698;19;3245;2
11540;698;20;3205;1
11541;699;1;586;100
11542;699;2;1036;75
11543;699;3;2535;60
11544;699;4;540;50
11545;699;5;2807;45
11546;699;6;1535;40
11547;699;7;103;35
11548;699;8;2779;30
11549;699;9;3246;25
11550;699;10;67;20
11551;699;11;278;15
11552;699;12;3247;10
11553;699;13;3248;8
11554;699;14;1503;7
11555;699;15;2707;6
11556;699;16;3236;5
11557;699;17;3223;4
11558;699;18;2353;3
11559;699;19;1453;2
11560;699;20;2787;1
11561;713;1;1952;100
11562;713;2;1323;70
11563;713;3;2381;50
11564;713;4;2856;40
11565;713;5;1745;30
11566;713;6;497;20
11567;713;7;2553;15
11568;713;8;3020;10
11569;713;9;490;5
11570;713;10;2588;1
11571;718;1;1952;10
11572;718;1;609;10
11573;718;1;609;10
11574;718;1;609;10
11575;718;1;2491;10
11576;718;1;1204;10
11577;718;1;609;10
11578;718;1;2849;10
11579;718;1;2849;10
11580;714;1;1323;100
11581;714;2;1204;70
11582;714;3;1883;50
11583;714;4;3026;40
11584;714;5;3054;30
11585;714;6;3102;20
11586;714;7;2491;15
11587;714;8;1297;10
11588;714;9;344;5
11589;714;10;1144;1
11590;719;1;1323;10
11591;719;1;1323;10
11592;719;1;1323;10
11593;719;1;3054;10
11594;719;1;699;10
11595;719;1;1323;10
11596;719;1;628;10
11597;719;1;1204;10
11598;719;1;2663;10
11599;719;1;1204;10
11600;715;1;1323;100
11601;715;2;2856;70
11602;715;3;1204;50
11603;715;4;1952;40
11604;715;5;1883;30
11605;715;6;3026;20
11606;715;7;2663;15
11607;715;8;3020;10
11608;715;9;1023;5
11609;715;10;687;1
11610;720;1;1204;10
11611;720;1;2002;10
11612;720;1;1323;10
11613;720;1;1204;10
11614;720;1;1323;10
11615;720;1;1883;10
11616;720;1;1204;10
11617;720;1;687;10
11618;720;1;1204;10
11619;720;1;1323;10
11620;720;1;3026;10
11621;720;1;2856;10
11622;716;1;1323;100
11623;716;2;1204;70
11624;716;3;1883;50
11625;716;4;462;40
11626;716;5;2558;30
11627;716;6;2856;20
11628;716;7;1032;15
11629;716;8;1708;10
11630;716;9;687;5
11631;716;10;1293;1
11632;721;1;1204;10
11633;721;1;1323;10
11634;721;1;1883;10
11635;721;1;1708;10
11636;721;1;1032;10
11637;721;1;1323;10
11638;721;1;2491;10
11639;721;1;1323;10
11640;721;1;1032;10
11641;721;1;2558;10
11642;721;1;1323;10
11643;717;1;1204;100
11644;717;2;1883;70
11645;717;3;687;50
11646;717;4;2856;40
11647;717;5;2632;30
11648;717;6;3020;20
11649;717;7;2653;15
11650;717;8;1544;10
11651;717;9;1818;5
11652;717;10;3000;1
11653;722;1;1204;10
11654;722;1;1883;10
11655;722;1;1204;10
11656;722;1;1708;10
11657;722;1;1204;10
11658;722;1;687;10
11659;722;1;1558;10
11660;722;1;1558;10
11661;723;1;1323;100
11662;723;2;2558;70
11663;723;3;2491;50
11664;723;4;609;40
11665;723;5;1469;30
11666;723;6;1160;20
11667;723;7;2849;15
11668;723;8;2002;10
11669;723;9;735;5
11670;723;10;388;1
11671;730;1;2558;10
11672;730;1;609;10
11673;730;1;2491;10
11674;730;1;2849;10
11675;730;1;1323;10
11676;730;1;1323;10
11677;730;1;1160;10
11678;730;1;2491;10
11679;730;1;2558;10
11680;730;1;2553;10
11681;730;1;1160;10
11682;730;1;2849;10
11683;724;1;1323;100
11684;724;2;2002;70
11685;724;3;497;50
11686;724;4;2019;40
11687;724;5;2558;30
11688;724;6;1544;20
11689;724;7;699;15
11690;724;8;3013;10
11691;724;9;2553;5
11692;724;10;2259;1
11693;731;1;1323;10
11694;731;1;1323;10
11695;731;1;2558;10
11696;731;1;1323;10
11697;731;1;2002;10
11698;731;1;2002;10
11699;731;1;1323;10
11700;731;1;1323;10
11701;731;1;497;10
11702;725;1;2558;100
11703;725;2;1558;70
11704;725;3;1883;50
11705;725;4;1323;40
11706;725;5;1204;30
11707;725;6;2703;20
11708;725;7;3102;15
11709;725;8;1322;10
11710;725;9;388;5
11711;725;10;2458;1
11712;732;1;1323;10
11713;732;1;3054;10
11714;732;1;1323;10
11715;732;1;1421;10
11716;732;1;2558;10
11717;732;1;1421;10
11718;732;1;2002;10
11719;732;1;1951;10
11720;732;1;2002;10
11721;732;1;2002;10
11722;726;1;687;100
11723;726;2;345;70
11724;726;3;699;50
11725;726;4;2703;40
11726;726;5;462;30
11727;726;6;1558;20
11728;726;7;1767;15
11729;726;8;1204;10
11730;726;9;1323;5
11731;726;10;1144;1
11732;733;1;687;10
11733;733;1;2250;10
11734;733;1;2229;10
11735;733;1;1204;10
11736;733;1;687;10
11737;733;1;2250;10
11738;733;1;699;10
11739;727;1;687;100
11740;727;2;1204;70
11741;727;3;2250;50
11742;727;4;1708;40
11743;727;5;2512;30
11744;727;6;2857;20
11745;727;7;497;15
11746;727;8;486;10
11747;727;9;2472;5
11748;727;10;2703;1
11749;734;1;687;10
11750;734;1;2250;10
11751;734;1;497;10
11752;734;1;610;10
11753;734;1;497;10
11754;734;1;2250;10
11755;734;1;2250;10
11756;734;1;2250;10
11757;728;1;486;100
11758;728;2;2857;70
11759;728;3;1322;50
11760;728;4;2703;40
11761;728;5;1767;30
11762;728;6;738;20
11763;728;7;1558;15
11764;728;8;2653;10
11765;728;9;2512;5
11766;728;10;1575;1
11767;735;1;687;10
11768;735;1;1558;10
11769;735;1;2491;10
11770;735;1;2653;10
11771;735;1;2857;10
11772;735;1;2160;10
11773;735;1;1204;10
11774;735;1;1558;10
11775;735;1;687;10
11776;729;1;486;100
11777;729;2;2857;70
11778;729;3;1952;50
11779;729;4;1204;40
11780;729;5;936;30
11781;729;6;1558;20
11782;729;7;2703;15
11783;729;8;2250;10
11784;729;9;942;5
11785;729;10;94;1
11786;736;1;2857;10
11787;736;1;2250;10
11788;736;1;1478;10
11789;736;1;486;10
11790;736;1;2250;10
11791;736;1;2250;10
11792;736;1;2703;10
11793;736;1;1204;10
11794;736;1;2250;10
11795;737;1;3020;400
11796;737;2;1952;300
11797;737;3;1951;250
11798;737;4;2268;200
11799;737;5;1323;170
11800;737;6;1202;140
11801;737;7;3013;120
11802;737;8;2953;100
11803;737;9;2913;80
11804;737;10;490;70
11805;737;11;1162;60
11806;737;12;1636;50
11807;737;13;735;40
11808;737;14;2047;30
11809;737;15;3026;25
11810;737;16;1134;20
11811;737;17;2515;15
11812;737;18;2971;10
11813;737;19;1422;5
11814;737;20;1183;1
11815;746;1;2189;50
11816;746;1;2002;50
11817;746;1;2268;50
11818;746;1;1636;50
11819;746;1;1952;50
11820;746;1;3020;50
11821;746;1;1162;50
11822;746;1;2268;50
11823;738;1;1952;400
11824;738;2;1323;300
11825;738;3;2268;250
11826;738;4;2663;200
11827;738;5;1032;170
11828;738;6;2010;140
11829;738;7;735;120
11830;738;8;1144;100
11831;738;9;109;80
11832;738;10;2457;70
11833;738;11;204;60
11834;738;12;1391;50
11835;738;13;2838;40
11836;738;14;2614;30
11837;738;15;766;25
11838;738;16;1951;20
11839;738;17;2481;15
11840;738;18;2058;10
11841;738;19;313;5
11842;738;20;2588;1
11843;747;1;2663;50
11844;747;1;1323;50
11845;747;1;1323;50
11846;747;1;2268;50
11847;747;1;2838;50
11848;747;1;1952;50
11849;747;1;1323;50
11850;747;1;766;50
11851;739;1;1952;400
11852;739;2;1204;300
11853;739;3;421;250
11854;739;4;1323;200
11855;739;5;1144;170
11856;739;6;99;140
11857;739;7;2663;120
11858;739;8;1558;100
11859;739;9;2481;80
11860;739;10;2703;70
11861;739;11;0;60
11862;739;12;0;50
11863;739;13;0;40
11864;739;14;0;30
11865;739;15;0;25
11866;739;16;0;20
11867;739;17;0;15
11868;739;18;0;10
11869;739;19;0;5
11870;739;20;0;1
11871;748;1;2268;50
11872;748;1;1323;50
11873;748;1;610;50
11874;748;1;1456;50
11875;748;1;2268;50
11876;748;1;1952;50
11877;748;1;1952;50
11878;748;1;1323;50
11879;748;1;1323;50
11880;748;1;766;50
11881;740;1;1323;400
11882;740;2;1636;300
11883;740;3;1144;250
11884;740;4;1558;200
11885;740;5;3020;170
11886;740;6;2481;140
11887;740;7;99;120
11888;740;8;766;100
11889;740;9;735;80
11890;740;10;2588;70
11891;740;11;2250;60
11892;740;12;2251;50
11893;740;13;2653;40
11894;740;14;1767;30
11895;740;15;1495;25
11896;740;16;3102;20
11897;740;17;1230;15
11898;740;18;1708;10
11899;740;19;2503;5
11900;740;20;687;1
11901;749;1;610;50
11902;749;1;1323;50
11903;749;1;2250;50
11904;749;1;2250;50
11905;749;1;1323;50
11906;749;1;1323;50
11907;749;1;1032;50
11908;749;1;3012;50
11909;749;1;1323;50
11910;741;1;687;400
11911;741;2;3020;300
11912;741;3;1144;250
11913;741;4;2481;200
11914;741;5;2536;170
11915;741;6;3054;140
11916;741;7;1204;120
11917;741;8;1558;100
11918;741;9;2250;80
11919;741;10;20;70
11920;741;11;2010;60
11921;741;12;2663;50
11922;741;13;1495;40
11923;741;14;421;30
11924;741;15;1614;25
11925;741;16;688;20
11926;741;17;613;15
11927;741;18;2328;10
11928;741;19;1109;5
11929;741;20;2955;1
11930;750;1;2250;50
11931;750;1;2250;50
11932;750;1;687;50
11933;750;1;2653;50
11934;750;1;1204;50
11935;750;1;1202;50
11936;750;1;421;50
11937;750;1;2250;50
11938;750;1;1187;50
11939;750;1;3020;50
11940;742;1;2588;400
11941;742;2;421;300
11942;742;3;1118;250
11943;742;4;1883;200
11944;742;5;1495;170
11945;742;6;1192;140
11946;742;7;949;120
11947;742;8;2955;100
11948;742;9;2913;80
11949;742;10;1707;70
11950;742;11;2349;60
11951;742;12;21;50
11952;742;13;613;40
11953;742;14;2536;30
11954;742;15;2250;25
11955;742;16;936;20
11956;742;17;3100;15
11957;742;18;2481;10
11958;742;19;189;5
11959;742;20;1322;1
11960;751;1;1707;50
11961;751;1;2250;50
11962;751;1;2955;50
11963;751;1;2250;50
11964;751;1;2588;50
11965;751;1;2499;50
11966;751;1;3100;50
11967;751;1;1117;50
11968;743;1;486;400
11969;743;2;687;300
11970;743;3;1495;250
11971;743;4;2125;200
11972;743;5;2010;170
11973;743;6;2503;140
11974;743;7;21;120
11975;743;8;2857;100
11976;743;9;642;80
11977;743;10;1575;70
11978;743;11;2859;60
11979;743;12;2588;50
11980;743;13;2494;40
11981;743;14;622;30
11982;743;15;1857;25
11983;743;16;2457;20
11984;743;17;50;15
11985;743;18;1965;10
11986;743;19;1318;5
11987;743;20;2955;1
11988;752;1;2503;50
11989;752;1;1456;50
11990;752;1;1456;50
11991;752;1;2503;50
11992;752;1;2503;50
11993;752;1;687;50
11994;752;1;486;50
11995;752;1;2125;50
11996;744;1;1861;150
11997;744;2;349;115
11998;744;3;2992;95
11999;744;4;1096;75
12000;744;5;2502;65
12001;744;6;1211;55
12002;744;7;1397;47
12003;744;8;2985;40
12004;744;9;1426;33
12005;744;10;1747;28
12006;744;11;2325;23
12007;744;12;1401;18
12008;744;13;1121;14
12009;744;14;2801;11
12010;744;15;319;8
12011;744;16;567;6
12012;744;17;3116;4
12013;744;18;1137;3
12014;744;19;847;2
12015;744;20;1698;1
12016;753;1;2992;15
12017;753;1;1096;15
12018;753;1;1397;15
12019;753;1;1861;15
12020;745;1;2235;150
12021;745;2;1861;115
12022;745;3;94;95
12023;745;4;728;75
12024;745;5;2859;65
12025;745;6;1443;55
12026;745;7;762;47
12027;745;8;3183;40
12028;745;9;215;33
12029;745;10;1785;28
12030;745;11;2046;23
12031;745;12;2502;18
12032;745;13;2870;14
12033;745;14;3171;11
12034;745;15;1749;8
12035;745;16;2307;6
12036;745;17;2715;4
12037;745;18;761;3
12038;745;19;349;2
12039;745;20;788;1
12040;754;1;2992;15
12041;754;1;2235;15
12042;754;1;2235;15
12043;754;1;94;15
12044;793;1;2111;400
12045;793;2;1144;300
12046;793;3;707;250
12047;793;4;3054;200
12048;793;5;623;170
12049;793;6;392;140
12050;793;7;590;120
12051;793;8;2113;100
12052;793;9;513;80
12053;793;10;271;70
12054;793;11;2189;60
12055;793;12;2877;50
12056;793;13;622;40
12057;793;14;1168;30
12058;793;15;573;25
12059;793;16;610;20
12060;793;17;2585;15
12061;793;18;2472;10
12062;793;19;1422;5
12063;793;20;1575;1
12064;803;1;2189;50
12065;803;1;2189;50
12066;803;1;2499;50
12067;803;1;1144;50
12068;803;1;2189;50
12069;803;1;610;50
12070;803;1;2499;50
12071;803;1;1575;50
12072;803;1;2499;50
12073;803;1;1119;50
12074;803;1;2189;50
12075;803;1;2111;50
12076;803;1;1144;50
12077;803;1;2111;50
12078;803;1;1144;50
12079;803;1;610;50
12080;803;1;2189;50
12081;803;1;610;50
12082;794;1;1952;400
12083;794;2;1323;300
12084;794;3;497;250
12085;794;4;1192;200
12086;794;5;2588;170
12087;794;6;513;140
12088;794;7;1297;120
12089;794;8;3112;100
12090;794;9;735;80
12091;794;10;1144;70
12092;794;11;2457;60
12093;794;12;2501;50
12094;794;13;1407;40
12095;794;14;688;30
12096;794;15;1422;25
12097;794;16;697;20
12098;794;17;3054;15
12099;794;18;462;10
12100;794;19;2481;5
12101;794;20;388;1
12102;804;1;1162;50
12103;804;1;1323;50
12104;804;1;1144;50
12105;804;1;2499;50
12106;804;1;1952;50
12107;804;1;1407;50
12108;804;1;1323;50
12109;804;1;1323;50
12110;804;1;1952;50
12111;804;1;1952;50
12112;804;1;3054;50
12113;804;1;1952;50
12114;804;1;1323;50
12115;804;1;3054;50
12116;804;1;1952;50
12117;804;1;1162;50
12118;804;1;1323;50
12119;804;1;735;50
12120;795;1;1952;400
12121;795;2;1323;300
12122;795;3;1204;250
12123;795;4;3054;200
12124;795;5;831;170
12125;795;6;2663;140
12126;795;7;3102;120
12127;795;8;688;100
12128;795;9;735;80
12129;795;10;998;70
12130;795;11;2457;60
12131;795;12;1192;50
12132;795;13;462;40
12133;795;14;497;30
12134;795;15;2481;25
12135;795;16;2588;20
12136;795;17;1407;15
12137;795;18;590;10
12138;795;19;1857;5
12139;795;20;2189;1
12140;805;1;1952;50
12141;805;1;1323;50
12142;805;1;3102;50
12143;805;1;388;50
12144;805;1;610;50
12145;805;1;1204;50
12146;805;1;1952;50
12147;805;1;388;50
12148;805;1;1323;50
12149;805;1;1952;50
12150;805;1;1323;50
12151;805;1;1952;50
12152;805;1;1323;50
12153;805;1;1952;50
12154;805;1;1204;50
12155;805;1;1323;50
12156;796;1;1323;400
12157;796;2;1952;300
12158;796;3;3026;250
12159;796;4;2913;200
12160;796;5;2588;170
12161;796;6;3020;140
12162;796;7;688;120
12163;796;8;2268;100
12164;796;9;735;80
12165;796;10;497;70
12166;796;11;3102;60
12167;796;12;1023;50
12168;796;13;2955;40
12169;796;14;3054;30
12170;796;15;831;25
12171;796;16;1202;20
12172;796;17;998;15
12173;796;18;1664;10
12174;796;19;99;5
12175;796;20;2228;1
12176;806;1;1323;50
12177;806;1;3100;50
12178;806;1;2250;50
12179;806;1;2588;50
12180;806;1;1456;50
12181;806;1;1323;50
12182;806;1;2913;50
12183;806;1;1952;50
12184;806;1;2250;50
12185;806;1;1952;50
12186;806;1;1952;50
12187;806;1;2189;50
12188;806;1;1323;50
12189;806;1;1323;50
12190;806;1;99;50
12191;806;1;2913;50
12192;797;1;1323;400
12193;797;2;1952;300
12194;797;3;831;250
12195;797;4;2955;200
12196;797;5;1192;170
12197;797;6;497;140
12198;797;7;1541;120
12199;797;8;3102;100
12200;797;9;2268;80
12201;797;10;1857;70
12202;797;11;738;60
12203;797;12;2913;50
12204;797;13;688;40
12205;797;14;2588;30
12206;797;15;2228;25
12207;797;16;590;20
12208;797;17;1495;15
12209;797;18;3020;10
12210;797;19;1532;5
12211;797;20;421;1
12212;807;1;2250;50
12213;807;1;1952;50
12214;807;1;2250;50
12215;807;1;1323;50
12216;807;1;1323;50
12217;807;1;1323;50
12218;807;1;497;50
12219;807;1;1323;50
12220;807;1;3054;50
12221;807;1;1323;50
12222;807;1;1952;50
12223;807;1;3054;50
12224;807;1;3102;50
12225;798;1;1323;400
12226;798;2;1952;300
12227;798;3;1204;250
12228;798;4;2857;200
12229;798;5;497;170
12230;798;6;2228;140
12231;798;7;738;120
12232;798;8;1532;100
12233;798;9;687;80
12234;798;10;1575;70
12235;798;11;2653;60
12236;798;12;2703;50
12237;798;13;2881;40
12238;798;14;590;30
12239;798;15;688;25
12240;798;16;1425;20
12241;798;17;2512;15
12242;798;18;50;10
12243;798;19;718;5
12244;798;20;21;1
12245;808;1;1456;50
12246;808;1;2250;50
12247;808;1;2250;50
12248;808;1;687;50
12249;808;1;1558;50
12250;808;1;1323;50
12251;808;1;1323;50
12252;808;1;1323;50
12253;808;1;1323;50
12254;808;1;1323;50
12255;808;1;2250;50
12256;808;1;2250;50
12257;799;1;262;400
12258;799;2;714;300
12259;799;3;1511;250
12260;799;4;1447;200
12261;799;5;2777;170
12262;799;6;806;140
12263;799;7;500;120
12264;799;8;952;100
12265;799;9;3077;80
12266;799;10;1943;70
12267;799;11;821;60
12268;799;12;2579;50
12269;799;13;3139;40
12270;799;14;2752;30
12271;799;15;2908;25
12272;799;16;1720;20
12273;799;17;2186;15
12274;799;18;897;10
12275;799;19;52;5
12276;799;20;1078;1
12277;809;1;1807;50
12278;809;1;2004;50
12279;809;1;500;50
12280;809;1;2075;50
12281;809;1;1807;50
12282;809;1;2004;50
12283;809;1;262;50
12284;809;1;262;50
12285;800;1;714;400
12286;800;2;1816;300
12287;800;3;1511;250
12288;800;4;262;200
12289;800;5;1447;170
12290;800;6;305;140
12291;800;7;500;120
12292;800;8;182;100
12293;800;9;2578;80
12294;800;10;111;70
12295;800;11;2579;60
12296;800;12;501;50
12297;800;13;897;40
12298;800;14;2777;30
12299;800;15;589;25
12300;800;16;844;20
12301;800;17;115;15
12302;800;18;584;10
12303;800;19;2082;5
12304;800;20;1720;1
12305;810;1;1816;50
12306;810;1;1720;50
12307;810;1;1807;50
12308;810;1;3139;50
12309;810;1;2578;50
12310;810;1;875;50
12311;810;1;714;50
12312;810;1;2075;50
12313;801;1;1511;400
12314;801;2;714;300
12315;801;3;2482;250
12316;801;4;952;200
12317;801;5;1021;170
12318;801;6;501;140
12319;801;7;2700;120
12320;801;8;1837;100
12321;801;9;1447;80
12322;801;10;2967;70
12323;801;11;2526;60
12324;801;12;897;50
12325;801;13;2752;40
12326;801;14;2335;30
12327;801;15;1932;25
12328;801;16;1815;20
12329;801;17;3200;15
12330;801;18;1720;10
12331;801;19;1676;5
12332;801;20;79;1
12333;811;1;525;50
12334;811;1;525;50
12335;811;1;714;50
12336;811;1;2526;50
12337;811;1;1507;50
12338;811;1;501;50
12339;811;1;1453;50
12340;811;1;714;50
12341;802;1;2487;400
12342;802;2;714;300
12343;802;3;1511;250
12344;802;4;3198;200
12345;802;5;2335;170
12346;802;6;2700;140
12347;802;7;1447;120
12348;802;8;501;100
12349;802;9;2482;80
12350;802;10;952;70
12351;802;11;238;60
12352;802;12;844;50
12353;802;13;354;40
12354;802;14;1453;30
12355;802;15;1885;25
12356;802;16;1596;20
12357;802;17;3139;15
12358;802;18;3195;10
12359;802;19;2361;5
12360;802;20;974;1
12361;812;1;2004;50
12362;812;1;1943;50
12363;812;1;1807;50
12364;812;1;1807;50
12365;812;1;1596;50
12366;812;1;1885;50
12367;812;1;1885;50
12368;812;1;2487;50
12369;812;1;2487;50
12370;755;1;2558;100
12371;755;2;645;70
12372;755;3;1204;50
12373;755;4;2856;40
12374;755;5;1297;30
12375;755;6;2678;20
12376;755;7;1022;15
12377;755;8;412;10
12378;755;9;1545;5
12379;755;10;3099;1
12380;774;1;2558;10
12381;774;1;645;10
12382;774;1;2558;10
12383;774;1;1204;10
12384;774;1;2558;10
12385;756;1;2558;100
12386;756;2;1204;70
12387;756;3;1570;50
12388;756;4;2259;40
12389;756;5;1883;30
12390;756;6;1708;20
12391;756;7;2874;15
12392;756;8;2703;10
12393;756;9;1558;5
12394;756;10;1654;1
12395;775;1;2558;10
12396;775;1;1204;10
12397;775;1;2558;10
12398;775;1;2558;10
12399;775;1;2558;10
12400;757;1;2558;100
12401;757;2;1883;70
12402;757;3;2856;50
12403;757;4;1366;40
12404;757;5;2002;30
12405;757;6;1558;20
12406;757;7;1708;15
12407;757;8;2632;10
12408;757;9;1293;5
12409;757;10;2108;1
12410;776;1;2558;10
12411;776;1;2558;10
12412;776;1;2002;10
12413;776;1;2558;10
12414;776;1;2558;10
12415;776;1;1558;10
12416;776;1;1162;10
12417;758;1;1204;100
12418;758;2;1558;70
12419;758;3;2856;50
12420;758;4;1293;40
12421;758;5;1032;30
12422;758;6;1708;20
12423;758;7;2132;15
12424;758;8;2108;10
12425;758;9;1883;5
12426;758;10;2558;1
12427;777;1;1204;10
12428;777;1;1204;10
12429;777;1;1032;10
12430;777;1;1032;10
12431;777;1;2558;10
12432;777;1;1204;10
12433;777;1;2856;10
12434;777;1;2653;10
12435;759;1;1558;100
12436;759;2;1293;70
12437;759;3;2703;50
12438;759;4;1575;40
12439;759;5;1322;30
12440;759;6;718;20
12441;759;7;2132;15
12442;759;8;2856;10
12443;759;9;1708;5
12444;759;10;1818;1
12445;778;1;2132;10
12446;778;1;1558;10
12447;778;1;2653;10
12448;778;1;1742;10
12449;778;1;253;10
12450;778;1;1032;10
12451;778;1;1708;10
12452;778;1;1293;10
12453;760;1;1767;150
12454;760;2;2632;115
12455;760;3;1293;95
12456;760;4;2856;75
12457;760;5;1322;65
12458;760;6;3000;55
12459;760;7;740;47
12460;760;8;1818;40
12461;760;9;1742;33
12462;760;10;1516;28
12463;760;11;0;23
12464;760;12;0;18
12465;760;13;0;14
12466;760;14;0;11
12467;760;15;0;8
12468;760;16;0;6
12469;760;17;0;4
12470;760;18;0;3
12471;760;19;0;2
12472;760;20;0;1
12473;779;1;1767;15
12474;779;1;2491;15
12475;779;1;1322;15
12476;779;1;1742;15
12477;779;1;1767;15
12478;779;1;1560;15
12479;779;1;2632;15
12480;779;1;2632;15
12481;779;1;2491;15
12482;779;1;2160;15
12483;761;1;1204;150
12484;761;2;2632;115
12485;761;3;1767;95
12486;761;4;1742;75
12487;761;5;3054;65
12488;761;6;1818;55
12489;761;7;708;47
12490;761;8;2856;40
12491;761;9;942;33
12492;761;10;2125;28
12493;761;11;2916;23
12494;761;12;1433;18
12495;761;13;688;14
12496;761;14;2512;11
12497;761;15;1882;8
12498;761;16;1558;6
12499;761;17;1139;4
12500;761;18;2057;3
12501;761;19;1769;2
12502;761;20;1586;1
12503;780;1;1204;15
12504;780;1;1204;15
12505;780;1;3054;15
12506;780;1;2057;15
12507;780;1;1204;15
12508;780;1;2632;15
12509;780;1;1204;15
12510;780;1;1742;15
12511;780;1;1742;15
12512;780;1;942;15
12513;780;1;1742;15
12514;780;1;1204;15
12515;780;1;2632;15
12516;780;1;2512;15
12517;780;1;1742;15
12518;780;1;1544;15
12519;762;1;1323;150
12520;762;2;708;115
12521;762;3;651;95
12522;762;4;2653;75
12523;762;5;2125;65
12524;762;6;2955;55
12525;762;7;942;47
12526;762;8;1742;40
12527;762;9;1446;33
12528;762;10;1278;28
12529;762;11;1585;23
12530;762;12;1818;18
12531;762;13;949;14
12532;762;14;1367;11
12533;762;15;2632;8
12534;762;16;2292;6
12535;762;17;740;4
12536;762;18;1532;3
12537;762;19;1274;2
12538;762;20;3000;1
12539;781;1;1323;15
12540;781;1;2653;15
12541;781;1;2653;15
12542;781;1;2653;15
12543;781;1;708;15
12544;781;1;2955;15
12545;781;1;1323;15
12546;781;1;2955;15
12547;781;1;1742;15
12548;781;1;1278;15
12549;781;1;2653;15
12550;763;1;942;150
12551;763;2;1204;115
12552;763;3;1322;95
12553;763;4;94;75
12554;763;5;484;65
12555;763;6;1278;55
12556;763;7;708;47
12557;763;8;1300;40
12558;763;9;1541;33
12559;763;10;1495;28
12560;763;11;2653;23
12561;763;12;687;18
12562;763;13;1742;14
12563;763;14;1769;11
12564;763;15;90;8
12565;763;16;1585;6
12566;763;17;1818;4
12567;763;18;1965;3
12568;763;19;2859;2
12569;763;20;2955;1
12570;782;1;1541;15
12571;782;1;687;15
12572;782;1;2653;15
12573;782;1;2653;15
12574;782;1;94;15
12575;782;1;2955;15
12576;782;1;1541;15
12577;782;1;1322;15
12578;782;1;1204;15
12579;782;1;1204;15
12580;782;1;1204;15
12581;764;1;1322;150
12582;764;2;942;115
12583;764;3;1473;95
12584;764;4;708;75
12585;764;5;2558;65
12586;764;6;2653;55
12587;764;7;90;47
12588;764;8;1446;40
12589;764;9;1742;33
12590;764;10;439;28
12591;764;11;2442;23
12592;764;12;1274;18
12593;764;13;2124;14
12594;764;14;1948;11
12595;764;15;426;8
12596;764;16;0;6
12597;764;17;0;4
12598;764;18;0;3
12599;764;19;0;2
12600;764;20;0;1
12601;783;1;1322;15
12602;783;1;1653;15
12603;783;1;2558;15
12604;783;1;90;15
12605;783;1;2558;15
12606;783;1;1322;15
12607;765;1;588;150
12608;765;2;215;115
12609;765;3;1473;95
12610;765;4;708;75
12611;765;5;1322;65
12612;765;6;1274;55
12613;765;7;2859;47
12614;765;8;942;40
12615;765;9;1749;33
12616;765;10;2979;28
12617;765;11;2124;23
12618;765;12;90;18
12619;765;13;828;14
12620;765;14;2002;11
12621;765;15;424;8
12622;765;16;1317;6
12623;765;17;2442;4
12624;765;18;1475;3
12625;765;19;2861;2
12626;765;20;1446;1
12627;784;1;1322;15
12628;784;1;2859;15
12629;784;1;588;15
12630;784;1;708;15
12631;784;1;588;15
12632;784;1;1475;15
12633;766;1;708;400
12634;766;2;1322;300
12635;766;3;1948;250
12636;766;4;588;200
12637;766;5;942;170
12638;766;6;1818;140
12639;766;7;1749;120
12640;766;8;215;100
12641;766;9;1541;80
12642;766;10;2859;70
12643;766;11;1473;60
12644;766;12;762;50
12645;766;13;2550;40
12646;766;14;2546;30
12647;766;15;454;25
12648;766;16;1871;20
12649;766;17;98;15
12650;766;18;1127;10
12651;766;19;2864;5
12652;766;20;1399;1
12653;785;1;2859;50
12654;785;1;762;50
12655;785;1;1473;50
12656;785;1;1653;50
12657;785;1;2550;50
12658;785;1;708;50
12659;785;1;1653;50
12660;785;1;1322;50
12661;785;1;1473;50
12662;785;1;828;50
12663;785;1;708;50
12664;785;1;1948;50
12665;767;1;228;400
12666;767;2;588;300
12667;767;3;708;250
12668;767;4;90;200
12669;767;5;1749;170
12670;767;6;1541;140
12671;767;7;2889;120
12672;767;8;1322;100
12673;767;9;1399;80
12674;767;10;2546;70
12675;767;11;2298;60
12676;767;12;2888;50
12677;767;13;1742;40
12678;767;14;2550;30
12679;767;15;1818;25
12680;767;16;1051;20
12681;767;17;2996;15
12682;767;18;1929;10
12683;767;19;2859;5
12684;767;20;1543;1
12685;786;1;1541;50
12686;786;1;1478;50
12687;786;1;90;50
12688;786;1;1543;50
12689;786;1;1541;50
12690;786;1;228;50
12691;786;1;215;50
12692;786;1;1653;50
12693;786;1;588;50
12694;786;1;1742;50
12695;786;1;1742;50
12696;786;1;588;50
12697;768;1;2546;400
12698;768;2;1749;300
12699;768;3;3191;250
12700;768;4;1399;200
12701;768;5;3039;170
12702;768;6;90;140
12703;768;7;1473;120
12704;768;8;2859;100
12705;768;9;872;80
12706;768;10;2864;70
12707;768;11;1267;60
12708;768;12;2888;50
12709;768;13;1818;40
12710;768;14;1127;30
12711;768;15;2442;25
12712;768;16;0;20
12713;768;17;0;15
12714;768;18;0;10
12715;768;19;0;5
12716;768;20;0;1
12717;787;1;1478;50
12718;787;1;2546;50
12719;787;1;1473;50
12720;787;1;90;50
12721;787;1;1127;50
12722;787;1;1473;50
12723;787;1;3191;50
12724;787;1;1478;50
12725;787;1;3191;50
12726;769;1;1749;400
12727;769;2;3039;300
12728;769;3;728;250
12729;769;4;1323;200
12730;769;5;2546;170
12731;769;6;762;140
12732;769;7;57;120
12733;769;8;2141;100
12734;769;9;1399;80
12735;769;10;94;70
12736;769;11;2864;60
12737;769;12;1541;50
12738;769;13;1948;40
12739;769;14;3191;30
12740;769;15;349;25
12741;769;16;228;20
12742;769;17;2010;15
12743;769;18;1446;10
12744;769;19;90;5
12745;769;20;1473;1
12746;788;1;1749;50
12747;788;1;228;50
12748;788;1;1749;50
12749;788;1;728;50
12750;788;1;1195;50
12751;788;1;2503;50
12752;770;1;1323;400
12753;770;2;1948;300
12754;770;3;3191;250
12755;770;4;90;200
12756;770;5;1749;170
12757;770;6;3039;140
12758;770;7;2996;120
12759;770;8;349;100
12760;770;9;467;80
12761;770;10;174;70
12762;770;11;1399;60
12763;770;12;2711;50
12764;770;13;1593;40
12765;770;14;1541;30
12766;770;15;2546;25
12767;770;16;2864;20
12768;770;17;2870;15
12769;770;18;1868;10
12770;770;19;830;5
12771;770;20;94;1
12772;789;1;228;50
12773;789;1;1323;50
12774;789;1;1948;50
12775;789;1;1323;50
12776;789;1;1399;50
12777;789;1;1195;50
12778;789;1;1749;50
12779;789;1;2711;50
12780;789;1;3191;50
12781;789;1;1323;50
12782;789;1;1195;50
12783;789;1;2503;50
12784;771;1;228;400
12785;771;2;728;300
12786;771;3;2711;250
12787;771;4;1323;200
12788;771;5;504;170
12789;771;6;588;140
12790;771;7;1473;120
12791;771;8;1418;100
12792;771;9;1641;80
12793;771;10;1420;70
12794;771;11;2442;60
12795;771;12;3183;50
12796;771;13;3070;40
12797;771;14;1399;30
12798;771;15;1592;25
12799;771;16;1929;20
12800;771;17;1446;15
12801;771;18;3003;10
12802;771;19;2677;5
12803;771;20;3169;1
12804;790;1;228;50
12805;790;1;1323;50
12806;790;1;728;50
12807;790;1;1323;50
12808;790;1;1323;50
12809;790;1;728;50
12810;790;1;2503;50
12811;790;1;1195;50
12812;790;1;1195;50
12813;790;1;228;50
12814;790;1;1473;50
12815;772;1;1868;400
12816;772;2;1420;300
12817;772;3;2546;250
12818;772;4;2503;200
12819;772;5;1323;170
12820;772;6;3070;140
12821;772;7;228;120
12822;772;8;512;100
12823;772;9;504;80
12824;772;10;467;70
12825;772;11;1399;60
12826;772;12;2516;50
12827;772;13;1559;40
12828;772;14;2677;30
12829;772;15;116;25
12830;772;16;2605;20
12831;772;17;3003;15
12832;772;18;2531;10
12833;772;19;1546;5
12834;772;20;1358;1
12835;791;1;1323;50
12836;791;1;1420;50
12837;791;1;90;50
12838;791;1;1868;50
12839;791;1;512;50
12840;791;1;2503;50
12841;791;1;3003;50
12842;791;1;116;50
12843;791;1;1868;50
12844;791;1;1195;50
12845;791;1;1868;50
12846;791;1;2030;50
12847;791;1;1195;50
12848;773;1;1420;400
12849;773;2;1034;300
12850;773;3;1593;250
12851;773;4;3039;200
12852;773;5;1868;170
12853;773;6;116;140
12854;773;7;2546;120
12855;773;8;2859;100
12856;773;9;1679;80
12857;773;10;467;70
12858;773;11;2222;60
12859;773;12;728;50
12860;773;13;2531;40
12861;773;14;641;30
12862;773;15;1617;25
12863;773;16;2516;20
12864;773;17;204;15
12865;773;18;2523;10
12866;773;19;352;5
12867;773;20;2677;1
12868;792;1;2503;50
12869;792;1;228;50
12870;792;1;1420;50
12871;792;1;2503;50
12872;792;1;1034;50
12873;792;1;1420;50
12874;792;1;204;50
12875;792;1;228;50
12876;792;1;728;50
12877;813;1;1323;100
12878;813;2;2268;70
12879;813;3;1162;50
12880;813;4;1144;40
12881;813;5;3054;30
12882;813;6;3102;20
12883;813;7;2499;15
12884;813;8;0;10
12885;813;9;0;5
12886;813;10;0;1
12887;817;1;2268;10
12888;817;1;2073;10
12889;817;1;948;10
12890;817;1;1323;10
12891;817;1;2499;10
12892;814;1;2268;100
12893;814;2;388;70
12894;814;3;3102;50
12895;814;4;622;40
12896;814;5;735;30
12897;814;6;1075;20
12898;814;7;1141;15
12899;814;8;1276;10
12900;814;9;99;5
12901;814;10;1117;1
12902;818;1;99;10
12903;818;1;2268;10
12904;818;1;2268;10
12905;818;1;2268;10
12906;818;1;2268;10
12907;818;1;2268;10
12908;815;1;3054;100
12909;815;2;388;70
12910;815;3;2268;50
12911;815;4;965;40
12912;815;5;1075;30
12913;815;6;1394;20
12914;815;7;2585;15
12915;815;8;1247;10
12916;815;9;1005;5
12917;815;10;1076;1
12918;819;1;3054;10
12919;819;1;3054;10
12920;819;1;2268;10
12921;819;1;388;10
12922;819;1;1247;10
12923;816;1;3054;100
12924;816;2;1144;70
12925;816;3;1707;50
12926;816;4;1495;40
12927;816;5;1865;30
12928;816;6;1394;20
12929;816;7;1489;15
12930;816;8;2323;10
12931;816;9;515;5
12932;816;10;688;1
12933;820;1;3054;10
12934;820;1;1005;10
12935;820;1;3054;10
12936;820;1;1394;10
12937;820;1;1005;10
12938;820;1;1707;10
12939;821;1;1297;100
12940;821;2;717;70
12941;821;3;1192;50
12942;821;4;2278;40
12943;821;5;399;30
12944;821;6;2481;20
12945;821;7;2501;15
12946;821;8;2856;10
12947;821;9;1391;5
12948;821;10;2457;1
12949;847;1;1162;10
12950;847;1;1192;10
12951;847;1;1297;10
12952;847;1;2457;10
12953;847;1;898;10
12954;822;1;2512;150
12955;822;2;3102;115
12956;822;3;99;95
12957;822;4;2481;75
12958;822;5;1192;65
12959;822;6;2019;55
12960;822;7;2588;47
12961;822;8;1023;40
12962;822;9;313;33
12963;822;10;1767;28
12964;822;11;0;23
12965;822;12;0;18
12966;822;13;0;14
12967;822;14;0;11
12968;822;15;0;8
12969;822;16;0;6
12970;822;17;0;4
12971;822;18;0;3
12972;822;19;0;2
12973;822;20;0;1
12974;848;1;345;15
12975;848;1;99;15
12976;848;1;2512;15
12977;848;1;99;15
12978;848;1;2019;15
12979;848;1;2019;15
12980;823;1;1952;400
12981;823;2;2913;300
12982;823;3;1323;250
12983;823;4;1230;200
12984;823;5;1767;170
12985;823;6;1192;140
12986;823;7;1144;120
12987;823;8;2250;100
12988;823;9;2189;80
12989;823;10;610;70
12990;823;11;2228;60
12991;823;12;735;50
12992;823;13;2857;40
12993;823;14;3102;30
12994;823;15;99;25
12995;823;16;497;20
12996;823;17;2585;15
12997;823;18;718;10
12998;823;19;2058;5
12999;823;20;189;1
13000;849;1;2250;50
13001;849;1;1323;50
13002;849;1;2913;50
13003;849;1;2913;50
13004;849;1;1952;50
13005;849;1;1323;50
13006;849;1;2189;50
13007;849;1;1575;50
13008;824;1;1323;400
13009;824;2;1952;300
13010;824;3;1767;250
13011;824;4;3020;200
13012;824;5;2503;170
13013;824;6;2512;140
13014;824;7;189;120
13015;824;8;2703;100
13016;824;9;1322;80
13017;824;10;497;70
13018;824;11;1144;60
13019;824;12;2457;50
13020;824;13;688;40
13021;824;14;1192;30
13022;824;15;2588;25
13023;824;16;707;20
13024;824;17;99;15
13025;824;18;1139;10
13026;824;19;2228;5
13027;824;20;2856;1
13028;850;1;1323;50
13029;850;1;2457;50
13030;850;1;1323;50
13031;850;1;1323;50
13032;850;1;2503;50
13033;850;1;1192;50
13034;850;1;3033;50
13035;850;1;1323;50
13036;850;1;2503;50
13037;825;1;497;400
13038;825;2;2268;300
13039;825;3;2703;250
13040;825;4;1575;200
13041;825;5;1495;170
13042;825;6;718;140
13043;825;7;2503;120
13044;825;8;2536;100
13045;825;9;2881;80
13046;825;10;2841;70
13047;825;11;189;60
13048;825;12;94;50
13049;825;13;590;40
13050;825;14;2250;30
13051;825;15;613;25
13052;825;16;622;20
13053;825;17;188;15
13054;825;18;2457;10
13055;825;19;1118;5
13056;825;20;271;1
13057;851;1;2250;50
13058;851;1;3054;50
13059;851;1;613;50
13060;851;1;2703;50
13061;851;1;2503;50
13062;851;1;2536;50
13063;851;1;2250;50
13064;851;1;2703;50
13065;851;1;2503;50
13066;826;1;486;400
13067;826;2;1707;300
13068;826;3;718;250
13069;826;4;2913;200
13070;826;5;1192;170
13071;826;6;936;140
13072;826;7;3100;120
13073;826;8;1865;100
13074;826;9;421;80
13075;826;10;1575;70
13076;826;11;1558;60
13077;826;12;94;50
13078;826;13;2632;40
13079;826;14;314;30
13080;826;15;2512;25
13081;826;16;2268;20
13082;826;17;2955;15
13083;826;18;2005;10
13084;826;19;1495;5
13085;826;20;1143;1
13086;852;1;2503;50
13087;852;1;486;50
13088;852;1;2250;50
13089;852;1;1707;50
13090;852;1;622;50
13091;852;1;486;50
13092;852;1;94;50
13093;852;1;486;50
13094;852;1;2268;50
13095;827;1;1707;400
13096;827;2;486;300
13097;827;3;1204;250
13098;827;4;1495;200
13099;827;5;1143;170
13100;827;6;2546;140
13101;827;7;2057;120
13102;827;8;94;100
13103;827;9;2292;80
13104;827;10;33;70
13105;827;11;314;60
13106;827;12;651;50
13107;827;13;497;40
13108;827;14;50;30
13109;827;15;1614;25
13110;827;16;1574;20
13111;827;17;2494;15
13112;827;18;2010;10
13113;827;19;258;5
13114;827;20;2315;1
13115;853;1;1541;50
13116;853;1;94;50
13117;853;1;1204;50
13118;853;1;1614;50
13119;853;1;2057;50
13120;853;1;594;50
13121;853;1;1707;50
13122;853;1;1707;50
13123;853;1;1495;50
13124;828;1;1446;400
13125;828;2;2005;300
13126;828;3;1204;250
13127;828;4;1699;200
13128;828;5;486;170
13129;828;6;1575;140
13130;828;7;1673;120
13131;828;8;1707;100
13132;828;9;2653;80
13133;828;10;708;70
13134;828;11;2014;60
13135;828;12;2913;50
13136;828;13;50;40
13137;828;14;1367;30
13138;828;15;1278;25
13139;828;16;942;20
13140;828;17;2957;15
13141;828;18;2250;10
13142;828;19;590;5
13143;828;20;1300;1
13144;854;1;1456;50
13145;854;1;2250;50
13146;854;1;2005;50
13147;854;1;1204;50
13148;854;1;1916;50
13149;854;1;2250;50
13150;854;1;2503;50
13151;854;1;1495;50
13152;854;1;2653;50
13153;829;1;1323;400
13154;829;2;1707;300
13155;829;3;2057;250
13156;829;4;2546;200
13157;829;5;1143;170
13158;829;6;314;140
13159;829;7;1399;120
13160;829;8;2014;100
13161;829;9;90;80
13162;829;10;942;70
13163;829;11;1446;60
13164;829;12;1699;50
13165;829;13;1300;40
13166;829;14;33;30
13167;829;15;817;25
13168;829;16;3182;20
13169;829;17;486;15
13170;829;18;2859;10
13171;829;19;2588;5
13172;829;20;588;1
13173;855;1;1323;50
13174;855;1;2546;50
13175;855;1;857;50
13176;855;1;682;50
13177;855;1;2057;50
13178;855;1;3182;50
13179;855;1;1707;50
13180;855;1;1143;50
13181;855;1;1323;50
13182;830;1;486;400
13183;830;2;2546;300
13184;830;3;50;250
13185;830;4;1446;200
13186;830;5;2859;170
13187;830;6;1399;140
13188;830;7;762;120
13189;830;8;90;100
13190;830;9;3172;80
13191;830;10;959;70
13192;830;11;708;60
13193;830;12;1749;50
13194;830;13;2235;40
13195;830;14;588;30
13196;830;15;2889;25
13197;830;16;728;20
13198;830;17;942;15
13199;830;18;1700;10
13200;830;19;1322;5
13201;830;20;3070;1
13202;856;1;588;50
13203;856;1;1322;50
13204;856;1;682;50
13205;856;1;1322;50
13206;856;1;3172;50
13207;856;1;1322;50
13208;856;1;2235;50
13209;856;1;1322;50
13210;856;1;486;50
13211;856;1;588;50
13212;831;1;3039;400
13213;831;2;2546;300
13214;831;3;2889;250
13215;831;4;708;200
13216;831;5;588;170
13217;831;6;2859;140
13218;831;7;486;120
13219;831;8;1143;100
13220;831;9;2550;80
13221;831;10;3070;70
13222;831;11;1699;60
13223;831;12;1399;50
13224;831;13;762;40
13225;831;14;2470;30
13226;831;15;3172;25
13227;831;16;812;20
13228;831;17;1700;15
13229;831;18;1446;10
13230;831;19;1322;5
13231;831;20;50;1
13232;857;1;588;50
13233;857;1;1446;50
13234;857;1;1322;50
13235;857;1;2550;50
13236;857;1;1322;50
13237;857;1;1446;50
13238;857;1;486;50
13239;857;1;708;50
13240;857;1;708;50
13241;857;1;588;50
13242;857;1;2546;50
13243;832;1;50;400
13244;832;2;2889;300
13245;832;3;486;250
13246;832;4;1749;200
13247;832;5;762;170
13248;832;6;2546;140
13249;832;7;1143;120
13250;832;8;1700;100
13251;832;9;2057;80
13252;832;10;1541;70
13253;832;11;2298;60
13254;832;12;812;50
13255;832;13;1375;40
13256;832;14;2537;30
13257;832;15;2859;25
13258;832;16;1095;20
13259;832;17;94;15
13260;832;18;2550;10
13261;832;19;1265;5
13262;832;20;1871;1
13263;858;1;2057;50
13264;858;1;3070;50
13265;858;1;2503;50
13266;858;1;1749;50
13267;858;1;486;50
13268;858;1;728;50
13269;858;1;94;50
13270;858;1;2889;50
13271;858;1;2057;50
13272;858;1;1265;50
13273;833;1;1749;400
13274;833;2;2889;300
13275;833;3;1143;250
13276;833;4;2546;200
13277;833;5;2887;170
13278;833;6;486;140
13279;833;7;1700;120
13280;833;8;1473;100
13281;833;9;812;80
13282;833;10;726;70
13283;833;11;1399;60
13284;833;12;1929;50
13285;833;13;3039;40
13286;833;14;710;30
13287;833;15;2442;25
13288;833;16;3070;20
13289;833;17;1374;15
13290;833;18;578;10
13291;833;19;255;5
13292;833;20;2923;1
13293;859;1;2887;50
13294;859;1;1195;50
13295;859;1;3100;50
13296;859;1;2889;50
13297;859;1;1195;50
13298;859;1;2887;50
13299;859;1;3100;50
13300;859;1;1749;50
13301;859;1;3100;50
13302;859;1;1749;50
13303;859;1;3100;50
13304;859;1;3100;50
13305;834;1;959;400
13306;834;2;3039;300
13307;834;3;486;250
13308;834;4;1107;200
13309;834;5;2870;170
13310;834;6;1929;140
13311;834;7;1541;120
13312;834;8;2141;100
13313;834;9;2546;80
13314;834;10;2588;70
13315;834;11;812;60
13316;834;12;1446;50
13317;834;13;1749;40
13318;834;14;3034;30
13319;834;15;1691;25
13320;834;16;578;20
13321;834;17;2442;15
13322;834;18;1674;10
13323;834;19;2235;5
13324;834;20;2672;1
13325;860;1;1107;50
13326;860;1;1016;50
13327;860;1;959;50
13328;860;1;872;50
13329;860;1;486;50
13330;860;1;2870;50
13331;860;1;1107;50
13332;860;1;2141;50
13333;860;1;959;50
13334;860;1;3172;50
13335;860;1;486;50
13336;860;1;2870;50
13337;835;1;1868;400
13338;835;2;1107;300
13339;835;3;1143;250
13340;835;4;2996;200
13341;835;5;872;170
13342;835;6;3039;140
13343;835;7;578;120
13344;835;8;2141;100
13345;835;9;1044;80
13346;835;10;2546;70
13347;835;11;2679;60
13348;835;12;2216;50
13349;835;13;1830;40
13350;835;14;2726;30
13351;835;15;2864;25
13352;835;16;3034;20
13353;835;17;1929;15
13354;835;18;1691;10
13355;835;19;1887;5
13356;835;20;1269;1
13357;861;1;1107;50
13358;861;1;2503;50
13359;861;1;1107;50
13360;861;1;2503;50
13361;861;1;45;50
13362;861;1;1107;50
13363;861;1;228;50
13364;861;1;2996;50
13365;861;1;512;50
13366;861;1;1143;50
13367;861;1;1195;50
13368;861;1;2216;50
13369;836;1;1107;400
13370;836;2;2216;300
13371;836;3;1044;250
13372;836;4;1143;200
13373;836;5;2943;170
13374;836;6;228;140
13375;836;7;1418;120
13376;836;8;1879;100
13377;836;9;578;80
13378;836;10;1868;70
13379;836;11;87;60
13380;836;12;512;50
13381;836;13;3039;40
13382;836;14;2677;30
13383;836;15;2870;25
13384;836;16;2889;20
13385;836;17;641;15
13386;836;18;2141;10
13387;836;19;3162;5
13388;836;20;294;1
13389;862;1;1107;50
13390;862;1;2503;50
13391;862;1;1044;50
13392;862;1;1195;50
13393;862;1;2503;50
13394;862;1;1887;50
13395;862;1;1107;50
13396;862;1;228;50
13397;862;1;2943;50
13398;862;1;1195;50
13399;862;1;588;50
13400;837;1;1868;400
13401;837;2;1420;300
13402;837;3;2870;250
13403;837;4;2420;200
13404;837;5;762;170
13405;837;6;512;140
13406;837;7;2424;120
13407;837;8;962;100
13408;837;9;2672;80
13409;837;10;641;70
13410;837;11;1446;60
13411;837;12;1559;50
13412;837;13;2943;40
13413;837;14;2677;30
13414;837;15;2859;25
13415;837;16;3059;20
13416;837;17;1589;15
13417;837;18;1592;10
13418;837;19;1143;5
13419;837;20;3034;1
13420;863;1;228;50
13421;863;1;2503;50
13422;863;1;762;50
13423;863;1;2420;50
13424;863;1;2503;50
13425;863;1;2210;50
13426;863;1;228;50
13427;863;1;228;50
13428;863;1;1887;50
13429;863;1;2420;50
13430;863;1;2711;50
13431;863;1;1420;50
13432;838;1;1420;400
13433;838;2;3039;300
13434;838;3;762;250
13435;838;4;1195;200
13436;838;5;2870;170
13437;838;6;2216;140
13438;838;7;2676;120
13439;838;8;1341;100
13440;838;9;2546;80
13441;838;10;87;70
13442;838;11;1934;60
13443;838;12;1399;50
13444;838;13;1679;40
13445;838;14;1143;30
13446;838;15;1887;25
13447;838;16;1634;20
13448;838;17;2429;15
13449;838;18;1719;10
13450;838;19;2776;5
13451;838;20;2516;1
13452;864;1;1195;50
13453;864;1;486;50
13454;864;1;1195;50
13455;864;1;1719;50
13456;864;1;1195;50
13457;864;1;1420;50
13458;864;1;2709;50
13459;864;1;762;50
13460;864;1;294;50
13461;864;1;2503;50
13462;839;1;1420;400
13463;839;2;1868;300
13464;839;3;2870;250
13465;839;4;2216;200
13466;839;5;3003;170
13467;839;6;3039;140
13468;839;7;2429;120
13469;839;8;1552;100
13470;839;9;204;80
13471;839;10;1399;70
13472;839;11;2302;60
13473;839;12;891;50
13474;839;13;1917;40
13475;839;14;2676;30
13476;839;15;1049;25
13477;839;16;2984;20
13478;839;17;3109;15
13479;839;18;578;10
13480;839;19;1968;5
13481;839;20;2341;1
13482;865;1;2503;50
13483;865;1;2676;50
13484;865;1;1868;50
13485;865;1;1049;50
13486;865;1;1917;50
13487;865;1;1195;50
13488;865;1;2686;50
13489;865;1;959;50
13490;865;1;186;50
13491;865;1;2686;50
13492;865;1;2870;50
13493;865;1;1195;50
13494;840;1;3003;400
13495;840;2;1420;300
13496;840;3;1593;250
13497;840;4;1617;200
13498;840;5;1868;170
13499;840;6;762;140
13500;840;7;2523;120
13501;840;8;3039;100
13502;840;9;2870;80
13503;840;10;708;70
13504;840;11;767;60
13505;840;12;204;50
13506;840;13;1049;40
13507;840;14;2429;30
13508;840;15;907;25
13509;840;16;2973;20
13510;840;17;812;15
13511;840;18;620;10
13512;840;19;603;5
13513;840;20;3001;1
13514;866;1;97;50
13515;866;1;708;50
13516;866;1;3003;50
13517;866;1;2709;50
13518;866;1;1049;50
13519;866;1;708;50
13520;866;1;2531;50
13521;866;1;2168;50
13522;866;1;3003;50
13523;866;1;2870;50
13524;866;1;186;50
13525;841;1;116;400
13526;841;2;3003;300
13527;841;3;1617;250
13528;841;4;1868;200
13529;841;5;204;170
13530;841;6;2216;140
13531;841;7;2973;120
13532;841;8;2889;100
13533;841;9;907;80
13534;841;10;767;70
13535;841;11;751;60
13536;841;12;1793;50
13537;841;13;554;40
13538;841;14;2640;30
13539;841;15;1593;25
13540;841;16;1859;20
13541;841;17;2043;15
13542;841;18;1881;10
13543;841;19;1490;5
13544;841;20;2523;1
13545;867;1;554;50
13546;867;1;2406;50
13547;867;1;751;50
13548;867;1;2406;50
13549;867;1;116;50
13550;867;1;1793;50
13551;867;1;1490;50
13552;867;1;2406;50
13553;867;1;3161;50
13554;867;1;1490;50
13555;867;1;3003;50
13556;842;1;116;400
13557;842;2;2870;300
13558;842;3;3003;250
13559;842;4;2523;200
13560;842;5;762;170
13561;842;6;1881;140
13562;842;7;1420;120
13563;842;8;600;100
13564;842;9;2889;80
13565;842;10;2114;70
13566;842;11;1593;60
13567;842;12;767;50
13568;842;13;2876;40
13569;842;14;1592;30
13570;842;15;2973;25
13571;842;16;751;20
13572;842;17;16;15
13573;842;18;1386;10
13574;842;19;2043;5
13575;842;20;129;1
13576;868;1;2523;50
13577;868;1;1793;50
13578;868;1;1386;50
13579;868;1;1195;50
13580;868;1;2523;50
13581;868;1;2406;50
13582;868;1;2424;50
13583;868;1;1079;50
13584;868;1;2870;50
13585;868;1;1195;50
13586;843;1;2870;400
13587;843;2;3003;300
13588;843;3;1420;250
13589;843;4;2339;200
13590;843;5;116;170
13591;843;6;2004;140
13592;843;7;2523;120
13593;843;8;1386;100
13594;843;9;2114;80
13595;843;10;762;70
13596;843;11;3161;60
13597;843;12;161;50
13598;843;13;2889;40
13599;843;14;2761;30
13600;843;15;1592;25
13601;843;16;2043;20
13602;843;17;167;15
13603;843;18;1793;10
13604;843;19;2993;5
13605;843;20;600;1
13606;869;1;554;50
13607;869;1;2004;50
13608;869;1;2004;50
13609;869;1;2004;50
13610;869;1;959;50
13611;869;1;1751;50
13612;869;1;2004;50
13613;869;1;1420;50
13614;869;1;3003;50
13615;869;1;1195;50
13616;844;1;2870;400
13617;844;2;1420;300
13618;844;3;3003;250
13619;844;4;2340;200
13620;844;5;1221;170
13621;844;6;2740;140
13622;844;7;600;120
13623;844;8;116;100
13624;844;9;1751;80
13625;844;10;2561;70
13626;844;11;2216;60
13627;844;12;907;50
13628;844;13;880;40
13629;844;14;2389;30
13630;844;15;2984;25
13631;844;16;571;20
13632;844;17;447;15
13633;844;18;762;10
13634;844;19;2114;5
13635;844;20;3161;1
13636;870;1;1552;50
13637;870;1;2340;50
13638;870;1;3191;50
13639;870;1;2870;50
13640;870;1;1195;50
13641;870;1;3091;50
13642;870;1;3191;50
13643;870;1;1195;50
13644;870;1;1420;50
13645;845;1;600;400
13646;845;2;3003;300
13647;845;3;2004;250
13648;845;4;1617;200
13649;845;5;2340;170
13650;845;6;116;140
13651;845;7;2561;120
13652;845;8;2984;100
13653;845;9;1793;80
13654;845;10;1751;70
13655;845;11;2870;60
13656;845;12;2889;50
13657;845;13;2936;40
13658;845;14;829;30
13659;845;15;1081;25
13660;845;16;394;20
13661;845;17;880;15
13662;845;18;863;10
13663;845;19;2389;5
13664;845;20;2222;1
13665;871;1;1751;50
13666;871;1;1195;50
13667;871;1;1195;50
13668;871;1;2004;50
13669;871;1;1617;50
13670;871;1;3003;50
13671;871;1;2004;50
13672;871;1;2004;50
13673;871;1;1195;50
13674;846;1;885;400
13675;846;2;1921;300
13676;846;3;880;250
13677;846;4;600;200
13678;846;5;262;170
13679;846;6;2561;140
13680;846;7;1531;120
13681;846;8;2004;100
13682;846;9;1793;80
13683;846;10;3003;70
13684;846;11;161;60
13685;846;12;546;50
13686;846;13;1727;40
13687;846;14;1751;30
13688;846;15;2740;25
13689;846;16;3091;20
13690;846;17;2936;15
13691;846;18;448;10
13692;846;19;447;5
13693;846;20;767;1
13694;872;1;2561;50
13695;872;1;829;50
13696;872;1;1195;50
13697;872;1;1921;50
13698;872;1;1531;50
13699;872;1;1195;50
13700;872;1;885;50
13701;872;1;2004;50
13702;872;1;1195;50
13703;873;1;2512;100
13704;873;2;1323;70
13705;873;3;3054;50
13706;873;4;699;40
13707;873;5;2457;30
13708;873;6;1767;20
13709;873;7;735;15
13710;873;8;2663;10
13711;873;9;1144;5
13712;873;10;2251;1
13713;876;1;1323;10
13714;876;1;2189;10
13715;876;1;1323;10
13716;876;1;1134;10
13717;876;1;1456;10
13718;876;1;2189;10
13719;874;1;2512;100
13720;874;2;515;70
13721;874;3;544;50
13722;874;4;1323;40
13723;874;5;2857;30
13724;874;6;2501;20
13725;874;7;1075;15
13726;874;8;1141;10
13727;874;9;2699;5
13728;874;10;3100;1
13729;877;1;2663;10
13730;877;1;1323;10
13731;877;1;515;10
13732;877;1;1323;10
13733;877;1;2229;10
13734;877;1;688;10
13735;875;1;1323;100
13736;875;2;735;70
13737;875;3;688;50
13738;875;4;3102;40
13739;875;5;3054;30
13740;875;6;20;20
13741;875;7;497;15
13742;875;8;515;10
13743;875;9;1394;5
13744;875;10;2251;1
13745;878;1;1323;10
13746;878;1;1323;10
13747;878;1;735;10
13748;878;1;1323;10
13749;878;1;1323;10
13750;878;1;3054;10
13751;879;1;2499;100
13752;879;2;2971;70
13753;879;3;1456;50
13754;879;4;1756;40
13755;879;5;610;30
13756;879;6;2251;20
13757;879;7;2229;15
13758;879;8;2250;10
13759;879;9;1075;5
13760;879;10;1076;1
13761;887;1;2971;10
13762;887;1;2250;10
13763;887;1;2971;10
13764;880;1;2189;100
13765;880;2;1202;70
13766;880;3;2250;50
13767;880;4;2499;40
13768;880;5;610;30
13769;880;6;1456;20
13770;880;7;1144;15
13771;880;8;1141;10
13772;880;9;2229;5
13773;880;10;855;1
13774;888;1;2189;10
13775;888;1;2250;10
13776;888;1;2499;10
13777;881;1;2229;100
13778;881;2;1202;70
13779;881;3;2481;50
13780;881;4;2250;40
13781;881;5;613;30
13782;881;6;2663;20
13783;881;7;1456;15
13784;881;8;1394;10
13785;881;9;1489;5
13786;881;10;2499;1
13787;889;1;2229;10
13788;889;1;2251;10
13789;889;1;1489;10
13790;882;1;2251;100
13791;882;2;2481;70
13792;882;3;1707;50
13793;882;4;3033;40
13794;882;5;2229;30
13795;882;6;21;20
13796;882;7;613;15
13797;882;8;2010;10
13798;882;9;1394;5
13799;882;10;1152;1
13800;890;1;2229;10
13801;890;1;3033;10
13802;890;1;2251;10
13803;883;1;1707;100
13804;883;2;2512;70
13805;883;3;2703;50
13806;883;4;2499;40
13807;883;5;613;30
13808;883;6;21;20
13809;883;7;1394;15
13810;883;8;94;10
13811;883;9;2250;5
13812;883;10;2857;1
13813;891;1;2250;10
13814;891;1;2499;10
13815;891;1;1707;10
13816;891;1;1707;10
13817;884;1;1707;100
13818;884;2;1207;70
13819;884;3;2250;50
13820;884;4;1204;40
13821;884;5;2046;30
13822;884;6;1394;20
13823;884;7;1446;15
13824;884;8;2251;10
13825;884;9;2738;5
13826;884;10;1939;1
13827;892;1;1707;10
13828;892;1;1707;10
13829;892;1;2250;10
13830;892;1;1204;10
13831;885;1;1322;100
13832;885;2;687;70
13833;885;3;1653;50
13834;885;4;1207;40
13835;885;5;2498;30
13836;885;6;1577;20
13837;885;7;2251;15
13838;885;8;2235;10
13839;885;9;1939;5
13840;885;10;1211;1
13841;893;1;687;10
13842;893;1;1322;10
13843;893;1;1653;10
13844;893;1;1322;10
13845;886;1;1207;100
13846;886;2;1653;70
13847;886;3;496;50
13848;886;4;2421;40
13849;886;5;3183;30
13850;886;6;2656;20
13851;886;7;1117;15
13852;886;8;942;10
13853;886;9;599;5
13854;886;10;1399;1
13855;894;1;90;10
13856;894;1;496;10
13857;894;1;1207;10
13858;894;1;2656;10
13859;895;1;1784;100
13860;895;2;1023;70
13861;895;3;2268;50
13862;895;4;949;40
13863;895;5;20;30
13864;895;6;2506;20
13865;895;7;628;15
13866;895;8;1756;10
13867;895;9;2293;5
13868;895;10;194;1
13869;907;1;3090;10
13870;907;1;1784;10
13871;907;1;2268;10
13872;907;1;2268;10
13873;896;1;2104;100
13874;896;2;1075;70
13875;896;3;515;50
13876;896;4;2652;40
13877;896;5;497;30
13878;896;6;271;20
13879;896;7;1247;15
13880;896;8;2251;10
13881;896;9;2585;5
13882;896;10;564;1
13883;908;1;515;10
13884;908;1;20;10
13885;908;1;1247;10
13886;908;1;1247;10
13887;908;1;2104;10
13888;897;1;1323;100
13889;897;2;1614;70
13890;897;3;3102;50
13891;897;4;1144;40
13892;897;5;497;30
13893;897;6;1394;20
13894;897;7;855;15
13895;897;8;389;10
13896;897;9;2848;5
13897;897;10;1745;1
13898;909;1;1323;10
13899;909;1;1247;10
13900;909;1;1323;10
13901;909;1;1323;10
13902;909;1;1323;10
13903;898;1;1323;100
13904;898;2;622;70
13905;898;3;1118;50
13906;898;4;497;40
13907;898;5;688;30
13908;898;6;2499;20
13909;898;7;1745;15
13910;898;8;201;10
13911;898;9;549;5
13912;898;10;1143;1
13913;910;1;1323;10
13914;910;1;1323;10
13915;910;1;1323;10
13916;910;1;1323;10
13917;910;1;1323;10
13918;899;1;2611;150
13919;899;2;33;115
13920;899;3;1785;95
13921;899;4;1247;75
13922;899;5;1142;65
13923;899;6;2318;55
13924;899;7;1195;47
13925;899;8;651;40
13926;899;9;1821;33
13927;899;10;2454;28
13928;899;11;1429;23
13929;899;12;2850;18
13930;899;13;1636;14
13931;899;14;3101;11
13932;899;15;1975;8
13933;899;16;0;6
13934;899;17;0;4
13935;899;18;0;3
13936;899;19;0;2
13937;899;20;0;1
13938;911;1;2611;15
13939;911;1;1636;15
13940;911;1;33;15
13941;911;1;1195;15
13942;911;1;2611;15
13943;900;1;1096;150
13944;900;2;2301;115
13945;900;3;622;95
13946;900;4;1495;75
13947;900;5;857;65
13948;900;6;1707;55
13949;900;7;1916;47
13950;900;8;2957;40
13951;900;9;33;33
13952;900;10;2235;28
13953;900;11;1865;23
13954;900;12;2014;18
13955;900;13;2250;14
13956;900;14;1745;11
13957;900;15;1410;8
13958;900;16;1411;6
13959;900;17;36;4
13960;900;18;1207;3
13961;900;19;374;2
13962;900;20;201;1
13963;912;1;2250;15
13964;912;1;2251;15
13965;912;1;1707;15
13966;912;1;1916;15
13967;912;1;1707;15
13968;901;1;1323;150
13969;901;2;2268;115
13970;901;3;2235;95
13971;901;4;2128;75
13972;901;5;1143;65
13973;901;6;486;55
13974;901;7;50;47
13975;901;8;1095;40
13976;901;9;2546;33
13977;901;10;1195;28
13978;901;11;1096;23
13979;901;12;2250;18
13980;901;13;1399;14
13981;901;14;1673;11
13982;901;15;2913;8
13983;901;16;3070;6
13984;901;17;816;4
13985;901;18;345;3
13986;901;19;1919;2
13987;901;20;201;1
13988;913;1;2235;15
13989;913;1;2268;15
13990;913;1;1323;15
13991;913;1;2235;15
13992;913;1;2235;15
13993;913;1;1323;15
13994;902;1;2889;150
13995;902;2;497;115
13996;902;3;1323;95
13997;902;4;2887;75
13998;902;5;50;65
13999;902;6;1700;55
14000;902;7;762;47
14001;902;8;2235;40
14002;902;9;486;33
14003;902;10;1143;28
14004;902;11;1614;23
14005;902;12;94;18
14006;902;13;2546;14
14007;902;14;2014;11
14008;902;15;3070;8
14009;902;16;728;6
14010;902;17;1399;4
14011;902;18;467;3
14012;902;19;682;2
14013;902;20;1488;1
14014;914;1;1323;15
14015;914;1;2887;15
14016;914;1;2887;15
14017;914;1;1143;15
14018;914;1;2889;15
14019;903;1;1143;150
14020;903;2;50;115
14021;903;3;1095;95
14022;903;4;1195;75
14023;903;5;497;65
14024;903;6;2899;55
14025;903;7;1323;47
14026;903;8;2887;40
14027;903;9;2889;33
14028;903;10;2046;28
14029;903;11;1673;23
14030;903;12;2829;18
14031;903;13;2546;14
14032;903;14;1785;11
14033;903;15;1674;8
14034;903;16;1496;6
14035;903;17;2057;4
14036;903;18;1975;3
14037;903;19;762;2
14038;903;20;2014;1
14039;915;1;3065;15
14040;915;1;1195;15
14041;915;1;1143;15
14042;915;1;2046;15
14043;915;1;1323;15
14044;904;1;2057;150
14045;904;2;1323;115
14046;904;3;2889;95
14047;904;4;497;75
14048;904;5;50;65
14049;904;6;1265;55
14050;904;7;1095;47
14051;904;8;3191;40
14052;904;9;1143;33
14053;904;10;2887;28
14054;904;11;1785;23
14055;904;12;1399;18
14056;904;13;2957;14
14057;904;14;2831;11
14058;904;15;2899;8
14059;904;16;2888;6
14060;904;17;369;4
14061;904;18;3172;3
14062;904;19;2023;2
14063;904;20;2014;1
14064;916;1;2057;15
14065;916;1;2057;15
14066;916;1;2057;15
14067;916;1;2899;15
14068;905;1;3191;150
14069;905;2;3169;115
14070;905;3;1323;95
14071;905;4;2887;75
14072;905;5;728;65
14073;905;6;812;55
14074;905;7;710;47
14075;905;8;1143;40
14076;905;9;1420;33
14077;905;10;2235;28
14078;905;11;45;23
14079;905;12;1674;18
14080;905;13;1399;14
14081;905;14;3070;11
14082;905;15;578;8
14083;905;16;2650;6
14084;905;17;1401;4
14085;905;18;2899;3
14086;905;19;1975;2
14087;905;20;2023;1
14088;917;1;1089;15
14089;917;1;728;15
14090;917;1;3191;15
14091;917;1;2887;15
14092;906;1;1195;150
14093;906;2;3169;115
14094;906;3;2887;95
14095;906;4;872;75
14096;906;5;3034;65
14097;906;6;1044;55
14098;906;7;215;47
14099;906;8;3039;40
14100;906;9;1420;33
14101;906;10;951;28
14102;906;11;1143;23
14103;906;12;906;18
14104;906;13;2859;14
14105;906;14;2532;11
14106;906;15;962;8
14107;906;16;1399;6
14108;906;17;1211;4
14109;906;18;2546;3
14110;906;19;2323;2
14111;906;20;454;1
14112;918;1;1195;15
14113;918;1;1195;15
14114;918;1;1323;15
14115;918;1;3065;15
14116;919;1;193;100
14117;919;2;2446;70
14118;919;3;177;50
14119;919;4;1171;40
14120;919;5;765;30
14121;919;6;1391;20
14122;919;7;2441;15
14123;919;8;1990;10
14124;919;9;461;5
14125;919;10;1963;1
14126;934;1;193;10
14127;934;1;193;10
14128;934;1;193;10
14129;920;1;1230;100
14130;920;2;1636;70
14131;920;3;2910;50
14132;920;4;1557;40
14133;920;5;189;30
14134;920;6;2268;20
14135;920;7;2503;15
14136;920;8;617;10
14137;920;9;1019;5
14138;920;10;2661;1
14139;935;1;2268;10
14140;935;1;1230;10
14141;935;1;2503;10
14142;921;1;2058;100
14143;921;2;2173;70
14144;921;3;1990;50
14145;921;4;1997;40
14146;921;5;940;30
14147;921;6;2087;20
14148;921;7;461;15
14149;921;8;2774;10
14150;921;9;2507;5
14151;921;10;862;1
14152;936;1;2058;10
14153;936;1;2058;10
14154;936;1;2058;10
14155;922;1;862;100
14156;922;2;2507;70
14157;922;3;664;50
14158;922;4;2173;40
14159;922;5;940;30
14160;922;6;899;20
14161;922;7;1891;15
14162;922;8;460;10
14163;922;9;2087;5
14164;922;10;2240;1
14165;937;1;3168;10
14166;937;1;862;10
14167;937;1;3168;10
14168;923;1;1495;100
14169;923;2;1117;70
14170;923;3;1187;50
14171;923;4;1391;40
14172;923;5;366;30
14173;923;6;930;20
14174;923;7;1040;15
14175;923;8;2197;10
14176;923;9;2989;5
14177;923;10;1287;1
14178;938;1;1495;10
14179;938;1;1117;10
14180;938;1;1495;10
14181;924;1;1495;100
14182;924;2;788;70
14183;924;3;778;50
14184;924;4;3034;40
14185;924;5;936;30
14186;924;6;420;20
14187;924;7;2002;15
14188;924;8;1118;10
14189;924;9;566;5
14190;924;10;1879;1
14191;939;1;1495;10
14192;939;1;788;10
14193;939;1;2002;10
14194;925;1;1107;100
14195;925;2;3171;70
14196;925;3;1055;50
14197;925;4;1699;40
14198;925;5;2055;30
14199;925;6;1167;20
14200;925;7;3004;15
14201;925;8;1970;10
14202;925;9;2201;5
14203;925;10;1091;1
14204;940;1;3004;10
14205;940;1;1107;10
14206;940;1;3171;10
14207;926;1;1700;100
14208;926;2;1836;70
14209;926;3;1187;50
14210;926;4;566;40
14211;926;5;2141;30
14212;926;6;2873;20
14213;926;7;778;15
14214;926;8;744;10
14215;926;9;951;5
14216;926;10;1966;1
14217;941;1;1700;10
14218;941;1;778;10
14219;941;1;744;10
14220;941;1;677;10
14221;927;1;1107;100
14222;927;2;2790;70
14223;927;3;742;50
14224;927;4;422;40
14225;927;5;744;30
14226;927;6;1254;20
14227;927;7;566;15
14228;927;8;1701;10
14229;927;9;1310;5
14230;927;10;265;1
14231;942;1;1107;10
14232;942;1;1107;10
14233;942;1;1107;10
14234;942;1;792;10
14235;928;1;1700;100
14236;928;2;2924;70
14237;928;3;726;50
14238;928;4;3035;40
14239;928;5;744;30
14240;928;6;422;20
14241;928;7;2943;15
14242;928;8;764;10
14243;928;9;2938;5
14244;928;10;2780;1
14245;943;1;726;10
14246;943;1;1700;10
14247;943;1;1700;10
14248;943;1;1397;10
14249;929;1;1700;100
14250;929;2;615;70
14251;929;3;3182;50
14252;929;4;1580;40
14253;929;5;3070;30
14254;929;6;2923;20
14255;929;7;422;15
14256;929;8;2397;10
14257;929;9;1914;5
14258;929;10;2715;1
14259;944;1;3100;10
14260;944;1;1700;10
14261;944;1;1700;10
14262;944;1;3100;10
14263;930;1;2943;100
14264;930;2;2715;70
14265;930;3;1323;50
14266;930;4;2201;40
14267;930;5;1269;30
14268;930;6;467;20
14269;930;7;401;15
14270;930;8;2134;10
14271;930;9;3162;5
14272;930;10;400;1
14273;945;1;2943;10
14274;945;1;2943;10
14275;945;1;1914;10
14276;945;1;23;10
14277;945;1;2134;10
14278;931;1;1107;100
14279;931;2;2881;70
14280;931;3;2714;50
14281;931;4;1700;40
14282;931;5;1269;30
14283;931;6;1487;20
14284;931;7;3100;15
14285;931;8;2304;10
14286;931;9;3162;5
14287;931;10;2715;1
14288;946;1;2881;10
14289;946;1;2422;10
14290;946;1;2666;10
14291;946;1;1107;10
14292;946;1;2666;10
14293;932;1;1107;100
14294;932;2;3182;70
14295;932;3;2943;50
14296;932;4;1914;40
14297;932;5;97;30
14298;932;6;3171;20
14299;932;7;1700;15
14300;932;8;2339;10
14301;932;9;1589;5
14302;932;10;2687;1
14303;947;1;1107;10
14304;947;1;1107;10
14305;947;1;1107;10
14306;947;1;1107;10
14307;947;1;3182;10
14308;947;1;1914;10
14309;933;1;3035;100
14310;933;2;1341;70
14311;933;3;2984;50
14312;933;4;2943;40
14313;933;5;2973;30
14314;933;6;234;20
14315;933;7;2698;15
14316;933;8;359;10
14317;933;9;3003;5
14318;933;10;1580;1
14319;948;1;3035;10
14320;948;1;2943;10
14321;948;1;3003;10
14322;948;1;3035;10
14323;948;1;1580;10
14324;949;1;1323;100
14325;949;2;1192;70
14326;949;3;497;50
14327;949;4;2457;40
14328;949;5;2588;30
14329;949;6;1857;20
14330;949;7;2104;15
14331;949;8;1672;10
14332;949;9;2602;5
14333;949;10;998;1
14334;951;1;1323;10
14335;951;1;1323;10
14336;951;1;1323;10
14337;951;1;1323;10
14338;951;1;1323;10
14339;951;1;1323;10
14340;951;1;1323;10
14341;951;1;1323;10
14342;951;1;497;10
14343;950;1;1323;100
14344;950;2;497;70
14345;950;3;3102;50
14346;950;4;2600;40
14347;950;5;1139;30
14348;950;6;2602;20
14349;950;7;1764;15
14350;950;8;388;10
14351;950;9;1072;5
14352;950;10;1654;1
14353;952;1;1323;10
14354;952;1;1323;10
14355;952;1;1323;10
14356;952;1;3102;10
14357;952;1;1323;10
14358;952;1;1323;10
14359;952;1;1323;10
14360;952;1;497;10
14361;953;1;2457;100
14362;953;2;2663;70
14363;953;3;2501;50
14364;953;4;452;40
14365;953;5;2447;30
14366;953;6;1242;20
14367;953;7;570;15
14368;953;8;1245;10
14369;953;9;2631;5
14370;953;10;367;1
14371;964;1;2457;10
14372;964;1;2457;10
14373;964;1;2501;10
14374;954;1;1323;100
14375;954;2;486;70
14376;954;3;497;50
14377;954;4;1139;40
14378;954;5;515;30
14379;954;6;2457;20
14380;954;7;2322;15
14381;954;8;2249;10
14382;954;9;2453;5
14383;954;10;177;1
14384;965;1;1323;10
14385;965;1;1323;10
14386;965;1;1323;10
14387;955;1;1323;100
14388;955;2;1952;70
14389;955;3;1707;50
14390;955;4;497;40
14391;955;5;2250;30
14392;955;6;2251;20
14393;955;7;486;15
14394;955;8;613;10
14395;955;9;998;5
14396;955;10;2228;1
14397;966;1;2250;10
14398;966;1;1323;10
14399;966;1;2250;10
14400;956;1;1558;100
14401;956;2;486;70
14402;956;3;2250;50
14403;956;4;1495;40
14404;956;5;618;30
14405;956;6;718;20
14406;956;7;2611;15
14407;956;8;2841;10
14408;956;9;949;5
14409;956;10;1425;1
14410;967;1;2250;10
14411;967;1;2250;10
14412;967;1;1558;10
14413;967;1;2250;10
14414;957;1;486;100
14415;957;2;2057;70
14416;957;3;942;50
14417;957;4;687;40
14418;957;5;2250;30
14419;957;6;1300;20
14420;957;7;497;15
14421;957;8;949;10
14422;957;9;94;5
14423;957;10;1478;1
14424;968;1;2250;10
14425;968;1;942;10
14426;968;1;2057;10
14427;968;1;2841;10
14428;958;1;1204;150
14429;958;2;1707;115
14430;958;3;50;95
14431;958;4;1323;75
14432;958;5;1861;65
14433;958;6;2235;55
14434;958;7;33;47
14435;958;8;942;40
14436;958;9;2250;33
14437;958;10;651;28
14438;958;11;2653;23
14439;958;12;1096;18
14440;958;13;2957;14
14441;958;14;3034;11
14442;958;15;1965;8
14443;958;16;622;6
14444;958;17;1673;4
14445;958;18;708;3
14446;958;19;374;2
14447;958;20;349;1
14448;969;1;1707;15
14449;969;1;50;15
14450;969;1;1323;15
14451;969;1;2250;15
14452;959;1;1323;150
14453;959;2;1707;115
14454;959;3;50;95
14455;959;4;2546;75
14456;959;5;90;65
14457;959;6;3034;55
14458;959;7;942;47
14459;959;8;314;40
14460;959;9;486;33
14461;959;10;1699;28
14462;959;11;1399;23
14463;959;12;1446;18
14464;959;13;778;14
14465;959;14;1700;11
14466;959;15;2010;8
14467;959;16;682;6
14468;959;17;1488;4
14469;959;18;817;3
14470;959;19;2139;2
14471;959;20;1300;1
14472;970;1;2057;15
14473;970;1;1323;15
14474;970;1;1323;15
14475;970;1;1699;15
14476;960;1;762;150
14477;960;2;1861;115
14478;960;3;3172;95
14479;960;4;90;75
14480;960;5;1710;65
14481;960;6;50;55
14482;960;7;2235;47
14483;960;8;1446;40
14484;960;9;2546;33
14485;960;10;486;28
14486;960;11;588;23
14487;960;12;1095;18
14488;960;13;1322;14
14489;960;14;2889;11
14490;960;15;942;8
14491;960;16;1700;6
14492;960;17;1399;4
14493;960;18;2315;3
14494;960;19;2873;2
14495;960;20;857;1
14496;971;1;762;15
14497;971;1;2235;15
14498;971;1;588;15
14499;971;1;1446;15
14500;961;1;2046;150
14501;961;2;708;115
14502;961;3;2546;95
14503;961;4;588;75
14504;961;5;2889;65
14505;961;6;1473;55
14506;961;7;50;47
14507;961;8;1322;40
14508;961;9;1143;33
14509;961;10;1673;28
14510;961;11;1929;23
14511;961;12;1700;18
14512;961;13;1446;14
14513;961;14;2470;11
14514;961;15;762;8
14515;961;16;2859;6
14516;961;17;90;4
14517;961;18;3039;3
14518;961;19;1399;2
14519;961;20;2913;1
14520;972;1;2546;15
14521;972;1;2470;15
14522;972;1;2046;15
14523;972;1;2046;15
14524;962;1;1095;150
14525;962;2;1323;115
14526;962;3;2887;95
14527;962;4;486;75
14528;962;5;3172;65
14529;962;6;2889;55
14530;962;7;90;47
14531;962;8;2546;40
14532;962;9;2888;33
14533;962;10;1388;28
14534;962;11;526;23
14535;962;12;1653;18
14536;962;13;1785;14
14537;962;14;1700;11
14538;962;15;578;8
14539;962;16;708;6
14540;962;17;812;4
14541;962;18;228;3
14542;962;19;50;2
14543;962;20;1322;1
14544;973;1;2887;15
14545;973;1;1322;15
14546;973;1;1323;15
14547;973;1;708;15
14548;963;1;3191;150
14549;963;2;2889;115
14550;963;3;1399;95
14551;963;4;2887;75
14552;963;5;486;65
14553;963;6;762;55
14554;963;7;1143;47
14555;963;8;2235;40
14556;963;9;1473;33
14557;963;10;1323;28
14558;963;11;2845;23
14559;963;12;1948;18
14560;963;13;1250;14
14561;963;14;578;11
14562;963;15;812;8
14563;963;16;710;6
14564;963;17;2023;4
14565;963;18;1700;3
14566;963;19;1929;2
14567;963;20;2888;1
14568;974;1;2235;15
14569;974;1;3191;15
14570;974;1;2887;15
14571;974;1;1250;15
14572;975;1;497;100
14573;975;2;1005;70
14574;975;3;21;50
14575;975;4;2328;40
14576;975;5;2104;30
14577;975;6;3050;20
14578;975;7;2457;15
14579;975;8;1865;10
14580;975;9;1153;5
14581;975;10;1074;1
14582;995;1;497;10
14583;995;1;1005;10
14584;995;1;1153;10
14585;995;1;1820;10
14586;976;1;486;100
14587;976;2;497;70
14588;976;3;1139;50
14589;976;4;2503;40
14590;976;5;1767;30
14591;976;6;718;20
14592;976;7;2652;15
14593;976;8;271;10
14594;976;9;1144;5
14595;976;10;94;1
14596;996;1;1139;10
14597;996;1;486;10
14598;996;1;2323;10
14599;996;1;486;10
14600;996;1;2503;10
14601;977;1;486;100
14602;977;2;718;70
14603;977;3;3054;50
14604;977;4;2900;40
14605;977;5;1865;30
14606;977;6;201;20
14607;977;7;2611;15
14608;977;8;3033;10
14609;977;9;1611;5
14610;977;10;2457;1
14611;997;1;486;10
14612;997;1;2900;10
14613;997;1;495;10
14614;997;1;486;10
14615;997;1;486;10
14616;997;1;2611;10
14617;978;1;651;100
14618;978;2;2292;70
14619;978;3;1247;50
14620;978;4;2652;40
14621;978;5;1636;30
14622;978;6;2454;20
14623;978;7;3033;15
14624;978;8;1865;10
14625;978;9;33;5
14626;978;10;3183;1
14627;998;1;1247;10
14628;998;1;1497;10
14629;998;1;1247;10
14630;998;1;1865;10
14631;998;1;1865;10
14632;998;1;1865;10
14633;979;1;1107;150
14634;979;2;1861;115
14635;979;3;2057;95
14636;979;4;349;75
14637;979;5;1195;65
14638;979;6;2652;55
14639;979;7;651;47
14640;979;8;33;40
14641;979;9;1247;33
14642;979;10;2292;28
14643;979;11;1673;23
14644;979;12;1785;18
14645;979;13;949;14
14646;979;14;1700;11
14647;979;15;3183;8
14648;979;16;778;6
14649;979;17;2014;4
14650;979;18;201;3
14651;979;19;1488;2
14652;979;20;1388;1
14653;999;1;2057;15
14654;999;1;1247;15
14655;999;1;2652;15
14656;999;1;33;15
14657;999;1;1861;15
14658;999;1;1107;15
14659;980;1;1323;150
14660;980;2;2057;115
14661;980;3;2421;95
14662;980;4;2014;75
14663;980;5;2546;65
14664;980;6;2913;55
14665;980;7;1399;47
14666;980;8;2705;40
14667;980;9;201;33
14668;980;10;1673;28
14669;980;11;1579;23
14670;980;12;1095;18
14671;980;13;50;14
14672;980;14;682;11
14673;980;15;1247;8
14674;980;16;622;6
14675;980;17;1004;4
14676;980;18;2141;3
14677;980;19;3171;2
14678;980;20;2725;1
14679;1000;1;2057;15
14680;1000;1;2057;15
14681;1000;1;1323;15
14682;1000;1;2057;15
14683;1000;1;2421;15
14684;1000;1;2421;15
14685;1000;1;2057;15
14686;1000;1;2057;15
14687;1000;1;2421;15
14688;981;1;2889;150
14689;981;2;486;115
14690;981;3;728;95
14691;981;4;762;75
14692;981;5;2014;65
14693;981;6;2887;55
14694;981;7;1095;47
14695;981;8;50;40
14696;981;9;1399;33
14697;981;10;812;28
14698;981;11;2546;23
14699;981;12;3182;18
14700;981;13;2141;14
14701;981;14;1785;11
14702;981;15;1865;8
14703;981;16;3039;6
14704;981;17;1673;4
14705;981;18;622;3
14706;981;19;700;2
14707;981;20;1553;1
14708;1001;1;486;15
14709;1001;1;486;15
14710;1001;1;2889;15
14711;1001;1;812;15
14712;1001;1;486;15
14713;1001;1;2421;15
14714;1001;1;2889;15
14715;1001;1;3182;15
14716;1001;1;2421;15
14717;982;1;1323;150
14718;982;2;3039;115
14719;982;3;2046;95
14720;982;4;2546;75
14721;982;5;486;65
14722;982;6;812;55
14723;982;7;2546;47
14724;982;8;50;40
14725;982;9;762;33
14726;982;10;2887;28
14727;982;11;2014;23
14728;982;12;1195;18
14729;982;13;1785;14
14730;982;14;2946;11
14731;982;15;2114;8
14732;982;16;2705;6
14733;982;17;2995;4
14734;982;18;2889;3
14735;982;19;369;2
14736;982;20;381;1
14737;1002;1;1323;15
14738;1002;1;1399;15
14739;1002;1;369;15
14740;1002;1;2887;15
14741;1002;1;1323;15
14742;1002;1;2889;15
14743;983;1;2057;150
14744;983;2;1420;115
14745;983;3;3191;95
14746;983;4;497;75
14747;983;5;1247;65
14748;983;6;1195;55
14749;983;7;3182;47
14750;983;8;517;40
14751;983;9;1674;33
14752;983;10;2134;28
14753;983;11;1691;23
14754;983;12;211;18
14755;983;13;2913;14
14756;983;14;1063;11
14757;983;15;710;8
14758;983;16;786;6
14759;983;17;2020;4
14760;983;18;411;3
14761;983;19;324;2
14762;983;20;785;1
14763;1003;1;2057;15
14764;1003;1;2057;15
14765;1003;1;2057;15
14766;1003;1;2057;15
14767;1003;1;2057;15
14768;1003;1;2057;15
14769;1003;1;2134;15
14770;984;1;1107;150
14771;984;2;2546;115
14772;984;3;3169;95
14773;984;4;3182;75
14774;984;5;1595;65
14775;984;6;1420;55
14776;984;7;1399;47
14777;984;8;708;40
14778;984;9;2442;33
14779;984;10;812;28
14780;984;11;215;23
14781;984;12;45;18
14782;984;13;1159;14
14783;984;14;2713;11
14784;984;15;3191;8
14785;984;16;467;6
14786;984;17;1446;4
14787;984;18;1635;3
14788;984;19;2503;2
14789;984;20;2562;1
14790;1004;1;1107;15
14791;1004;1;2546;15
14792;1004;1;1107;15
14793;1004;1;2307;15
14794;1004;1;215;15
14795;1004;1;3191;15
14796;1004;1;1107;15
14797;1004;1;2532;15
14798;985;1;1107;150
14799;985;2;1541;115
14800;985;3;3169;95
14801;985;4;2817;75
14802;985;5;2546;65
14803;985;6;1700;55
14804;985;7;1399;47
14805;985;8;2235;40
14806;985;9;1775;33
14807;985;10;889;28
14808;985;11;3034;23
14809;985;12;2882;18
14810;985;13;3171;14
14811;985;14;69;11
14812;985;15;1487;8
14813;985;16;169;6
14814;985;17;1975;4
14815;985;18;2923;3
14816;985;19;2666;2
14817;985;20;3115;1
14818;1005;1;1107;15
14819;1005;1;1541;15
14820;1005;1;1107;15
14821;1005;1;2235;15
14822;1005;1;1107;15
14823;1005;1;2546;15
14824;986;1;1420;150
14825;986;2;1099;115
14826;986;3;215;95
14827;986;4;2996;75
14828;986;5;1700;65
14829;986;6;2582;55
14830;986;7;951;47
14831;986;8;2235;40
14832;986;9;2603;33
14833;986;10;2276;28
14834;986;11;1267;23
14835;986;12;1500;18
14836;986;13;69;14
14837;986;14;504;11
14838;986;15;812;8
14839;986;16;216;6
14840;986;17;1644;4
14841;986;18;1418;3
14842;986;19;2682;2
14843;986;20;2913;1
14844;1006;1;2582;15
14845;1006;1;1700;15
14846;1006;1;1420;15
14847;1006;1;2582;15
14848;1006;1;1700;15
14849;987;1;2235;100
14850;987;2;1211;70
14851;987;3;1401;50
14852;987;4;2817;40
14853;987;5;2726;30
14854;987;6;2828;20
14855;987;7;371;15
14856;987;8;2676;10
14857;987;9;2761;5
14858;987;10;1929;1
14859;1007;1;2235;10
14860;1007;1;1887;10
14861;1007;1;1323;10
14862;1007;1;2235;10
14863;988;1;1420;100
14864;988;2;294;70
14865;988;3;2817;50
14866;988;4;512;40
14867;988;5;215;30
14868;988;6;1719;20
14869;988;7;578;15
14870;988;8;2516;10
14871;988;9;2235;5
14872;988;10;2828;1
14873;1008;1;512;10
14874;1008;1;700;10
14875;1008;1;700;10
14876;1008;1;294;10
14877;1008;1;2817;10
14878;1008;1;294;10
14879;1008;1;1420;10
14880;1008;1;700;10
14881;989;1;63;100
14882;989;2;458;70
14883;989;3;2576;50
14884;989;4;1277;40
14885;989;5;3160;30
14886;989;6;2130;20
14887;989;7;317;15
14888;989;8;2967;10
14889;989;9;1694;5
14890;989;10;231;1
14891;1009;1;63;10
14892;1009;1;2576;10
14893;1009;1;2576;10
14894;1009;1;231;10
14895;990;1;238;100
14896;990;2;2810;70
14897;990;3;317;50
14898;990;4;1090;40
14899;990;5;568;30
14900;990;6;320;20
14901;990;7;2098;15
14902;990;8;2483;10
14903;990;9;63;5
14904;990;10;767;1
14905;1010;1;238;10
14906;1010;1;238;10
14907;1010;1;2621;10
14908;1010;1;238;10
14909;991;1;320;100
14910;991;2;2967;70
14911;991;3;2889;50
14912;991;4;2438;40
14913;991;5;784;30
14914;991;6;2290;20
14915;991;7;1512;15
14916;991;8;2810;10
14917;991;9;1385;5
14918;991;10;3071;1
14919;1011;1;2438;10
14920;1011;1;3071;10
14921;1011;1;1512;10
14922;1011;1;2621;10
14923;992;1;806;100
14924;992;2;320;70
14925;992;3;746;50
14926;992;4;317;40
14927;992;5;1833;30
14928;992;6;3104;20
14929;992;7;522;15
14930;992;8;2863;10
14931;992;9;1457;5
14932;992;10;2347;1
14933;1012;1;806;10
14934;1012;1;746;10
14935;1012;1;2708;10
14936;1012;1;806;10
14937;1012;1;320;10
14938;993;1;1184;100
14939;993;2;568;70
14940;993;3;2936;50
14941;993;4;2778;40
14942;993;5;2130;30
14943;993;6;317;20
14944;993;7;155;15
14945;993;8;2290;10
14946;993;9;2883;5
14947;993;10;120;1
14948;1013;1;1184;10
14949;1013;1;2936;10
14950;1013;1;2130;10
14951;1013;1;1602;10
14952;994;1;299;100
14953;994;2;275;70
14954;994;3;583;50
14955;994;4;2778;40
14956;994;5;926;30
14957;994;6;2960;20
14958;994;7;1642;15
14959;994;8;226;10
14960;994;9;256;5
14961;994;10;77;1
14962;1014;1;1642;10
14963;1014;1;299;10
14964;1014;1;2778;10
14965;1014;1;299;10
14966;1014;1;1184;10
14967;1015;1;1489;100
14968;1015;2;610;70
14969;1015;3;2250;50
14970;1015;4;1144;40
14971;1015;5;2663;30
14972;1015;6;3100;20
14973;1015;7;1456;15
14974;1015;8;766;10
14975;1015;9;1861;5
14976;1015;10;3082;1
14977;1022;1;2501;10
14978;1022;1;610;10
14979;1016;1;613;100
14980;1016;2;1707;70
14981;1016;3;2250;50
14982;1016;4;2251;40
14983;1016;5;1916;30
14984;1016;6;3063;20
14985;1016;7;642;15
14986;1016;8;817;10
14987;1016;9;21;5
14988;1016;10;268;1
14989;1023;1;613;10
14990;1023;1;1707;10
14991;1023;1;1707;10
14992;1017;1;314;100
14993;1017;2;486;70
14994;1017;3;2546;50
14995;1017;4;1614;40
14996;1017;5;94;30
14997;1017;6;613;20
14998;1017;7;2955;15
14999;1017;8;497;10
15000;1017;9;1192;5
15001;1017;10;3100;1
15002;1024;1;2955;10
15003;1024;1;1614;10
15004;1024;1;486;10
15005;1018;1;1699;100
15006;1018;2;2304;70
15007;1018;3;2266;50
15008;1018;4;1579;40
15009;1018;5;9;30
15010;1018;6;816;20
15011;1018;7;1916;15
15012;1018;8;3100;10
15013;1018;9;2046;5
15014;1018;10;2005;1
15015;1025;1;1699;10
15016;1025;1;2503;10
15017;1025;1;1916;10
15018;1019;1;1707;100
15019;1019;2;1699;70
15020;1019;3;1541;50
15021;1019;4;2010;40
15022;1019;5;314;30
15023;1019;6;817;20
15024;1019;7;349;15
15025;1019;8;496;10
15026;1019;9;728;5
15027;1019;10;682;1
15028;1026;1;1707;10
15029;1026;1;700;10
15030;1026;1;1699;10
15031;1020;1;3070;100
15032;1020;2;2870;70
15033;1020;3;2010;50
15034;1020;4;1541;40
15035;1020;5;1143;30
15036;1020;6;682;20
15037;1020;7;496;15
15038;1020;8;2470;10
15039;1020;9;259;5
15040;1020;10;2563;1
15041;1027;1;682;10
15042;1027;1;1939;10
15043;1027;1;3070;10
15044;1021;1;1420;100
15045;1021;2;2010;70
15046;1021;3;1195;50
15047;1021;4;1814;40
15048;1021;5;3070;30
15049;1021;6;742;20
15050;1021;7;2311;15
15051;1021;8;175;10
15052;1021;9;208;5
15053;1021;10;2639;1
15054;1028;1;208;10
15055;1028;1;1420;10
15056;1028;1;1195;10
15057;1028;1;3100;10
15058;1029;1;1952;400
15059;1029;2;831;300
15060;1029;3;2503;250
15061;1029;4;2588;200
15062;1029;5;738;170
15063;1029;6;188;140
15064;1029;7;1202;120
15065;1029;8;2010;100
15066;1029;9;1767;80
15067;1029;10;2228;70
15068;1029;11;1192;60
15069;1029;12;2955;50
15070;1029;13;20;40
15071;1029;14;1883;30
15072;1029;15;2663;25
15073;1029;16;428;20
15074;1029;17;1391;15
15075;1029;18;2536;10
15076;1029;19;2481;5
15077;1029;20;177;1
15078;1065;1;2503;50
15079;1065;1;2503;50
15080;1065;1;2503;50
15081;1065;1;1456;50
15082;1065;1;1952;50
15083;1065;1;2503;50
15084;1065;1;2503;50
15085;1065;1;831;50
15086;1065;1;345;50
15087;1030;1;2588;400
15088;1030;2;50;300
15089;1030;3;2955;250
15090;1030;4;2503;200
15091;1030;5;1192;170
15092;1030;6;2228;140
15093;1030;7;738;120
15094;1030;8;497;100
15095;1030;9;421;80
15096;1030;10;2457;70
15097;1030;11;1532;60
15098;1030;12;2305;50
15099;1030;13;188;40
15100;1030;14;1857;30
15101;1030;15;271;25
15102;1030;16;1278;20
15103;1030;17;622;15
15104;1030;18;3054;10
15105;1030;19;1861;5
15106;1030;20;949;1
15107;1066;1;2481;50
15108;1066;1;2503;50
15109;1066;1;2503;50
15110;1066;1;1192;50
15111;1066;1;2503;50
15112;1066;1;1861;50
15113;1066;1;2503;50
15114;1066;1;188;50
15115;1066;1;2955;50
15116;1031;1;486;400
15117;1031;2;1952;300
15118;1031;3;1541;250
15119;1031;4;497;200
15120;1031;5;936;170
15121;1031;6;1192;140
15122;1031;7;2588;120
15123;1031;8;1278;100
15124;1031;9;2228;80
15125;1031;10;949;70
15126;1031;11;2546;60
15127;1031;12;622;50
15128;1031;13;1857;40
15129;1031;14;2955;30
15130;1031;15;3135;25
15131;1031;16;314;20
15132;1031;17;1532;15
15133;1031;18;1699;10
15134;1031;19;2005;5
15135;1031;20;421;1
15136;1067;1;2503;50
15137;1067;1;486;50
15138;1067;1;497;50
15139;1067;1;486;50
15140;1067;1;998;50
15141;1067;1;949;50
15142;1067;1;1541;50
15143;1067;1;1952;50
15144;1067;1;819;50
15145;1032;1;1700;400
15146;1032;2;1861;300
15147;1032;3;1192;250
15148;1032;4;1952;200
15149;1032;5;2179;170
15150;1032;6;57;140
15151;1032;7;3034;120
15152;1032;8;2588;100
15153;1032;9;2887;80
15154;1032;10;2005;70
15155;1032;11;2266;60
15156;1032;12;1830;50
15157;1032;13;778;40
15158;1032;14;2761;30
15159;1032;15;1443;25
15160;1032;16;1922;20
15161;1032;17;1225;15
15162;1032;18;337;10
15163;1032;19;1546;5
15164;1032;20;2601;1
15165;1068;1;2502;50
15166;1068;1;2266;50
15167;1068;1;2601;50
15168;1068;1;2656;50
15169;1068;1;2179;50
15170;1068;1;1700;50
15171;1068;1;1861;50
15172;1068;1;2266;50
15173;1033;1;2179;400
15174;1033;2;1541;300
15175;1033;3;1861;250
15176;1033;4;762;200
15177;1033;5;496;170
15178;1033;6;1700;140
15179;1033;7;1399;120
15180;1033;8;1192;100
15181;1033;9;2546;80
15182;1033;10;2275;70
15183;1033;11;2888;60
15184;1033;12;2767;50
15185;1033;13;2761;40
15186;1033;14;2784;30
15187;1033;15;1785;25
15188;1033;16;2266;20
15189;1033;17;1830;15
15190;1033;18;3046;10
15191;1033;19;2267;5
15192;1033;20;3070;1
15193;1069;1;1541;50
15194;1069;1;1541;50
15195;1069;1;2179;50
15196;1069;1;2924;50
15197;1069;1;1541;50
15198;1069;1;1192;50
15199;1069;1;1192;50
15200;1069;1;3070;50
15201;1069;1;1700;50
15202;1034;1;959;400
15203;1034;2;1861;300
15204;1034;3;2588;250
15205;1034;4;3046;200
15206;1034;5;1192;170
15207;1034;6;2761;140
15208;1034;7;57;120
15209;1034;8;2304;100
15210;1034;9;1952;80
15211;1034;10;2881;70
15212;1034;11;726;60
15213;1034;12;1922;50
15214;1034;13;2235;40
15215;1034;14;2228;30
15216;1034;15;1646;25
15217;1034;16;2537;20
15218;1034;17;2275;15
15219;1034;18;2414;10
15220;1034;19;3183;5
15221;1034;20;1830;1
15222;1070;1;2503;50
15223;1070;1;57;50
15224;1070;1;2235;50
15225;1070;1;2503;50
15226;1070;1;959;50
15227;1070;1;959;50
15228;1070;1;2503;50
15229;1070;1;2503;50
15230;1070;1;1546;50
15231;1070;1;2503;50
15232;1070;1;2503;50
15233;1035;1;959;400
15234;1035;2;57;300
15235;1035;3;1192;250
15236;1035;4;1375;200
15237;1035;5;349;170
15238;1035;6;2761;140
15239;1035;7;1700;120
15240;1035;8;812;100
15241;1035;9;964;80
15242;1035;10;3070;70
15243;1035;11;1388;60
15244;1035;12;2228;50
15245;1035;13;2588;40
15246;1035;14;1265;30
15247;1035;15;2470;25
15248;1035;16;2223;20
15249;1035;17;962;15
15250;1035;18;762;10
15251;1035;19;3046;5
15252;1035;20;1856;1
15253;1071;1;959;50
15254;1071;1;959;50
15255;1071;1;1192;50
15256;1071;1;959;50
15257;1071;1;57;50
15258;1071;1;1192;50
15259;1071;1;959;50
15260;1071;1;728;50
15261;1071;1;2923;50
15262;1071;1;959;50
15263;1071;1;1192;50
15264;1071;1;2955;50
15265;1071;1;2923;50
15266;1036;1;959;400
15267;1036;2;1749;300
15268;1036;3;762;250
15269;1036;4;349;200
15270;1036;5;1192;170
15271;1036;6;1856;140
15272;1036;7;57;120
15273;1036;8;812;100
15274;1036;9;728;80
15275;1036;10;2588;70
15276;1036;11;2516;60
15277;1036;12;3046;50
15278;1036;13;2228;40
15279;1036;14;1375;30
15280;1036;15;2141;25
15281;1036;16;1265;20
15282;1036;17;1929;15
15283;1036;18;3171;10
15284;1036;19;2785;5
15285;1036;20;2235;1
15286;1072;1;728;50
15287;1072;1;2266;50
15288;1072;1;3046;50
15289;1072;1;728;50
15290;1072;1;959;50
15291;1072;1;728;50
15292;1072;1;486;50
15293;1072;1;2899;50
15294;1072;1;959;50
15295;1072;1;959;50
15296;1072;1;1016;50
15297;1072;1;728;50
15298;1037;1;959;400
15299;1037;2;1749;300
15300;1037;3;349;250
15301;1037;4;762;200
15302;1037;5;2516;170
15303;1037;6;1375;140
15304;1037;7;57;120
15305;1037;8;2228;100
15306;1037;9;3039;80
15307;1037;10;1192;70
15308;1037;11;2588;60
15309;1037;12;2881;50
15310;1037;13;812;40
15311;1037;14;228;30
15312;1037;15;3046;25
15313;1037;16;1856;20
15314;1037;17;2864;15
15315;1037;18;2687;10
15316;1037;19;578;5
15317;1037;20;3183;1
15318;1073;1;1089;50
15319;1073;1;1089;50
15320;1073;1;728;50
15321;1073;1;228;50
15322;1073;1;959;50
15323;1073;1;959;50
15324;1073;1;228;50
15325;1073;1;1749;50
15326;1073;1;1856;50
15327;1073;1;959;50
15328;1073;1;228;50
15329;1073;1;2516;50
15330;1073;1;1089;50
15331;1038;1;1375;400
15332;1038;2;2889;300
15333;1038;3;676;250
15334;1038;4;762;200
15335;1038;5;3191;170
15336;1038;6;2516;140
15337;1038;7;2943;120
15338;1038;8;1143;100
15339;1038;9;3162;80
15340;1038;10;2339;70
15341;1038;11;578;60
15342;1038;12;57;50
15343;1038;13;2588;40
15344;1038;14;3182;30
15345;1038;15;962;25
15346;1038;16;1856;20
15347;1038;17;3046;15
15348;1038;18;2266;10
15349;1038;19;2785;5
15350;1038;20;1830;1
15351;1074;1;1016;50
15352;1074;1;2503;50
15353;1074;1;3182;50
15354;1074;1;3191;50
15355;1074;1;676;50
15356;1074;1;2503;50
15357;1074;1;3191;50
15358;1074;1;1095;50
15359;1074;1;3191;50
15360;1074;1;2516;50
15361;1074;1;1375;50
15362;1074;1;2823;50
15363;1074;1;1016;50
15364;1039;1;1375;400
15365;1039;2;57;300
15366;1039;3;3039;250
15367;1039;4;762;200
15368;1039;5;2889;170
15369;1039;6;2339;140
15370;1039;7;2943;120
15371;1039;8;2516;100
15372;1039;9;959;80
15373;1039;10;2606;70
15374;1039;11;676;60
15375;1039;12;2588;50
15376;1039;13;962;40
15377;1039;14;1589;30
15378;1039;15;2001;25
15379;1039;16;3035;20
15380;1039;17;2523;15
15381;1039;18;411;10
15382;1039;19;3182;5
15383;1039;20;1879;1
15384;1075;1;1707;50
15385;1075;1;1707;50
15386;1075;1;728;50
15387;1075;1;1707;50
15388;1075;1;2588;50
15389;1075;1;2889;50
15390;1075;1;1375;50
15391;1075;1;2889;50
15392;1075;1;762;50
15393;1075;1;57;50
15394;1075;1;2687;50
15395;1075;1;3039;50
15396;1075;1;700;50
15397;1075;1;57;50
15398;1075;1;2516;50
15399;1040;1;2339;400
15400;1040;2;728;300
15401;1040;3;762;250
15402;1040;4;1375;200
15403;1040;5;959;170
15404;1040;6;57;140
15405;1040;7;2216;120
15406;1040;8;578;100
15407;1040;9;2424;80
15408;1040;10;2870;70
15409;1040;11;2785;60
15410;1040;12;1948;50
15411;1040;13;1929;40
15412;1040;14;2001;30
15413;1040;15;2523;25
15414;1040;16;2935;20
15415;1040;17;2943;15
15416;1040;18;2588;10
15417;1040;19;3035;5
15418;1040;20;676;1
15419;1076;1;1707;50
15420;1076;1;1089;50
15421;1076;1;3182;50
15422;1076;1;2592;50
15423;1076;1;1089;50
15424;1076;1;3182;50
15425;1076;1;1089;50
15426;1076;1;676;50
15427;1076;1;2785;50
15428;1076;1;1089;50
15429;1076;1;3182;50
15430;1076;1;2339;50
15431;1076;1;2339;50
15432;1076;1;791;50
15433;1076;1;728;50
15434;1041;1;2889;400
15435;1041;2;3182;300
15436;1041;3;728;250
15437;1041;4;762;200
15438;1041;5;2546;170
15439;1041;6;1399;140
15440;1041;7;3191;120
15441;1041;8;2302;100
15442;1041;9;2606;80
15443;1041;10;3161;70
15444;1041;11;2577;60
15445;1041;12;2776;50
15446;1041;13;512;40
15447;1041;14;2686;30
15448;1041;15;2563;25
15449;1041;16;2420;20
15450;1041;17;2090;15
15451;1041;18;2603;10
15452;1041;19;2605;5
15453;1041;20;1235;1
15454;1077;1;512;50
15455;1077;1;1399;50
15456;1077;1;3182;50
15457;1077;1;2889;50
15458;1077;1;385;50
15459;1077;1;2563;50
15460;1077;1;2889;50
15461;1077;1;2420;50
15462;1077;1;3182;50
15463;1077;1;964;50
15464;1042;1;2339;400
15465;1042;2;762;300
15466;1042;3;1375;250
15467;1042;4;1399;200
15468;1042;5;2546;170
15469;1042;6;2429;140
15470;1042;7;116;120
15471;1042;8;1593;100
15472;1042;9;3182;80
15473;1042;10;2957;70
15474;1042;11;2222;60
15475;1042;12;891;50
15476;1042;13;959;40
15477;1042;14;2406;30
15478;1042;15;2001;25
15479;1042;16;1858;20
15480;1042;17;1546;15
15481;1042;18;1617;10
15482;1042;19;57;5
15483;1042;20;352;1
15484;1078;1;385;50
15485;1078;1;2546;50
15486;1078;1;3182;50
15487;1078;1;2339;50
15488;1078;1;2563;50
15489;1078;1;2563;50
15490;1078;1;2563;50
15491;1078;1;2563;50
15492;1078;1;1546;50
15493;1078;1;2592;50
15494;1078;1;1793;50
15495;1043;1;2340;400
15496;1043;2;959;300
15497;1043;3;2523;250
15498;1043;4;2216;200
15499;1043;5;2222;170
15500;1043;6;3039;140
15501;1043;7;728;120
15502;1043;8;2889;100
15503;1043;9;2429;80
15504;1043;10;3191;70
15505;1043;11;762;60
15506;1043;12;264;50
15507;1043;13;2339;40
15508;1043;14;3001;30
15509;1043;15;2531;25
15510;1043;16;3182;20
15511;1043;17;352;15
15512;1043;18;279;10
15513;1043;19;2957;5
15514;1043;20;349;1
15515;1079;1;728;50
15516;1079;1;2406;50
15517;1079;1;762;50
15518;1079;1;2563;50
15519;1079;1;264;50
15520;1079;1;728;50
15521;1079;1;2420;50
15522;1079;1;2340;50
15523;1079;1;186;50
15524;1044;1;2339;400
15525;1044;2;1375;300
15526;1044;3;762;250
15527;1044;4;116;200
15528;1044;5;1968;170
15529;1044;6;3182;140
15530;1044;7;2889;120
15531;1044;8;2216;100
15532;1044;9;2711;80
15533;1044;10;264;70
15534;1044;11;571;60
15535;1044;12;2420;50
15536;1044;13;352;40
15537;1044;14;1776;30
15538;1044;15;751;25
15539;1044;16;1634;20
15540;1044;17;2090;15
15541;1044;18;1808;10
15542;1044;19;2531;5
15543;1044;20;2669;1
15544;1080;1;2339;50
15545;1080;1;2339;50
15546;1080;1;2563;50
15547;1080;1;1057;50
15548;1080;1;3191;50
15549;1080;1;2216;50
15550;1080;1;1057;50
15551;1080;1;2339;50
15552;1080;1;2889;50
15553;1080;1;1057;50
15554;1045;1;762;400
15555;1045;2;2339;300
15556;1045;3;2870;250
15557;1045;4;2889;200
15558;1045;5;2420;170
15559;1045;6;959;140
15560;1045;7;2939;120
15561;1045;8;2227;100
15562;1045;9;2389;80
15563;1045;10;891;70
15564;1045;11;634;60
15565;1045;12;3109;50
15566;1045;13;2811;40
15567;1045;14;1793;30
15568;1045;15;2222;25
15569;1045;16;2984;20
15570;1045;17;2776;15
15571;1045;18;167;10
15572;1045;19;1484;5
15573;1045;20;1776;1
15574;1081;1;2339;50
15575;1081;1;2563;50
15576;1081;1;2420;50
15577;1081;1;2420;50
15578;1081;1;2090;50
15579;1081;1;2420;50
15580;1081;1;2870;50
15581;1081;1;2406;50
15582;1081;1;2563;50
15583;1081;1;762;50
15584;1046;1;762;400
15585;1046;2;2339;300
15586;1046;3;1968;250
15587;1046;4;959;200
15588;1046;5;2939;170
15589;1046;6;2870;140
15590;1046;7;1420;120
15591;1046;8;1090;100
15592;1046;9;1751;80
15593;1046;10;2080;70
15594;1046;11;2004;60
15595;1046;12;3078;50
15596;1046;13;3161;40
15597;1046;14;2389;30
15598;1046;15;600;25
15599;1046;16;1858;20
15600;1046;17;512;15
15601;1046;18;2761;10
15602;1046;19;2090;5
15603;1046;20;1903;1
15604;1082;1;762;50
15605;1082;1;1057;50
15606;1082;1;2004;50
15607;1082;1;762;50
15608;1082;1;1195;50
15609;1082;1;2339;50
15610;1082;1;1420;50
15611;1082;1;1195;50
15612;1082;1;2889;50
15613;1047;1;959;400
15614;1047;2;116;300
15615;1047;3;600;250
15616;1047;4;2939;200
15617;1047;5;2339;170
15618;1047;6;762;140
15619;1047;7;232;120
15620;1047;8;1399;100
15621;1047;9;2080;80
15622;1047;10;1420;70
15623;1047;11;59;60
15624;1047;12;2607;50
15625;1047;13;1090;40
15626;1047;14;1592;30
15627;1047;15;1968;25
15628;1047;16;2290;20
15629;1047;17;2227;15
15630;1047;18;2936;10
15631;1047;19;2090;5
15632;1047;20;2389;1
15633;1083;1;2216;50
15634;1083;1;1195;50
15635;1083;1;1195;50
15636;1083;1;1195;50
15637;1083;1;959;50
15638;1083;1;3091;50
15639;1083;1;600;50
15640;1083;1;959;50
15641;1083;1;1195;50
15642;1048;1;600;400
15643;1048;2;1921;300
15644;1048;3;2339;250
15645;1048;4;885;200
15646;1048;5;2889;170
15647;1048;6;959;140
15648;1048;7;2939;120
15649;1048;8;447;100
15650;1048;9;2870;80
15651;1048;10;762;70
15652;1048;11;1617;60
15653;1048;12;2936;50
15654;1048;13;1751;40
15655;1048;14;985;30
15656;1048;15;829;25
15657;1048;16;728;20
15658;1048;17;779;15
15659;1048;18;3003;10
15660;1048;19;1592;5
15661;1048;20;2090;1
15662;1084;1;1602;50
15663;1084;1;762;50
15664;1084;1;116;50
15665;1084;1;1921;50
15666;1084;1;1195;50
15667;1084;1;2389;50
15668;1084;1;1420;50
15669;1084;1;600;50
15670;1084;1;3003;50
15671;1084;1;1602;50
15672;1049;1;1921;400
15673;1049;2;1420;300
15674;1049;3;2939;250
15675;1049;4;600;200
15676;1049;5;885;170
15677;1049;6;3148;140
15678;1049;7;2004;120
15679;1049;8;2936;100
15680;1049;9;2424;80
15681;1049;10;779;70
15682;1049;11;767;60
15683;1049;12;762;50
15684;1049;13;1090;40
15685;1049;14;1751;30
15686;1049;15;946;25
15687;1049;16;2736;20
15688;1049;17;305;15
15689;1049;18;2290;10
15690;1049;19;2090;5
15691;1049;20;447;1
15692;1085;1;1195;50
15693;1085;1;1195;50
15694;1085;1;1195;50
15695;1085;1;1195;50
15696;1085;1;2004;50
15697;1085;1;2004;50
15698;1085;1;946;50
15699;1085;1;1921;50
15700;1085;1;1921;50
15701;1085;1;2748;50
15702;1050;1;2004;400
15703;1050;2;885;300
15704;1050;3;1420;250
15705;1050;4;2939;200
15706;1050;5;2936;170
15707;1050;6;2627;140
15708;1050;7;880;120
15709;1050;8;2903;100
15710;1050;9;2736;80
15711;1050;10;1921;70
15712;1050;11;779;60
15713;1050;12;959;50
15714;1050;13;305;40
15715;1050;14;2424;30
15716;1050;15;1837;25
15717;1050;16;600;20
15718;1050;17;2740;15
15719;1050;18;806;10
15720;1050;19;110;5
15721;1050;20;546;1
15722;1086;1;2004;50
15723;1086;1;2736;50
15724;1086;1;2004;50
15725;1086;1;1195;50
15726;1086;1;2340;50
15727;1086;1;2004;50
15728;1086;1;2004;50
15729;1086;1;885;50
15730;1086;1;2004;50
15731;1086;1;1195;50
15732;1051;1;2004;400
15733;1051;2;885;300
15734;1051;3;946;250
15735;1051;4;959;200
15736;1051;5;880;170
15737;1051;6;1420;140
15738;1051;7;2939;120
15739;1051;8;600;100
15740;1051;9;806;80
15741;1051;10;305;70
15742;1051;11;2978;60
15743;1051;12;52;50
15744;1051;13;2617;40
15745;1051;14;1382;30
15746;1051;15;2740;25
15747;1051;16;2389;20
15748;1051;17;2736;15
15749;1051;18;2936;10
15750;1051;19;1751;5
15751;1051;20;1837;1
15752;1087;1;2004;50
15753;1087;1;2004;50
15754;1087;1;946;50
15755;1087;1;2004;50
15756;1087;1;2978;50
15757;1087;1;2748;50
15758;1087;1;2004;50
15759;1087;1;2004;50
15760;1087;1;880;50
15761;1052;1;1921;400
15762;1052;2;2939;300
15763;1052;3;600;250
15764;1052;4;2736;200
15765;1052;5;946;170
15766;1052;6;2004;140
15767;1052;7;997;120
15768;1052;8;305;100
15769;1052;9;3148;80
15770;1052;10;52;70
15771;1052;11;2978;60
15772;1052;12;2617;50
15773;1052;13;2936;40
15774;1052;14;1751;30
15775;1052;15;2136;25
15776;1052;16;232;20
15777;1052;17;1038;15
15778;1052;18;238;10
15779;1052;19;1337;5
15780;1052;20;1361;1
15781;1088;1;1602;50
15782;1088;1;1057;50
15783;1088;1;2004;50
15784;1088;1;2004;50
15785;1088;1;1921;50
15786;1088;1;1921;50
15787;1088;1;2004;50
15788;1088;1;848;50
15789;1053;1;2004;400
15790;1053;2;2487;300
15791;1053;3;238;250
15792;1053;4;1921;200
15793;1053;5;806;170
15794;1053;6;600;140
15795;1053;7;2136;120
15796;1053;8;262;100
15797;1053;9;885;80
15798;1053;10;880;70
15799;1053;11;1511;60
15800;1053;12;2965;50
15801;1053;13;305;40
15802;1053;14;52;30
15803;1053;15;946;25
15804;1053;16;959;20
15805;1053;17;2936;15
15806;1053;18;1361;10
15807;1053;19;2130;5
15808;1053;20;3148;1
15809;1089;1;262;50
15810;1089;1;2004;50
15811;1089;1;1057;50
15812;1089;1;262;50
15813;1089;1;2004;50
15814;1089;1;2004;50
15815;1089;1;885;50
15816;1089;1;2004;50
15817;1089;1;885;50
15818;1089;1;885;50
15819;1054;1;238;400
15820;1054;2;1921;300
15821;1054;3;2136;250
15822;1054;4;305;200
15823;1054;5;1511;170
15824;1054;6;2487;140
15825;1054;7;985;120
15826;1054;8;806;100
15827;1054;9;946;80
15828;1054;10;2736;70
15829;1054;11;458;60
15830;1054;12;600;50
15831;1054;13;2965;40
15832;1054;14;1837;30
15833;1054;15;2521;25
15834;1054;16;997;20
15835;1054;17;2130;15
15836;1054;18;52;10
15837;1054;19;2644;5
15838;1054;20;79;1
15839;1090;1;262;50
15840;1090;1;347;50
15841;1090;1;2136;50
15842;1090;1;1837;50
15843;1090;1;244;50
15844;1090;1;2487;50
15845;1090;1;2130;50
15846;1090;1;1837;50
15847;1090;1;238;50
15848;1090;1;1921;50
15849;1055;1;2136;400
15850;1055;2;946;300
15851;1055;3;238;250
15852;1055;4;600;200
15853;1055;5;1921;170
15854;1055;6;2939;140
15855;1055;7;1511;120
15856;1055;8;1680;100
15857;1055;9;52;80
15858;1055;10;1631;70
15859;1055;11;806;60
15860;1055;12;2965;50
15861;1055;13;3148;40
15862;1055;14;746;30
15863;1055;15;458;25
15864;1055;16;1943;20
15865;1055;17;79;15
15866;1055;18;1907;10
15867;1055;19;2967;5
15868;1055;20;2544;1
15869;1091;1;1680;50
15870;1091;1;1057;50
15871;1091;1;946;50
15872;1091;1;542;50
15873;1091;1;2978;50
15874;1091;1;1921;50
15875;1091;1;946;50
15876;1091;1;946;50
15877;1091;1;1057;50
15878;1091;1;2967;50
15879;1056;1;238;400
15880;1056;2;806;300
15881;1056;3;262;250
15882;1056;4;2136;200
15883;1056;5;111;170
15884;1056;6;1511;140
15885;1056;7;1837;120
15886;1056;8;458;100
15887;1056;9;600;80
15888;1056;10;299;70
15889;1056;11;2644;60
15890;1056;12;2736;50
15891;1056;13;1304;40
15892;1056;14;1110;30
15893;1056;15;2597;25
15894;1056;16;500;20
15895;1056;17;781;15
15896;1056;18;2368;10
15897;1056;19;182;5
15898;1056;20;1751;1
15899;1092;1;262;50
15900;1092;1;1112;50
15901;1092;1;1400;50
15902;1092;1;262;50
15903;1092;1;1813;50
15904;1092;1;2750;50
15905;1092;1;1837;50
15906;1092;1;2080;50
15907;1092;1;2136;50
15908;1057;1;262;400
15909;1057;2;305;300
15910;1057;3;111;250
15911;1057;4;1837;200
15912;1057;5;2136;170
15913;1057;6;500;140
15914;1057;7;1511;120
15915;1057;8;771;100
15916;1057;9;182;80
15917;1057;10;806;70
15918;1057;11;1943;60
15919;1057;12;2644;50
15920;1057;13;897;40
15921;1057;14;2628;30
15922;1057;15;2954;25
15923;1057;16;2736;20
15924;1057;17;1680;15
15925;1057;18;1561;10
15926;1057;19;309;5
15927;1057;20;3148;1
15928;1093;1;1602;50
15929;1093;1;1400;50
15930;1093;1;1400;50
15931;1093;1;2628;50
15932;1093;1;111;50
15933;1093;1;262;50
15934;1093;1;2004;50
15935;1093;1;262;50
15936;1093;1;262;50
15937;1058;1;262;400
15938;1058;2;238;300
15939;1058;3;111;250
15940;1058;4;305;200
15941;1058;5;1511;170
15942;1058;6;1837;140
15943;1058;7;1527;120
15944;1058;8;806;100
15945;1058;9;2834;80
15946;1058;10;897;70
15947;1058;11;1447;60
15948;1058;12;182;50
15949;1058;13;714;40
15950;1058;14;500;30
15951;1058;15;2810;25
15952;1058;16;771;20
15953;1058;17;1444;15
15954;1058;18;782;10
15955;1058;19;1304;5
15956;1058;20;2004;1
15957;1094;1;2004;50
15958;1094;1;2004;50
15959;1094;1;1712;50
15960;1094;1;262;50
15961;1094;1;262;50
15962;1094;1;2004;50
15963;1094;1;826;50
15964;1094;1;238;50
15965;1094;1;2004;50
15966;1059;1;238;400
15967;1059;2;1511;300
15968;1059;3;806;250
15969;1059;4;500;200
15970;1059;5;2194;170
15971;1059;6;305;140
15972;1059;7;182;120
15973;1059;8;2474;100
15974;1059;9;1943;80
15975;1059;10;952;70
15976;1059;11;2004;60
15977;1059;12;826;50
15978;1059;13;1720;40
15979;1059;14;2082;30
15980;1059;15;1548;25
15981;1059;16;1561;20
15982;1059;17;2834;15
15983;1059;18;519;10
15984;1059;19;897;5
15985;1059;20;1987;1
15986;1095;1;262;50
15987;1095;1;2004;50
15988;1095;1;826;50
15989;1095;1;2004;50
15990;1095;1;2004;50
15991;1095;1;1816;50
15992;1095;1;806;50
15993;1095;1;952;50
15994;1060;1;238;400
15995;1060;2;305;300
15996;1060;3;714;250
15997;1060;4;829;200
15998;1060;5;1943;170
15999;1060;6;2082;140
16000;1060;7;1447;120
16001;1060;8;2939;100
16002;1060;9;2335;80
16003;1060;10;821;70
16004;1060;11;1021;60
16005;1060;12;952;50
16006;1060;13;897;40
16007;1060;14;806;30
16008;1060;15;52;25
16009;1060;16;1681;20
16010;1060;17;771;15
16011;1060;18;1720;10
16012;1060;19;1768;5
16013;1060;20;1561;1
16014;1096;1;238;50
16015;1096;1;2004;50
16016;1096;1;238;50
16017;1096;1;1807;50
16018;1096;1;875;50
16019;1096;1;2004;50
16020;1096;1;1807;50
16021;1096;1;305;50
16022;1096;1;629;50
16023;1061;1;262;400
16024;1061;2;2082;300
16025;1061;3;1943;250
16026;1061;4;806;200
16027;1061;5;2335;170
16028;1061;6;500;140
16029;1061;7;2777;120
16030;1061;8;897;100
16031;1061;9;1447;80
16032;1061;10;2333;70
16033;1061;11;1615;60
16034;1061;12;821;50
16035;1061;13;1021;40
16036;1061;14;952;30
16037;1061;15;1612;25
16038;1061;16;278;20
16039;1061;17;1837;15
16040;1061;18;34;10
16041;1061;19;1110;5
16042;1061;20;2194;1
16043;1097;1;1615;50
16044;1097;1;805;50
16045;1097;1;2004;50
16046;1097;1;262;50
16047;1097;1;805;50
16048;1097;1;2004;50
16049;1097;1;1447;50
16050;1097;1;262;50
16051;1097;1;1615;50
16052;1097;1;535;50
16053;1062;1;262;400
16054;1062;2;1447;300
16055;1062;3;1021;250
16056;1062;4;3077;200
16057;1062;5;897;170
16058;1062;6;500;140
16059;1062;7;1943;120
16060;1062;8;2777;100
16061;1062;9;2335;80
16062;1062;10;182;70
16063;1062;11;973;60
16064;1062;12;2482;50
16065;1062;13;233;40
16066;1062;14;2082;30
16067;1062;15;912;25
16068;1062;16;1720;20
16069;1062;17;952;15
16070;1062;18;2474;10
16071;1062;19;354;5
16072;1062;20;1087;1
16073;1098;1;262;50
16074;1098;1;1807;50
16075;1098;1;806;50
16076;1098;1;286;50
16077;1098;1;262;50
16078;1098;1;262;50
16079;1098;1;1507;50
16080;1098;1;535;50
16081;1063;1;806;400
16082;1063;2;1816;300
16083;1063;3;2333;250
16084;1063;4;2482;200
16085;1063;5;1447;170
16086;1063;6;286;140
16087;1063;7;1021;120
16088;1063;8;500;100
16089;1063;9;1943;80
16090;1063;10;2335;70
16091;1063;11;1932;60
16092;1063;12;3022;50
16093;1063;13;2766;40
16094;1063;14;897;30
16095;1063;15;354;25
16096;1063;16;3025;20
16097;1063;17;79;15
16098;1063;18;1596;10
16099;1063;19;3218;5
16100;1063;20;974;1
16101;1099;1;806;50
16102;1099;1;535;50
16103;1099;1;2335;50
16104;1099;1;587;50
16105;1099;1;1816;50
16106;1099;1;1720;50
16107;1099;1;2333;50
16108;1099;1;1596;50
16109;1064;1;806;400
16110;1064;2;2075;300
16111;1064;3;2700;250
16112;1064;4;2482;200
16113;1064;5;286;170
16114;1064;6;238;140
16115;1064;7;3209;120
16116;1064;8;354;100
16117;1064;9;3022;80
16118;1064;10;1561;70
16119;1064;11;2752;60
16120;1064;12;3139;50
16121;1064;13;952;40
16122;1064;14;2766;30
16123;1064;15;3201;25
16124;1064;16;3249;20
16125;1064;17;500;15
16126;1064;18;2504;10
16127;1064;19;111;5
16128;1064;20;2613;1
16129;1100;1;2075;50
16130;1100;1;221;50
16131;1100;1;1807;50
16132;1100;1;2700;50
16133;1100;1;1807;50
16134;1100;1;1720;50
16135;1100;1;2700;50
16136;1100;1;1720;50
16137;1101;1;1323;100
16138;1101;2;687;70
16139;1101;3;497;50
16140;1101;4;1204;40
16141;1101;5;94;30
16142;1101;6;1558;20
16143;1101;7;1663;15
16144;1101;8;1139;10
16145;1101;9;1322;5
16146;1101;10;2653;1
16147;1105;1;1323;10
16148;1105;1;1323;10
16149;1105;1;1204;10
16150;1105;1;1323;10
16151;1105;1;1323;10
16152;1105;1;1139;10
16153;1102;1;1323;100
16154;1102;2;497;70
16155;1102;3;1952;50
16156;1102;4;1192;40
16157;1102;5;1495;30
16158;1102;6;2249;20
16159;1102;7;271;15
16160;1102;8;622;10
16161;1102;9;998;5
16162;1102;10;2900;1
16163;1106;1;1323;10
16164;1106;1;1323;10
16165;1106;1;497;10
16166;1106;1;1323;10
16167;1106;1;1323;10
16168;1106;1;1323;10
16169;1106;1;1857;10
16170;1103;1;1952;100
16171;1103;2;2305;70
16172;1103;3;1495;50
16173;1103;4;2913;40
16174;1103;5;2299;30
16175;1103;6;475;20
16176;1103;7;688;15
16177;1103;8;2457;10
16178;1103;9;3063;5
16179;1103;10;1139;1
16180;1107;1;1952;10
16181;1107;1;3054;10
16182;1107;1;497;10
16183;1107;1;1952;10
16184;1107;1;1952;10
16185;1107;1;1636;10
16186;1104;1;2057;100
16187;1104;2;486;70
16188;1104;3;651;50
16189;1104;4;50;40
16190;1104;5;2546;30
16191;1104;6;2292;20
16192;1104;7;1399;15
16193;1104;8;314;10
16194;1104;9;2653;5
16195;1104;10;2957;1
16196;1108;1;2057;10
16197;1108;1;2057;10
16198;1108;1;2057;10
16199;1108;1;486;10
16200;1108;1;2503;10
16201;1108;1;2503;10
16202;1109;1;2503;100
16203;1109;2;766;70
16204;1109;3;949;50
16205;1109;4;1394;40
16206;1109;5;421;30
16207;1109;6;2349;20
16208;1109;7;1861;15
16209;1109;8;815;10
16210;1109;9;188;5
16211;1109;10;455;1
16212;1118;1;2503;10
16213;1118;1;766;10
16214;1118;1;815;10
16215;1118;1;949;10
16216;1110;1;949;100
16217;1110;2;1861;70
16218;1110;3;421;50
16219;1110;4;766;40
16220;1110;5;815;30
16221;1110;6;1318;20
16222;1110;7;374;15
16223;1110;8;171;10
16224;1110;9;1391;5
16225;1110;10;594;1
16226;1119;1;949;10
16227;1119;1;949;10
16228;1119;1;345;10
16229;1119;1;949;10
16230;1119;1;949;10
16231;1111;1;2057;150
16232;1111;2;2955;115
16233;1111;3;1278;95
16234;1111;4;486;75
16235;1111;5;1673;65
16236;1111;6;1495;55
16237;1111;7;349;47
16238;1111;8;2503;40
16239;1111;9;1861;33
16240;1111;10;740;28
16241;1111;11;36;23
16242;1111;12;497;18
16243;1111;13;778;14
16244;1111;14;455;11
16245;1111;15;949;8
16246;1111;16;1579;6
16247;1111;17;2315;4
16248;1111;18;815;3
16249;1111;19;1118;2
16250;1111;20;2112;1
16251;1120;1;2057;15
16252;1120;1;2503;15
16253;1120;1;2955;15
16254;1120;1;2503;15
16255;1120;1;2503;15
16256;1112;1;345;150
16257;1112;2;778;115
16258;1112;3;1700;95
16259;1112;4;949;75
16260;1112;5;959;65
16261;1112;6;788;55
16262;1112;7;2662;47
16263;1112;8;815;40
16264;1112;9;366;33
16265;1112;10;514;28
16266;1112;11;2769;23
16267;1112;12;3070;18
16268;1112;13;2239;14
16269;1112;14;187;11
16270;1112;15;2715;8
16271;1112;16;3171;6
16272;1112;17;9;4
16273;1112;18;2881;3
16274;1112;19;1309;2
16275;1112;20;2055;1
16276;1121;1;949;15
16277;1121;1;345;15
16278;1121;1;3070;15
16279;1121;1;345;15
16280;1113;1;1861;150
16281;1113;2;3070;115
16282;1113;3;788;95
16283;1113;4;2913;75
16284;1113;5;2663;65
16285;1113;6;1557;55
16286;1113;7;2046;47
16287;1113;8;62;40
16288;1113;9;349;33
16289;1113;10;816;28
16290;1113;11;1579;23
16291;1113;12;2761;18
16292;1113;13;2563;14
16293;1113;14;2055;11
16294;1113;15;68;8
16295;1113;16;1966;6
16296;1113;17;2502;4
16297;1113;18;455;3
16298;1113;19;677;2
16299;1113;20;2924;1
16300;1122;1;1861;15
16301;1122;1;1861;15
16302;1122;1;3070;15
16303;1122;1;2046;15
16304;1114;1;2546;150
16305;1114;2;1323;115
16306;1114;3;1399;95
16307;1114;4;1861;75
16308;1114;5;812;65
16309;1114;6;762;55
16310;1114;7;2913;47
16311;1114;8;728;40
16312;1114;9;1966;33
16313;1114;10;2014;28
16314;1114;11;2235;23
16315;1114;12;1700;18
16316;1114;13;2046;14
16317;1114;14;2304;11
16318;1114;15;1785;8
16319;1114;16;1929;6
16320;1114;17;411;4
16321;1114;18;1013;3
16322;1114;19;816;2
16323;1114;20;3171;1
16324;1123;1;2235;15
16325;1123;1;2235;15
16326;1123;1;816;15
16327;1123;1;2546;15
16328;1123;1;2235;15
16329;1123;1;1323;15
16330;1115;1;2887;150
16331;1115;2;2889;115
16332;1115;3;1541;95
16333;1115;4;2304;75
16334;1115;5;762;65
16335;1115;6;1861;55
16336;1115;7;486;47
16337;1115;8;50;40
16338;1115;9;2046;33
16339;1115;10;1473;28
16340;1115;11;1399;23
16341;1115;12;1095;18
16342;1115;13;3039;14
16343;1115;14;1375;11
16344;1115;15;349;8
16345;1115;16;2831;6
16346;1115;17;514;4
16347;1115;18;1265;3
16348;1115;19;1653;2
16349;1115;20;830;1
16350;1124;1;1323;15
16351;1124;1;2887;15
16352;1124;1;2046;15
16353;1124;1;1473;15
16354;1124;1;762;15
16355;1116;1;3191;150
16356;1116;2;1107;115
16357;1116;3;2955;95
16358;1116;4;1929;75
16359;1116;5;812;65
16360;1116;6;1473;55
16361;1116;7;1691;47
16362;1116;8;677;40
16363;1116;9;2669;33
16364;1116;10;2046;28
16365;1116;11;1487;23
16366;1116;12;837;18
16367;1116;13;801;14
16368;1116;14;2141;11
16369;1116;15;2010;8
16370;1116;16;2311;6
16371;1116;17;70;4
16372;1116;18;2516;3
16373;1116;19;951;2
16374;1116;20;514;1
16375;1125;1;1107;15
16376;1125;1;1107;15
16377;1125;1;812;15
16378;1125;1;677;15
16379;1125;1;1473;15
16380;1117;1;1107;150
16381;1117;2;349;115
16382;1117;3;1473;95
16383;1117;4;3171;75
16384;1117;5;514;65
16385;1117;6;872;55
16386;1117;7;1929;47
16387;1117;8;2870;40
16388;1117;9;1143;33
16389;1117;10;578;28
16390;1117;11;1700;23
16391;1117;12;1399;18
16392;1117;13;677;14
16393;1117;14;2546;11
16394;1117;15;2339;8
16395;1117;16;2010;6
16396;1117;17;2867;4
16397;1117;18;2669;3
16398;1117;19;2216;2
16399;1117;20;764;1
16400;1126;1;1107;15
16401;1126;1;349;15
16402;1126;1;1107;15
16403;1126;1;677;15
16404;1126;1;1107;15
16405;1127;1;1707;100
16406;1127;2;817;70
16407;1127;3;2881;50
16408;1127;4;389;40
16409;1127;5;1745;30
16410;1127;6;263;20
16411;1127;7;617;15
16412;1127;8;2982;10
16413;1127;9;2503;5
16414;1127;10;3100;1
16415;1129;1;1456;10
16416;1129;1;1707;10
16417;1129;1;1707;10
16418;1129;1;2503;10
16419;1129;1;1707;10
16420;1129;1;1707;10
16421;1129;1;1707;10
16422;1129;1;1707;10
16423;1128;1;1478;100
16424;1128;2;642;70
16425;1128;3;1495;50
16426;1128;4;2125;40
16427;1128;5;1861;30
16428;1128;6;50;20
16429;1128;7;1152;15
16430;1128;8;109;10
16431;1128;9;3100;5
16432;1128;10;2503;1
16433;1130;1;2057;10
16434;1130;1;2057;10
16435;1130;1;1207;10
16436;1130;1;1707;10
16437;1130;1;1478;10
16438;1130;1;2057;10
16439;1130;1;1478;10
16440;1130;1;2503;10
16441;1131;1;1952;100
16442;1131;2;1192;70
16443;1131;3;3046;50
16444;1131;4;2228;40
16445;1131;5;2588;30
16446;1131;6;2005;20
16447;1131;7;2275;15
16448;1131;8;1857;10
16449;1131;9;998;5
16450;1131;10;663;1
16451;1133;1;3046;10
16452;1133;1;819;10
16453;1133;1;819;10
16454;1133;1;1952;10
16455;1132;1;1192;100
16456;1132;2;1952;70
16457;1132;3;2588;50
16458;1132;4;1857;40
16459;1132;5;2761;30
16460;1132;6;2275;20
16461;1132;7;959;15
16462;1132;8;3046;10
16463;1132;9;1830;5
16464;1132;10;1546;1
16465;1134;1;1192;10
16466;1134;1;1952;10
16467;1134;1;819;10
16468;1135;1;2498;100
16469;1135;2;949;70
16470;1135;3;374;50
16471;1135;4;612;40
16472;1135;5;2021;30
16473;1135;6;1388;20
16474;1135;7;349;15
16475;1135;8;2541;10
16476;1135;9;2957;5
16477;1135;10;1375;1
16478;1137;1;2498;10
16479;1137;1;2498;10
16480;1137;1;2498;10
16481;1137;1;39;10
16482;1136;1;936;100
16483;1136;2;2601;70
16484;1136;3;1095;50
16485;1136;4;36;40
16486;1136;5;1375;30
16487;1136;6;455;20
16488;1136;7;949;15
16489;1136;8;1388;10
16490;1136;9;381;5
16491;1136;10;812;1
16492;1138;1;2601;10
16493;1138;1;1248;10
16494;1138;1;2601;10
16495;1138;1;936;10
16496;1139;1;486;400
16497;1139;2;1707;300
16498;1139;3;314;250
16499;1139;4;2228;200
16500;1139;5;1865;170
16501;1139;6;2588;140
16502;1139;7;497;120
16503;1139;8;1614;100
16504;1139;9;590;80
16505;1139;10;1143;70
16506;1139;11;2653;60
16507;1139;12;2457;50
16508;1139;13;1192;40
16509;1139;14;2955;30
16510;1139;15;2323;25
16511;1139;16;1497;20
16512;1139;17;1388;15
16513;1139;18;2057;10
16514;1139;19;2014;5
16515;1139;20;1300;1
16516;1143;1;2057;50
16517;1143;1;1707;50
16518;1143;1;486;50
16519;1143;1;1614;50
16520;1143;1;3063;50
16521;1143;1;1707;50
16522;1143;1;3063;50
16523;1143;1;486;50
16524;1143;1;21;50
16525;1140;1;314;400
16526;1140;2;1707;300
16527;1140;3;2588;250
16528;1140;4;486;200
16529;1140;5;1446;170
16530;1140;6;2057;140
16531;1140;7;94;120
16532;1140;8;349;100
16533;1140;9;1495;80
16534;1140;10;1861;70
16535;1140;11;2292;60
16536;1140;12;1543;50
16537;1140;13;1192;40
16538;1140;14;1143;30
16539;1140;15;1673;25
16540;1140;16;50;20
16541;1140;17;708;15
16542;1140;18;3034;10
16543;1140;19;2301;5
16544;1140;20;1614;1
16545;1144;1;2955;50
16546;1144;1;622;50
16547;1144;1;1707;50
16548;1144;1;1699;50
16549;1144;1;1707;50
16550;1144;1;1707;50
16551;1144;1;2955;50
16552;1144;1;1707;50
16553;1144;1;1707;50
16554;1144;1;94;50
16555;1144;1;189;50
16556;1144;1;1707;50
16557;1141;1;1707;400
16558;1141;2;1143;300
16559;1141;3;2588;250
16560;1141;4;50;200
16561;1141;5;486;170
16562;1141;6;1699;140
16563;1141;7;314;120
16564;1141;8;3034;100
16565;1141;9;2014;80
16566;1141;10;588;70
16567;1141;11;1700;60
16568;1141;12;2005;50
16569;1141;13;2292;40
16570;1141;14;1575;30
16571;1141;15;2890;25
16572;1141;16;778;20
16573;1141;17;201;15
16574;1141;18;1095;10
16575;1141;19;590;5
16576;1141;20;33;1
16577;1145;1;2235;50
16578;1145;1;2235;50
16579;1145;1;1707;50
16580;1145;1;1699;50
16581;1145;1;1207;50
16582;1145;1;2292;50
16583;1145;1;1699;50
16584;1145;1;1707;50
16585;1145;1;1707;50
16586;1145;1;1207;50
16587;1145;1;1699;50
16588;1142;1;1143;400
16589;1142;2;1707;300
16590;1142;3;50;250
16591;1142;4;486;200
16592;1142;5;1861;170
16593;1142;6;3039;140
16594;1142;7;959;120
16595;1142;8;2266;100
16596;1142;9;314;80
16597;1142;10;2235;70
16598;1142;11;857;60
16599;1142;12;2889;50
16600;1142;13;1399;40
16601;1142;14;3070;30
16602;1142;15;728;25
16603;1142;16;1117;20
16604;1142;17;2913;15
16605;1142;18;762;10
16606;1142;19;2545;5
16607;1142;20;2055;1
16608;1146;1;588;50
16609;1146;1;1143;50
16610;1146;1;1653;50
16611;1146;1;2889;50
16612;1146;1;1707;50
16613;1146;1;1707;50
16614;1146;1;2179;50
16615;1146;1;1707;50
16616;1146;1;857;50
16617;1146;1;1117;50
16618;1146;1;1653;50
16619;1147;1;2250;100
16620;1147;2;1879;70
16621;1147;3;817;50
16622;1147;4;1495;40
16623;1147;5;1861;30
16624;1147;6;2010;20
16625;1147;7;2481;15
16626;1147;8;2494;10
16627;1147;9;2502;5
16628;1147;10;1167;1
16629;1150;1;2250;10
16630;1150;1;817;10
16631;1150;1;2250;10
16632;1150;1;1861;10
16633;1150;1;2250;10
16634;1148;1;2235;100
16635;1148;2;563;70
16636;1148;3;2992;50
16637;1148;4;1096;40
16638;1148;5;1211;30
16639;1148;6;3018;20
16640;1148;7;1097;15
16641;1148;8;255;10
16642;1148;9;1879;5
16643;1148;10;1747;1
16644;1151;1;2235;10
16645;1151;1;2235;10
16646;1151;1;2235;10
16647;1151;1;2235;10
16648;1151;1;2235;10
16649;1149;1;2235;100
16650;1149;2;1211;70
16651;1149;3;563;50
16652;1149;4;1341;40
16653;1149;5;1879;30
16654;1149;6;1096;20
16655;1149;7;2537;15
16656;1149;8;1097;10
16657;1149;9;187;5
16658;1149;10;2992;1
16659;1152;1;1097;10
16660;1152;1;2235;10
16661;1152;1;2235;10
16662;1152;1;2235;10
16663;1152;1;2537;10
16664;1153;1;1411;100
16665;1153;2;1745;70
16666;1153;3;489;50
16667;1153;4;36;40
16668;1153;5;1375;30
16669;1153;6;1429;20
16670;1153;7;608;15
16671;1153;8;1238;10
16672;1153;9;2009;5
16673;1153;10;1940;1
16674;1164;1;608;10
16675;1164;1;983;10
16676;1164;1;36;10
16677;1164;1;1195;10
16678;1154;1;2250;100
16679;1154;2;1195;70
16680;1154;3;2957;50
16681;1154;4;2505;40
16682;1154;5;792;30
16683;1154;6;130;20
16684;1154;7;608;15
16685;1154;8;334;10
16686;1154;9;36;5
16687;1154;10;190;1
16688;1165;1;2250;10
16689;1165;1;2250;10
16690;1165;1;2250;10
16691;1165;1;2250;10
16692;1155;1;2014;150
16693;1155;2;778;115
16694;1155;3;467;95
16695;1155;4;1700;75
16696;1155;5;2946;65
16697;1155;6;2235;55
16698;1155;7;2502;47
16699;1155;8;2537;40
16700;1155;9;1187;33
16701;1155;10;130;28
16702;1155;11;1940;23
16703;1155;12;1993;18
16704;1155;13;936;14
16705;1155;14;62;11
16706;1155;15;949;8
16707;1155;16;1590;6
16708;1155;17;656;4
16709;1155;18;364;3
16710;1155;19;2250;2
16711;1155;20;1692;1
16712;1166;1;2235;15
16713;1166;1;2946;15
16714;1166;1;2014;15
16715;1166;1;2250;15
16716;1156;1;1993;150
16717;1156;2;2303;115
16718;1156;3;57;95
16719;1156;4;1700;75
16720;1156;5;2057;65
16721;1156;6;2300;55
16722;1156;7;2588;47
16723;1156;8;1192;40
16724;1156;9;2946;33
16725;1156;10;1323;28
16726;1156;11;411;23
16727;1156;12;778;18
16728;1156;13;381;14
16729;1156;14;2882;11
16730;1156;15;130;8
16731;1156;16;1954;6
16732;1156;17;1375;4
16733;1156;18;1546;3
16734;1156;19;2793;2
16735;1156;20;201;1
16736;1167;1;1700;15
16737;1167;1;2057;15
16738;1167;1;778;15
16739;1167;1;1700;15
16740;1157;1;2889;150
16741;1157;2;50;115
16742;1157;3;1107;95
16743;1157;4;2546;75
16744;1157;5;1861;65
16745;1157;6;1399;55
16746;1157;7;762;47
16747;1157;8;3039;40
16748;1157;9;2913;33
16749;1157;10;964;28
16750;1157;11;467;23
16751;1157;12;1700;18
16752;1157;13;2046;14
16753;1157;14;2235;11
16754;1157;15;1817;8
16755;1157;16;1940;6
16756;1157;17;1375;4
16757;1157;18;1785;3
16758;1157;19;2946;2
16759;1157;20;1763;1
16760;1168;1;50;15
16761;1168;1;2235;15
16762;1168;1;2546;15
16763;1168;1;2503;15
16764;1158;1;3070;150
16765;1158;2;2298;115
16766;1158;3;3172;95
16767;1158;4;1399;75
16768;1158;5;1107;65
16769;1158;6;2889;55
16770;1158;7;50;47
16771;1158;8;2546;40
16772;1158;9;2957;33
16773;1158;10;1375;28
16774;1158;11;762;23
16775;1158;12;1871;18
16776;1158;13;1487;14
16777;1158;14;2141;11
16778;1158;15;2888;8
16779;1158;16;1929;6
16780;1158;17;1265;4
16781;1158;18;2705;3
16782;1158;19;726;2
16783;1158;20;1541;1
16784;1169;1;3070;15
16785;1169;1;3100;15
16786;1169;1;3070;15
16787;1169;1;228;15
16788;1159;1;1107;150
16789;1159;2;1323;115
16790;1159;3;3169;95
16791;1159;4;1143;75
16792;1159;5;2887;65
16793;1159;6;1700;55
16794;1159;7;2516;47
16795;1159;8;1399;40
16796;1159;9;1265;33
16797;1159;10;2889;28
16798;1159;11;2923;23
16799;1159;12;2679;18
16800;1159;13;2010;14
16801;1159;14;1674;11
16802;1159;15;2546;8
16803;1159;16;2339;6
16804;1159;17;1341;4
16805;1159;18;1887;3
16806;1159;19;2311;2
16807;1159;20;3039;1
16808;1170;1;1323;15
16809;1170;1;1195;15
16810;1170;1;2887;15
16811;1170;1;2503;15
16812;1160;1;1107;150
16813;1160;2;1948;115
16814;1160;3;3034;95
16815;1160;4;3169;75
16816;1160;5;3039;65
16817;1160;6;2870;55
16818;1160;7;2141;47
16819;1160;8;2957;40
16820;1160;9;1700;33
16821;1160;10;2887;28
16822;1160;11;1341;23
16823;1160;12;1399;18
16824;1160;13;1143;14
16825;1160;14;2546;11
16826;1160;15;2339;8
16827;1160;16;1195;6
16828;1160;17;1811;4
16829;1160;18;1975;3
16830;1160;19;2923;2
16831;1160;20;2896;1
16832;1171;1;1107;15
16833;1171;1;1948;15
16834;1171;1;2546;15
16835;1171;1;1107;15
16836;1171;1;1195;15
16837;1161;1;1107;150
16838;1161;2;2889;115
16839;1161;3;1940;95
16840;1161;4;560;75
16841;1161;5;2141;65
16842;1161;6;2516;55
16843;1161;7;1143;47
16844;1161;8;1399;40
16845;1161;9;3169;33
16846;1161;10;676;28
16847;1161;11;94;23
16848;1161;12;3039;18
16849;1161;13;3191;14
16850;1161;14;812;11
16851;1161;15;1473;8
16852;1161;16;1446;6
16853;1161;17;1420;4
16854;1161;18;3034;3
16855;1161;19;2146;2
16856;1161;20;1710;1
16857;1172;1;2563;15
16858;1172;1;1107;15
16859;1172;1;1107;15
16860;1172;1;2010;15
16861;1162;1;1143;100
16862;1162;2;676;70
16863;1162;3;2870;50
16864;1162;4;2339;40
16865;1162;5;1375;30
16866;1162;6;0;20
16867;1162;7;0;15
16868;1162;8;0;10
16869;1162;9;0;5
16870;1162;10;2957;1
16871;1173;1;1195;10
16872;1173;1;676;10
16873;1173;1;2420;10
16874;1173;1;2870;10
16875;1163;1;3003;150
16876;1163;2;762;115
16877;1163;3;1143;95
16878;1163;4;504;75
16879;1163;5;1420;65
16880;1163;6;57;55
16881;1163;7;2516;47
16882;1163;8;3115;40
16883;1163;9;2001;33
16884;1163;10;2235;28
16885;1163;11;2603;23
16886;1163;12;1934;18
16887;1163;13;2709;14
16888;1163;14;2957;11
16889;1163;15;3059;8
16890;1163;16;206;6
16891;1163;17;208;4
16892;1163;18;1269;3
16893;1163;19;2817;2
16894;1163;20;3169;1
16895;1174;1;1107;15
16896;1174;1;1420;15
16897;1174;1;2503;15
16898;1174;1;1420;15
16899;1175;1;2498;100
16900;1175;2;1916;70
16901;1175;3;1700;50
16902;1175;4;3034;40
16903;1175;5;1410;30
16904;1175;6;778;20
16905;1175;7;3159;15
16906;1175;8;50;10
16907;1175;9;608;5
16908;1175;10;2957;1
16909;1180;1;857;10
16910;1180;1;2498;10
16911;1180;1;1916;10
16912;1180;1;1182;10
16913;1180;1;2957;10
16914;1180;1;130;10
16915;1176;1;1700;100
16916;1176;2;1187;70
16917;1176;3;1940;50
16918;1176;4;780;40
16919;1176;5;130;30
16920;1176;6;1993;20
16921;1176;7;778;15
16922;1176;8;3159;10
16923;1176;9;2407;5
16924;1176;10;2423;1
16925;1181;1;130;10
16926;1181;1;1700;10
16927;1181;1;2423;10
16928;1181;1;1187;10
16929;1181;1;1700;10
16930;1181;1;1187;10
16931;1181;1;1187;10
16932;1177;1;778;100
16933;1177;2;1861;70
16934;1177;3;1323;50
16935;1177;4;2312;40
16936;1177;5;2946;30
16937;1177;6;514;20
16938;1177;7;62;15
16939;1177;8;857;10
16940;1177;9;1993;5
16941;1177;10;1848;1
16942;1182;1;1700;10
16943;1182;1;2312;10
16944;1182;1;1861;10
16945;1182;1;2503;10
16946;1182;1;1323;10
16947;1182;1;1195;10
16948;1178;1;2046;100
16949;1178;2;1095;70
16950;1178;3;1107;50
16951;1178;4;2889;40
16952;1178;5;1323;30
16953;1178;6;792;20
16954;1178;7;1699;15
16955;1178;8;3039;10
16956;1178;9;2550;5
16957;1178;10;50;1
16958;1183;1;1107;10
16959;1183;1;2046;10
16960;1183;1;2046;10
16961;1183;1;2889;10
16962;1183;1;792;10
16963;1179;1;2889;100
16964;1179;2;349;70
16965;1179;3;1095;50
16966;1179;4;57;40
16967;1179;5;2582;30
16968;1179;6;3171;20
16969;1179;7;673;15
16970;1179;8;211;10
16971;1179;9;2298;5
16972;1179;10;1929;1
16973;1184;1;2046;10
16974;1184;1;2582;10
16975;1184;1;2889;10
16976;1184;1;2889;10
16977;1184;1;1192;10
16978;1185;1;2230;100
16979;1185;2;2179;70
16980;1185;3;2271;50
16981;1185;4;853;40
16982;1185;5;704;30
16983;1185;6;2414;20
16984;1185;7;2589;15
16985;1185;8;2616;10
16986;1185;9;2266;5
16987;1185;10;1651;1
16988;1190;1;2616;10
16989;1190;1;1651;10
16990;1190;1;1067;10
16991;1190;1;663;10
16992;1190;1;2616;10
16993;1190;1;1830;10
16994;1186;1;2057;100
16995;1186;2;2887;70
16996;1186;3;1095;50
16997;1186;4;2761;40
16998;1186;5;1830;30
16999;1186;6;2271;20
17000;1186;7;2275;15
17001;1186;8;1922;10
17002;1186;9;704;5
17003;1186;10;1651;1
17004;1191;1;2057;10
17005;1191;1;2057;10
17006;1191;1;2654;10
17007;1191;1;2057;10
17008;1191;1;1830;10
17009;1191;1;2654;10
17010;1187;1;599;100
17011;1187;2;2663;70
17012;1187;3;3070;50
17013;1187;4;1700;40
17014;1187;5;1651;30
17015;1187;6;2563;20
17016;1187;7;2924;15
17017;1187;8;2873;10
17018;1187;9;1546;5
17019;1187;10;1830;1
17020;1192;1;2793;10
17021;1192;1;3070;10
17022;1192;1;1700;10
17023;1192;1;2563;10
17024;1192;1;2230;10
17025;1192;1;599;10
17026;1188;1;1653;100
17027;1188;2;349;70
17028;1188;3;2228;50
17029;1188;4;1107;40
17030;1188;5;1922;30
17031;1188;6;1830;20
17032;1188;7;1952;15
17033;1188;8;2663;10
17034;1188;9;1651;5
17035;1188;10;2823;1
17036;1193;1;1107;10
17037;1193;1;1653;10
17038;1193;1;1653;10
17039;1193;1;1653;10
17040;1193;1;1089;10
17041;1193;1;2228;10
17042;1189;1;1653;100
17043;1189;2;762;70
17044;1189;3;728;50
17045;1189;4;50;40
17046;1189;5;2785;30
17047;1189;6;0;20
17048;1189;7;0;15
17049;1189;8;0;10
17050;1189;9;0;5
17051;1189;10;0;1
17052;1194;1;1653;10
17053;1194;1;1653;10
17054;1194;1;3046;10
17055;1194;1;1653;10
17056;1194;1;728;10
17057;1194;1;50;10
17058;1194;1;2785;10
17059;1195;1;778;100
17060;1195;2;1700;70
17061;1195;3;2715;50
17062;1195;4;1263;40
17063;1195;5;1443;30
17064;1195;6;566;20
17065;1195;7;1286;15
17066;1195;8;1187;10
17067;1195;9;745;5
17068;1195;10;2201;1
17069;1201;1;778;10
17070;1201;1;2715;10
17071;1201;1;778;10
17072;1201;1;778;10
17073;1196;1;2663;100
17074;1196;2;2873;70
17075;1196;3;1263;50
17076;1196;4;1443;40
17077;1196;5;2715;30
17078;1196;6;816;20
17079;1196;7;1488;15
17080;1196;8;599;10
17081;1196;9;615;5
17082;1196;10;2201;1
17083;1202;1;2715;10
17084;1202;1;2663;10
17085;1202;1;2663;10
17086;1202;1;2663;10
17087;1197;1;3182;100
17088;1197;2;2550;70
17089;1197;3;1107;50
17090;1197;4;1227;40
17091;1197;5;411;30
17092;1197;6;1443;20
17093;1197;7;2864;15
17094;1197;8;1254;10
17095;1197;9;395;5
17096;1197;10;2239;1
17097;1203;1;3182;10
17098;1203;1;1107;10
17099;1203;1;2550;10
17100;1203;1;3182;10
17101;1198;1;1700;100
17102;1198;2;411;70
17103;1198;3;1420;50
17104;1198;4;2873;40
17105;1198;5;1443;30
17106;1198;6;2790;20
17107;1198;7;208;15
17108;1198;8;744;10
17109;1198;9;951;5
17110;1198;10;785;1
17111;1204;1;1700;10
17112;1204;1;1443;10
17113;1204;1;1700;10
17114;1204;1;1700;10
17115;1204;1;951;10
17116;1199;1;1107;100
17117;1199;2;1580;70
17118;1199;3;2201;50
17119;1199;4;2311;40
17120;1199;5;625;30
17121;1199;6;801;20
17122;1199;7;2715;15
17123;1199;8;411;10
17124;1199;9;2913;5
17125;1199;10;951;1
17126;1205;1;1107;10
17127;1205;1;2201;10
17128;1205;1;1107;10
17129;1205;1;1107;10
17130;1205;1;1107;10
17131;1200;1;1107;100
17132;1200;2;2546;70
17133;1200;3;1700;50
17134;1200;4;2141;40
17135;1200;5;411;30
17136;1200;6;1399;20
17137;1200;7;2888;15
17138;1200;8;3070;10
17139;1200;9;2216;5
17140;1200;10;2679;1
17141;1206;1;1107;10
17142;1206;1;1107;10
17143;1206;1;1107;10
17144;1206;1;2141;10
17145;1206;1;2546;10
17146;1207;1;1707;400
17147;1207;2;1323;300
17148;1207;3;1143;250
17149;1207;4;1861;200
17150;1207;5;486;170
17151;1207;6;1543;140
17152;1207;7;2005;120
17153;1207;8;1818;100
17154;1207;9;314;80
17155;1207;10;349;70
17156;1207;11;651;60
17157;1207;12;1541;50
17158;1207;13;50;40
17159;1207;14;94;30
17160;1207;15;2890;25
17161;1207;16;590;20
17162;1207;17;2913;15
17163;1207;18;497;10
17164;1207;19;1446;5
17165;1207;20;90;1
17166;1224;1;1323;50
17167;1224;1;497;50
17168;1224;1;1707;50
17169;1224;1;1707;50
17170;1224;1;94;50
17171;1224;1;1323;50
17172;1224;1;94;50
17173;1224;1;314;50
17174;1224;1;497;50
17175;1224;1;1707;50
17176;1208;1;1707;400
17177;1208;2;2057;300
17178;1208;3;1143;250
17179;1208;4;959;200
17180;1208;5;857;170
17181;1208;6;2014;140
17182;1208;7;3039;120
17183;1208;8;50;100
17184;1208;9;486;80
17185;1208;10;1818;70
17186;1208;11;2588;60
17187;1208;12;314;50
17188;1208;13;1699;40
17189;1208;14;2738;30
17190;1208;15;2235;25
17191;1208;16;962;20
17192;1208;17;778;15
17193;1208;18;2267;10
17194;1208;19;2979;5
17195;1208;20;1388;1
17196;1225;1;1323;50
17197;1225;1;2250;50
17198;1225;1;2250;50
17199;1225;1;1707;50
17200;1225;1;1707;50
17201;1225;1;1211;50
17202;1225;1;1707;50
17203;1225;1;1707;50
17204;1225;1;486;50
17205;1225;1;2057;50
17206;1225;1;857;50
17207;1225;1;2179;50
17208;1225;1;2014;50
17209;1225;1;1707;50
17210;1209;1;3039;400
17211;1209;2;2546;300
17212;1209;3;497;250
17213;1209;4;486;200
17214;1209;5;1749;170
17215;1209;6;812;140
17216;1209;7;1143;120
17217;1209;8;2889;100
17218;1209;9;1966;80
17219;1209;10;2913;70
17220;1209;11;962;60
17221;1209;12;215;50
17222;1209;13;2859;40
17223;1209;14;959;30
17224;1209;15;259;25
17225;1209;16;1785;20
17226;1209;17;2179;15
17227;1209;18;857;10
17228;1209;19;2275;5
17229;1209;20;1865;1
17230;1226;1;588;50
17231;1226;1;2179;50
17232;1226;1;3172;50
17233;1226;1;215;50
17234;1226;1;2179;50
17235;1226;1;497;50
17236;1226;1;2179;50
17237;1226;1;1399;50
17238;1226;1;1100;50
17239;1226;1;1785;50
17240;1226;1;3039;50
17241;1226;1;2887;50
17242;1226;1;2546;50
17243;1226;1;2546;50
17244;1210;1;959;400
17245;1210;2;1323;300
17246;1210;3;1861;250
17247;1210;4;50;200
17248;1210;5;1749;170
17249;1210;6;1143;140
17250;1210;7;3039;120
17251;1210;8;2546;100
17252;1210;9;2889;80
17253;1210;10;1541;70
17254;1210;11;2761;60
17255;1210;12;486;50
17256;1210;13;2890;40
17257;1210;14;2550;30
17258;1210;15;2588;25
17259;1210;16;57;20
17260;1210;17;2859;15
17261;1210;18;762;10
17262;1210;19;1322;5
17263;1210;20;964;1
17264;1227;1;1323;50
17265;1227;1;2503;50
17266;1227;1;57;50
17267;1227;1;959;50
17268;1227;1;959;50
17269;1227;1;57;50
17270;1227;1;486;50
17271;1227;1;959;50
17272;1227;1;1323;50
17273;1227;1;3070;50
17274;1227;1;3070;50
17275;1227;1;2014;50
17276;1227;1;2588;50
17277;1227;1;3172;50
17278;1211;1;959;400
17279;1211;2;2546;300
17280;1211;3;1323;250
17281;1211;4;1399;200
17282;1211;5;57;170
17283;1211;6;3191;140
17284;1211;7;349;120
17285;1211;8;1143;100
17286;1211;9;2588;80
17287;1211;10;2889;70
17288;1211;11;1107;60
17289;1211;12;2550;50
17290;1211;13;2298;40
17291;1211;14;2761;30
17292;1211;15;1388;25
17293;1211;16;90;20
17294;1211;17;3046;15
17295;1211;18;2442;10
17296;1211;19;486;5
17297;1211;20;1929;1
17298;1228;1;1195;50
17299;1228;1;3191;50
17300;1228;1;1195;50
17301;1228;1;1323;50
17302;1228;1;959;50
17303;1228;1;57;50
17304;1228;1;90;50
17305;1228;1;486;50
17306;1228;1;2761;50
17307;1228;1;959;50
17308;1228;1;3191;50
17309;1228;1;959;50
17310;1228;1;1323;50
17311;1228;1;2588;50
17312;1212;1;959;400
17313;1212;2;349;300
17314;1212;3;1749;250
17315;1212;4;3039;200
17316;1212;5;57;170
17317;1212;6;1399;140
17318;1212;7;2546;120
17319;1212;8;2889;100
17320;1212;9;1929;80
17321;1212;10;1700;70
17322;1212;11;2141;60
17323;1212;12;3034;50
17324;1212;13;2588;40
17325;1212;14;762;30
17326;1212;15;812;25
17327;1212;16;3191;20
17328;1212;17;1788;15
17329;1212;18;2957;10
17330;1212;19;1541;5
17331;1212;20;3182;1
17332;1229;1;1107;50
17333;1229;1;3046;50
17334;1229;1;1107;50
17335;1229;1;2588;50
17336;1229;1;959;50
17337;1229;1;959;50
17338;1229;1;708;50
17339;1229;1;1871;50
17340;1229;1;959;50
17341;1229;1;3046;50
17342;1229;1;3191;50
17343;1229;1;1418;50
17344;1229;1;3191;50
17345;1229;1;349;50
17346;1213;1;762;400
17347;1213;2;959;300
17348;1213;3;57;250
17349;1213;4;3039;200
17350;1213;5;2546;170
17351;1213;6;1749;140
17352;1213;7;1399;120
17353;1213;8;962;100
17354;1213;9;2516;80
17355;1213;10;349;70
17356;1213;11;1044;60
17357;1213;12;2228;50
17358;1213;13;1541;40
17359;1213;14;2588;30
17360;1213;15;1099;25
17361;1213;16;514;20
17362;1213;17;2442;15
17363;1213;18;1674;10
17364;1213;19;207;5
17365;1213;20;3191;1
17366;1230;1;762;50
17367;1230;1;2503;50
17368;1230;1;3039;50
17369;1230;1;762;50
17370;1230;1;762;50
17371;1230;1;2546;50
17372;1230;1;228;50
17373;1230;1;57;50
17374;1230;1;959;50
17375;1230;1;349;50
17376;1230;1;959;50
17377;1230;1;1099;50
17378;1230;1;2503;50
17379;1230;1;1856;50
17380;1230;1;3191;50
17381;1214;1;728;400
17382;1214;2;3039;300
17383;1214;3;762;250
17384;1214;4;676;200
17385;1214;5;2889;170
17386;1214;6;1399;140
17387;1214;7;2546;120
17388;1214;8;1948;100
17389;1214;9;1099;80
17390;1214;10;57;70
17391;1214;11;1420;60
17392;1214;12;486;50
17393;1214;13;2516;40
17394;1214;14;1418;30
17395;1214;15;207;25
17396;1214;16;411;20
17397;1214;17;2588;15
17398;1214;18;2726;10
17399;1214;19;3034;5
17400;1214;20;2957;1
17401;1231;1;1195;50
17402;1231;1;1089;50
17403;1231;1;1195;50
17404;1231;1;728;50
17405;1231;1;3039;50
17406;1231;1;1016;50
17407;1231;1;1016;50
17408;1231;1;2889;50
17409;1231;1;728;50
17410;1231;1;3039;50
17411;1231;1;411;50
17412;1231;1;2503;50
17413;1231;1;2216;50
17414;1231;1;728;50
17415;1231;1;2420;50
17416;1231;1;2503;50
17417;1215;1;1375;400
17418;1215;2;762;300
17419;1215;3;1044;250
17420;1215;4;2726;200
17421;1215;5;3191;170
17422;1215;6;1399;140
17423;1215;7;2889;120
17424;1215;8;1399;100
17425;1215;9;3039;80
17426;1215;10;959;70
17427;1215;11;962;60
17428;1215;12;57;50
17429;1215;13;676;40
17430;1215;14;2943;30
17431;1215;15;2870;25
17432;1215;16;578;20
17433;1215;17;411;15
17434;1215;18;2001;10
17435;1215;19;3182;5
17436;1215;20;2588;1
17437;1232;1;2726;50
17438;1232;1;2216;50
17439;1232;1;1016;50
17440;1232;1;1375;50
17441;1232;1;2503;50
17442;1232;1;1375;50
17443;1232;1;2889;50
17444;1232;1;762;50
17445;1232;1;3191;50
17446;1232;1;762;50
17447;1232;1;2546;50
17448;1232;1;2726;50
17449;1232;1;3191;50
17450;1232;1;57;50
17451;1232;1;676;50
17452;1232;1;1089;50
17453;1216;1;1375;400
17454;1216;2;959;300
17455;1216;3;1420;250
17456;1216;4;57;200
17457;1216;5;2546;170
17458;1216;6;2870;140
17459;1216;7;2889;120
17460;1216;8;2001;100
17461;1216;9;1323;80
17462;1216;10;2588;70
17463;1216;11;2957;60
17464;1216;12;2420;50
17465;1216;13;391;40
17466;1216;14;1948;30
17467;1216;15;2523;25
17468;1216;16;1641;20
17469;1216;17;1968;15
17470;1216;18;2785;10
17471;1216;19;1399;5
17472;1216;20;964;1
17473;1233;1;1375;50
17474;1233;1;959;50
17475;1233;1;1375;50
17476;1233;1;1016;50
17477;1233;1;3172;50
17478;1233;1;2420;50
17479;1233;1;3182;50
17480;1233;1;2420;50
17481;1233;1;2785;50
17482;1233;1;2887;50
17483;1233;1;1375;50
17484;1233;1;959;50
17485;1233;1;2870;50
17486;1233;1;959;50
17487;1233;1;2420;50
17488;1217;1;3182;400
17489;1217;2;2870;300
17490;1217;3;1375;250
17491;1217;4;762;200
17492;1217;5;2339;170
17493;1217;6;3039;140
17494;1217;7;1420;120
17495;1217;8;2546;100
17496;1217;9;116;80
17497;1217;10;1593;70
17498;1217;11;57;60
17499;1217;12;2943;50
17500;1217;13;1399;40
17501;1217;14;578;30
17502;1217;15;2606;25
17503;1217;16;2676;20
17504;1217;17;2523;15
17505;1217;18;2733;10
17506;1217;19;2957;5
17507;1217;20;891;1
17508;1234;1;2503;50
17509;1234;1;1420;50
17510;1234;1;3191;50
17511;1234;1;1879;50
17512;1234;1;1707;50
17513;1234;1;3191;50
17514;1234;1;762;50
17515;1234;1;3039;50
17516;1234;1;1195;50
17517;1234;1;2339;50
17518;1234;1;2546;50
17519;1234;1;2420;50
17520;1234;1;3182;50
17521;1234;1;1195;50
17522;1234;1;2870;50
17523;1218;1;1375;400
17524;1218;2;2339;300
17525;1218;3;1420;250
17526;1218;4;959;200
17527;1218;5;762;170
17528;1218;6;2424;140
17529;1218;7;2870;120
17530;1218;8;1399;100
17531;1218;9;891;80
17532;1218;10;2546;70
17533;1218;11;1858;60
17534;1218;12;1559;50
17535;1218;13;2001;40
17536;1218;14;2302;30
17537;1218;15;2943;25
17538;1218;16;204;20
17539;1218;17;812;15
17540;1218;18;879;10
17541;1218;19;3191;5
17542;1218;20;3161;1
17543;1235;1;2424;50
17544;1235;1;1375;50
17545;1235;1;1375;50
17546;1235;1;959;50
17547;1235;1;959;50
17548;1235;1;2546;50
17549;1235;1;1420;50
17550;1235;1;3191;50
17551;1235;1;2424;50
17552;1235;1;1420;50
17553;1235;1;2503;50
17554;1235;1;3191;50
17555;1235;1;1420;50
17556;1235;1;2503;50
17557;1219;1;2523;100
17558;1219;2;767;70
17559;1219;3;554;50
17560;1219;4;204;40
17561;1219;5;886;30
17562;1219;6;812;20
17563;1219;7;1498;15
17564;1219;8;877;10
17565;1219;9;2040;5
17566;1219;10;69;1
17567;1236;1;700;10
17568;1236;1;554;10
17569;1236;1;767;10
17570;1236;1;886;10
17571;1236;1;204;10
17572;1236;1;2523;10
17573;1220;1;2340;100
17574;1220;2;2114;70
17575;1220;3;2950;50
17576;1220;4;2821;40
17577;1220;5;1657;30
17578;1220;6;69;20
17579;1220;7;2993;15
17580;1220;8;1960;10
17581;1220;9;2365;5
17582;1220;10;1386;1
17583;1237;1;2340;10
17584;1237;1;69;10
17585;1237;1;1386;10
17586;1237;1;886;10
17587;1237;1;2340;10
17588;1237;1;812;10
17589;1221;1;2340;100
17590;1221;2;2523;70
17591;1221;3;1490;50
17592;1221;4;880;40
17593;1221;5;885;30
17594;1221;6;1968;20
17595;1221;7;1499;15
17596;1221;8;578;10
17597;1221;9;2546;5
17598;1221;10;2409;1
17599;1238;1;1490;10
17600;1238;1;2523;10
17601;1238;1;2523;10
17602;1238;1;2340;10
17603;1238;1;2926;10
17604;1238;1;2340;10
17605;1222;1;554;100
17606;1222;2;1490;70
17607;1222;3;2340;50
17608;1222;4;1399;40
17609;1222;5;1968;30
17610;1222;6;728;20
17611;1222;7;1081;15
17612;1222;8;2546;10
17613;1222;9;1793;5
17614;1222;10;2523;1
17615;1239;1;728;10
17616;1239;1;1794;10
17617;1239;1;728;10
17618;1239;1;728;10
17619;1239;1;1490;10
17620;1239;1;2546;10
17621;1239;1;554;10
17622;1223;1;885;100
17623;1223;2;554;70
17624;1223;3;2004;50
17625;1223;4;2561;40
17626;1223;5;1904;30
17627;1223;6;49;20
17628;1223;7;2477;15
17629;1223;8;2984;10
17630;1223;9;1203;5
17631;1223;10;2394;1
17632;1240;1;885;10
17633;1240;1;554;10
17634;1240;1;885;10
17635;1240;1;2004;10
17636;1241;1;3034;100
17637;1241;2;2046;70
17638;1241;3;788;50
17639;1241;4;1015;40
17640;1241;5;50;30
17641;1241;6;1700;20
17642;1241;7;615;15
17643;1241;8;1456;10
17644;1241;9;2421;5
17645;1241;10;2503;1
17646;1269;1;2601;10
17647;1269;1;1015;10
17648;1269;1;3034;10
17649;1269;1;1187;10
17650;1269;1;2046;10
17651;1242;1;2546;100
17652;1242;2;50;70
17653;1242;3;2913;50
17654;1242;4;1700;40
17655;1242;5;1785;30
17656;1242;6;1399;20
17657;1242;7;1919;15
17658;1242;8;2046;10
17659;1242;9;1235;5
17660;1242;10;599;1
17661;1270;1;2913;10
17662;1270;1;1399;10
17663;1270;1;50;10
17664;1270;1;2546;10
17665;1243;1;1095;100
17666;1243;2;2887;70
17667;1243;3;2421;50
17668;1243;4;50;40
17669;1243;5;1107;30
17670;1243;6;1700;20
17671;1243;7;3034;15
17672;1243;8;959;10
17673;1243;9;2046;5
17674;1243;10;3070;1
17675;1271;1;3070;10
17676;1271;1;2421;10
17677;1271;1;959;10
17678;1271;1;959;10
17679;1271;1;3070;10
17680;1244;1;1107;150
17681;1244;2;1420;115
17682;1244;3;3034;95
17683;1244;4;1700;75
17684;1244;5;3070;65
17685;1244;6;2503;55
17686;1244;7;742;47
17687;1244;8;2888;40
17688;1244;9;951;33
17689;1244;10;2913;28
17690;1244;11;1553;23
17691;1244;12;2943;18
17692;1244;13;1227;14
17693;1244;14;2923;11
17694;1244;15;816;8
17695;1244;16;3182;6
17696;1244;17;2311;4
17697;1244;18;3035;3
17698;1244;19;2790;2
17699;1244;20;411;1
17700;1272;1;1107;15
17701;1272;1;2563;15
17702;1272;1;1107;15
17703;1272;1;3034;15
17704;1245;1;1107;150
17705;1245;2;1700;115
17706;1245;3;349;95
17707;1245;4;2873;75
17708;1245;5;3100;65
17709;1245;6;2923;55
17710;1245;7;3070;47
17711;1245;8;792;40
17712;1245;9;1817;33
17713;1245;10;2588;28
17714;1245;11;2913;23
17715;1245;12;2311;18
17716;1245;13;1420;14
17717;1245;14;2888;11
17718;1245;15;2656;8
17719;1245;16;677;6
17720;1245;17;1487;4
17721;1245;18;2955;3
17722;1245;19;1102;2
17723;1245;20;422;1
17724;1273;1;1107;15
17725;1273;1;1107;15
17726;1273;1;1107;15
17727;1273;1;349;15
17728;1246;1;1107;150
17729;1246;2;349;115
17730;1246;3;3191;95
17731;1246;4;2923;75
17732;1246;5;411;65
17733;1246;6;3034;55
17734;1246;7;3100;47
17735;1246;8;1473;40
17736;1246;9;1420;33
17737;1246;10;1948;28
17738;1246;11;3070;23
17739;1246;12;2351;18
17740;1246;13;1439;14
17741;1246;14;1929;11
17742;1246;15;1269;8
17743;1246;16;626;6
17744;1246;17;2869;4
17745;1246;18;454;3
17746;1246;19;2311;2
17747;1246;20;2888;1
17748;1274;1;1107;15
17749;1274;1;349;15
17750;1274;1;2923;15
17751;1247;1;1929;150
17752;1247;2;1541;115
17753;1247;3;1700;95
17754;1247;4;411;75
17755;1247;5;2311;65
17756;1247;6;1269;55
17757;1247;7;3035;47
17758;1247;8;1487;40
17759;1247;9;2984;33
17760;1247;10;2666;28
17761;1247;11;2150;23
17762;1247;12;2715;18
17763;1247;13;2881;14
17764;1247;14;2303;11
17765;1247;15;1622;8
17766;1247;16;778;6
17767;1247;17;409;4
17768;1247;18;3148;3
17769;1247;19;1420;2
17770;1247;20;1580;1
17771;1275;1;1107;15
17772;1275;1;1107;15
17773;1275;1;1107;15
17774;1275;1;1541;15
17775;1248;1;1107;150
17776;1248;2;2943;115
17777;1248;3;3162;95
17778;1248;4;2546;75
17779;1248;5;1399;65
17780;1248;6;1235;55
17781;1248;7;1541;47
17782;1248;8;2141;40
17783;1248;9;1700;33
17784;1248;10;3035;28
17785;1248;11;411;23
17786;1248;12;2410;18
17787;1248;13;55;14
17788;1248;14;1644;11
17789;1248;15;2714;8
17790;1248;16;3148;6
17791;1248;17;167;4
17792;1248;18;1502;3
17793;1248;19;1250;2
17794;1248;20;3019;1
17795;1276;1;1107;15
17796;1276;1;1107;15
17797;1276;1;1107;15
17798;1249;1;1107;150
17799;1249;2;2141;115
17800;1249;3;2235;95
17801;1249;4;3171;75
17802;1249;5;1211;65
17803;1249;6;1401;55
17804;1249;7;3115;47
17805;1249;8;2666;40
17806;1249;9;411;33
17807;1249;10;1420;28
17808;1249;11;167;23
17809;1249;12;3034;18
17810;1249;13;1763;14
17811;1249;14;2672;11
17812;1249;15;1250;8
17813;1249;16;726;6
17814;1249;17;264;4
17815;1249;18;1502;3
17816;1249;19;208;2
17817;1249;20;2537;1
17818;1277;1;1107;15
17819;1277;1;2141;15
17820;1277;1;1107;15
17821;1277;1;3115;15
17822;1277;1;1401;15
17823;1250;1;1420;100
17824;1250;2;2339;70
17825;1250;3;1641;50
17826;1250;4;1634;40
17827;1250;5;2420;30
17828;1250;6;1107;20
17829;1250;7;2424;15
17830;1250;8;1879;10
17831;1250;9;512;5
17832;1250;10;1443;1
17833;1278;1;2420;10
17834;1278;1;1634;10
17835;1278;1;1420;10
17836;1278;1;1420;10
17837;1278;1;1879;10
17838;1251;1;116;150
17839;1251;2;1107;115
17840;1251;3;2523;95
17841;1251;4;467;75
17842;1251;5;1341;65
17843;1251;6;1634;55
17844;1251;7;1490;47
17845;1251;8;1934;40
17846;1251;9;411;33
17847;1251;10;1228;28
17848;1251;11;3089;23
17849;1251;12;2222;18
17850;1251;13;1592;14
17851;1251;14;2935;11
17852;1251;15;1775;8
17853;1251;16;2531;6
17854;1251;17;1948;4
17855;1251;18;620;3
17856;1251;19;2302;2
17857;1251;20;1443;1
17858;1279;1;2503;15
17859;1279;1;1107;15
17860;1279;1;2503;15
17861;1279;1;116;15
17862;1279;1;2531;15
17863;1252;1;2339;100
17864;1252;2;1420;70
17865;1252;3;1634;50
17866;1252;4;116;40
17867;1252;5;2429;30
17868;1252;6;1593;20
17869;1252;7;3003;15
17870;1252;8;1123;10
17871;1252;9;554;5
17872;1252;10;352;1
17873;1280;1;2503;10
17874;1280;1;116;10
17875;1280;1;1420;10
17876;1280;1;1420;10
17877;1280;1;2503;10
17878;1253;1;2339;100
17879;1253;2;264;70
17880;1253;3;1490;50
17881;1253;4;349;40
17882;1253;5;2984;30
17883;1253;6;554;20
17884;1253;7;1634;15
17885;1253;8;3003;10
17886;1253;9;2523;5
17887;1253;10;352;1
17888;1281;1;3003;10
17889;1281;1;264;10
17890;1281;1;2503;10
17891;1281;1;1490;10
17892;1281;1;3161;10
17893;1254;1;1420;100
17894;1254;2;2870;70
17895;1254;3;1881;50
17896;1254;4;1645;40
17897;1254;5;1634;30
17898;1254;6;959;20
17899;1254;7;2290;15
17900;1254;8;934;10
17901;1254;9;2001;5
17902;1254;10;264;1
17903;1282;1;1420;10
17904;1282;1;959;10
17905;1282;1;2870;10
17906;1282;1;1420;10
17907;1282;1;2001;10
17908;1255;1;1420;100
17909;1255;2;116;70
17910;1255;3;2339;50
17911;1255;4;959;40
17912;1255;5;1904;30
17913;1255;6;2004;20
17914;1255;7;1634;15
17915;1255;8;356;10
17916;1255;9;2939;5
17917;1255;10;2669;1
17918;1283;1;1420;10
17919;1283;1;1420;10
17920;1283;1;2429;10
17921;1283;1;1420;10
17922;1283;1;2004;10
17923;1256;1;1420;100
17924;1256;2;63;70
17925;1256;3;161;50
17926;1256;4;2098;40
17927;1256;5;2216;30
17928;1256;6;1793;20
17929;1256;7;2294;15
17930;1256;8;2984;10
17931;1256;9;356;5
17932;1256;10;3073;1
17933;1284;1;161;10
17934;1284;1;1420;10
17935;1284;1;1420;10
17936;1284;1;3002;10
17937;1284;1;1794;10
17938;1257;1;2004;100
17939;1257;2;1859;70
17940;1257;3;63;50
17941;1257;4;2290;40
17942;1257;5;1921;30
17943;1257;6;521;20
17944;1257;7;2098;15
17945;1257;8;1634;10
17946;1257;9;2222;5
17947;1257;10;959;1
17948;1285;1;2004;10
17949;1285;1;2004;10
17950;1285;1;2004;10
17951;1285;1;1195;10
17952;1285;1;63;10
17953;1258;1;3003;100
17954;1258;2;959;70
17955;1258;3;2004;50
17956;1258;4;116;40
17957;1258;5;2339;30
17958;1258;6;1195;20
17959;1258;7;161;15
17960;1258;8;1751;10
17961;1258;9;1859;5
17962;1258;10;2389;1
17963;1286;1;2004;10
17964;1286;1;959;10
17965;1286;1;116;10
17966;1286;1;1195;10
17967;1286;1;161;10
17968;1259;1;2004;100
17969;1259;2;262;70
17970;1259;3;2340;50
17971;1259;4;2936;40
17972;1259;5;63;30
17973;1259;6;3148;20
17974;1259;7;3161;15
17975;1259;8;1333;10
17976;1259;9;1011;5
17977;1259;10;1551;1
17978;1287;1;2004;10
17979;1287;1;262;10
17980;1287;1;887;10
17981;1287;1;2004;10
17982;1287;1;2004;10
17983;1260;1;2936;100
17984;1260;2;2290;70
17985;1260;3;2889;50
17986;1260;4;1759;40
17987;1260;5;63;30
17988;1260;6;1643;20
17989;1260;7;2483;15
17990;1260;8;1729;10
17991;1260;9;1270;5
17992;1260;10;1880;1
17993;1288;1;2889;10
17994;1288;1;2290;10
17995;1288;1;1643;10
17996;1288;1;63;10
17997;1288;1;1729;10
17998;1261;1;946;100
17999;1261;2;3003;70
18000;1261;3;2740;50
18001;1261;4;2936;40
18002;1261;5;52;30
18003;1261;6;848;20
18004;1261;7;2413;15
18005;1261;8;2412;10
18006;1261;9;63;5
18007;1261;10;320;1
18008;1289;1;848;10
18009;1289;1;946;10
18010;1289;1;848;10
18011;1289;1;3003;10
18012;1289;1;1551;10
18013;1262;1;848;100
18014;1262;2;946;70
18015;1262;3;885;50
18016;1262;4;2936;40
18017;1262;5;52;30
18018;1262;6;2290;20
18019;1262;7;1768;15
18020;1262;8;167;10
18021;1262;9;767;5
18022;1262;10;546;1
18023;1290;1;848;10
18024;1290;1;946;10
18025;1290;1;848;10
18026;1290;1;2483;10
18027;1290;1;848;10
18028;1290;1;1800;10
18029;1263;1;2483;100
18030;1263;2;1556;70
18031;1263;3;925;50
18032;1263;4;2290;40
18033;1263;5;2116;30
18034;1263;6;278;20
18035;1263;7;2097;15
18036;1263;8;654;10
18037;1263;9;48;5
18038;1263;10;767;1
18039;1291;1;2560;10
18040;1291;1;2483;10
18041;1291;1;2290;10
18042;1291;1;2483;10
18043;1264;1;52;100
18044;1264;2;3003;70
18045;1264;3;925;50
18046;1264;4;2936;40
18047;1264;5;2290;30
18048;1264;6;1208;20
18049;1264;7;2521;15
18050;1264;8;746;10
18051;1264;9;241;5
18052;1264;10;1768;1
18053;1292;1;52;10
18054;1292;1;1208;10
18055;1292;1;1768;10
18056;1292;1;458;10
18057;1292;1;822;10
18058;1265;1;2412;100
18059;1265;2;2736;70
18060;1265;3;52;50
18061;1265;4;2424;40
18062;1265;5;2936;30
18063;1265;6;2017;20
18064;1265;7;200;15
18065;1265;8;275;10
18066;1265;9;182;5
18067;1265;10;781;1
18068;1293;1;52;10
18069;1293;1;2412;10
18070;1293;1;275;10
18071;1293;1;2496;10
18072;1293;1;2088;10
18073;1266;1;2579;100
18074;1266;2;278;70
18075;1266;3;2237;50
18076;1266;4;2097;40
18077;1266;5;559;30
18078;1266;6;157;20
18079;1266;7;1110;15
18080;1266;8;589;10
18081;1266;9;1308;5
18082;1266;10;362;1
18083;1294;1;2579;10
18084;1294;1;278;10
18085;1294;1;2579;10
18086;1294;1;2097;10
18087;1294;1;1181;10
18088;1267;1;863;100
18089;1267;2;2424;70
18090;1267;3;1987;50
18091;1267;4;3148;40
18092;1267;5;1748;30
18093;1267;6;79;20
18094;1267;7;2434;15
18095;1267;8;1064;10
18096;1267;9;1573;5
18097;1267;10;1697;1
18098;1295;1;863;10
18099;1295;1;863;10
18100;1295;1;2424;10
18101;1295;1;863;10
18102;1295;1;1459;10
18103;1268;1;2080;100
18104;1268;2;1444;70
18105;1268;3;1987;50
18106;1268;4;230;40
18107;1268;5;2534;30
18108;1268;6;2618;20
18109;1268;7;1027;15
18110;1268;8;1110;10
18111;1268;9;2097;5
18112;1268;10;2367;1
18113;1296;1;2080;10
18114;1296;1;2190;10
18115;1296;1;2534;10
18116;1296;1;2080;10
18117;1296;1;2190;10
18118;1297;1;1700;100
18119;1297;2;778;70
18120;1297;3;2957;50
18121;1297;4;1187;40
18122;1297;5;1410;30
18123;1297;6;1411;20
18124;1297;7;517;15
18125;1297;8;608;10
18126;1297;9;381;5
18127;1297;10;2771;1
18128;1325;1;1187;10
18129;1325;1;778;10
18130;1325;1;2957;10
18131;1298;1;778;100
18132;1298;2;1700;70
18133;1298;3;1187;50
18134;1298;4;2725;40
18135;1298;5;2946;30
18136;1298;6;1940;20
18137;1298;7;130;15
18138;1298;8;962;10
18139;1298;9;1673;5
18140;1298;10;381;1
18141;1326;1;1187;10
18142;1326;1;1187;10
18143;1326;1;778;10
18144;1326;1;1700;10
18145;1299;1;778;100
18146;1299;2;812;70
18147;1299;3;1993;50
18148;1299;4;2303;40
18149;1299;5;381;30
18150;1299;6;411;20
18151;1299;7;2402;15
18152;1299;8;1375;10
18153;1299;9;36;5
18154;1299;10;1848;1
18155;1327;1;411;10
18156;1327;1;2402;10
18157;1327;1;37;10
18158;1327;1;812;10
18159;1300;1;1323;150
18160;1300;2;1700;115
18161;1300;3;2946;95
18162;1300;4;1375;75
18163;1300;5;812;65
18164;1300;6;2913;55
18165;1300;7;2957;47
18166;1300;8;2831;40
18167;1300;9;517;33
18168;1300;10;1674;28
18169;1300;11;964;23
18170;1300;12;130;18
18171;1300;13;141;14
18172;1300;14;1265;11
18173;1300;15;2460;8
18174;1300;16;384;6
18175;1300;17;2845;4
18176;1300;18;2609;3
18177;1300;19;778;2
18178;1300;20;2638;1
18179;1328;1;2638;15
18180;1328;1;1323;15
18181;1328;1;1323;15
18182;1328;1;1323;15
18183;1301;1;2957;150
18184;1301;2;1700;115
18185;1301;3;1375;95
18186;1301;4;812;75
18187;1301;5;726;65
18188;1301;6;964;55
18189;1301;7;132;47
18190;1301;8;837;40
18191;1301;9;517;33
18192;1301;10;141;28
18193;1301;11;1265;23
18194;1301;12;2460;18
18195;1301;13;1931;14
18196;1301;14;130;11
18197;1301;15;62;8
18198;1301;16;1443;6
18199;1301;17;381;4
18200;1301;18;3052;3
18201;1301;19;2768;2
18202;1301;20;1213;1
18203;1329;1;2342;15
18204;1329;1;1700;15
18205;1329;1;1265;15
18206;1329;1;1700;15
18207;1302;1;1107;150
18208;1302;2;57;115
18209;1302;3;726;95
18210;1302;4;3046;75
18211;1302;5;2785;65
18212;1302;6;1323;55
18213;1302;7;1265;47
18214;1302;8;2761;40
18215;1302;9;1700;33
18216;1302;10;1375;28
18217;1302;11;1914;23
18218;1302;12;2923;18
18219;1302;13;1016;14
18220;1302;14;2957;11
18221;1302;15;3070;8
18222;1302;16;626;6
18223;1302;17;964;4
18224;1302;18;2311;3
18225;1302;19;384;2
18226;1302;20;1580;1
18227;1330;1;57;15
18228;1330;1;3046;15
18229;1330;1;1107;15
18230;1330;1;3046;15
18231;1303;1;1107;150
18232;1303;2;1700;115
18233;1303;3;1250;95
18234;1303;4;1836;75
18235;1303;5;2932;65
18236;1303;6;778;55
18237;1303;7;726;47
18238;1303;8;517;40
18239;1303;9;2666;33
18240;1303;10;2603;28
18241;1303;11;2882;23
18242;1303;12;891;18
18243;1303;13;3052;14
18244;1303;14;2044;11
18245;1303;15;2630;8
18246;1303;16;634;6
18247;1303;17;2253;4
18248;1303;18;2542;3
18249;1303;19;916;2
18250;1303;20;141;1
18251;1331;1;1107;15
18252;1331;1;1700;15
18253;1331;1;1107;15
18254;1304;1;1107;150
18255;1304;2;1375;115
18256;1304;3;3034;95
18257;1304;4;1700;75
18258;1304;5;2714;65
18259;1304;6;2603;55
18260;1304;7;2913;47
18261;1304;8;778;40
18262;1304;9;964;33
18263;1304;10;1250;28
18264;1304;11;0;23
18265;1304;12;0;18
18266;1304;13;0;14
18267;1304;14;0;11
18268;1304;15;0;8
18269;1304;16;0;6
18270;1304;17;0;4
18271;1304;18;0;3
18272;1304;19;0;2
18273;1304;20;0;1
18274;1332;1;700;15
18275;1332;1;1375;15
18276;1332;1;1107;15
18277;1305;1;1375;150
18278;1305;2;676;115
18279;1305;3;962;95
18280;1305;4;2418;75
18281;1305;5;812;65
18282;1305;6;1107;55
18283;1305;7;1879;47
18284;1305;8;2339;40
18285;1305;9;1700;33
18286;1305;10;2603;28
18287;1305;11;964;23
18288;1305;12;1707;18
18289;1305;13;2141;14
18290;1305;14;2090;11
18291;1305;15;2629;8
18292;1305;16;0;6
18293;1305;17;0;4
18294;1305;18;0;3
18295;1305;19;0;2
18296;1305;20;0;1
18297;1333;1;2563;15
18298;1333;1;964;15
18299;1333;1;1375;15
18300;1333;1;962;15
18301;1306;1;1707;150
18302;1306;2;2943;115
18303;1306;3;3182;95
18304;1306;4;1606;75
18305;1306;5;2957;65
18306;1306;6;2726;55
18307;1306;7;1879;47
18308;1306;8;2588;40
18309;1306;9;1107;33
18310;1306;10;1775;28
18311;1306;11;2923;23
18312;1306;12;2672;18
18313;1306;13;2090;14
18314;1306;14;1968;11
18315;1306;15;1700;8
18316;1306;16;1914;6
18317;1306;17;1580;4
18318;1306;18;2809;3
18319;1306;19;891;2
18320;1306;20;172;1
18321;1334;1;1089;15
18322;1334;1;1707;15
18323;1334;1;3182;15
18324;1334;1;1707;15
18325;1307;1;762;150
18326;1307;2;891;115
18327;1307;3;3182;95
18328;1307;4;2870;75
18329;1307;5;2957;65
18330;1307;6;2216;55
18331;1307;7;1707;47
18332;1307;8;1968;40
18333;1307;9;578;33
18334;1307;10;512;28
18335;1307;11;812;23
18336;1307;12;1984;18
18337;1307;13;1929;14
18338;1307;14;2493;11
18339;1307;15;2418;8
18340;1307;16;2192;6
18341;1307;17;995;4
18342;1307;18;2577;3
18343;1307;19;2090;2
18344;1307;20;1156;1
18345;1335;1;2216;15
18346;1335;1;1707;15
18347;1335;1;762;15
18348;1335;1;2870;15
18349;1308;1;2216;150
18350;1308;2;2420;115
18351;1308;3;1399;95
18352;1308;4;2957;75
18353;1308;5;959;65
18354;1308;6;1375;55
18355;1308;7;2339;47
18356;1308;8;3039;40
18357;1308;9;891;33
18358;1308;10;762;28
18359;1308;11;2001;23
18360;1308;12;1707;18
18361;1308;13;1546;14
18362;1308;14;578;11
18363;1308;15;3163;8
18364;1308;16;1968;6
18365;1308;17;2531;4
18366;1308;18;2114;3
18367;1308;19;2253;2
18368;1308;20;1984;1
18369;1336;1;891;15
18370;1336;1;2420;15
18371;1336;1;1707;15
18372;1336;1;959;15
18373;1336;1;2216;15
18374;1309;1;1375;150
18375;1309;2;2216;115
18376;1309;3;959;95
18377;1309;4;2339;75
18378;1309;5;2957;65
18379;1309;6;762;55
18380;1309;7;891;47
18381;1309;8;1399;40
18382;1309;9;3039;33
18383;1309;10;2001;28
18384;1309;11;2114;23
18385;1309;12;2676;18
18386;1309;13;578;14
18387;1309;14;2603;11
18388;1309;15;294;8
18389;1309;16;1048;6
18390;1309;17;1984;4
18391;1309;18;1546;3
18392;1309;19;1049;2
18393;1309;20;1776;1
18394;1337;1;1546;15
18395;1337;1;1375;15
18396;1337;1;1375;15
18397;1337;1;1375;15
18398;1337;1;1399;15
18399;1310;1;2889;150
18400;1310;2;3003;115
18401;1310;3;2216;95
18402;1310;4;2222;75
18403;1310;5;2973;65
18404;1310;6;2870;55
18405;1310;7;2379;47
18406;1310;8;1375;40
18407;1310;9;2339;33
18408;1310;10;1420;28
18409;1310;11;959;23
18410;1310;12;891;18
18411;1310;13;2957;14
18412;1310;14;0;11
18413;1310;15;0;8
18414;1310;16;0;6
18415;1310;17;0;4
18416;1310;18;0;3
18417;1310;19;0;2
18418;1310;20;0;1
18419;1338;1;2889;15
18420;1338;1;2870;15
18421;1338;1;959;15
18422;1338;1;3003;15
18423;1338;1;3003;15
18424;1311;1;959;150
18425;1311;2;2870;115
18426;1311;3;2339;95
18427;1311;4;2939;75
18428;1311;5;2004;65
18429;1311;6;2973;55
18430;1311;7;2090;47
18431;1311;8;3109;40
18432;1311;9;3080;33
18433;1311;10;2389;28
18434;1311;11;2161;23
18435;1311;12;2776;18
18436;1311;13;1881;14
18437;1311;14;634;11
18438;1311;15;728;8
18439;1311;16;2241;6
18440;1311;17;1751;4
18441;1311;18;167;3
18442;1311;19;851;2
18443;1311;20;131;1
18444;1339;1;2004;15
18445;1339;1;2939;15
18446;1339;1;959;15
18447;1339;1;2870;15
18448;1339;1;3109;15
18449;1312;1;2870;150
18450;1312;2;2004;115
18451;1312;3;2339;95
18452;1312;4;1107;75
18453;1312;5;1751;65
18454;1312;6;2216;55
18455;1312;7;129;47
18456;1312;8;2080;40
18457;1312;9;762;33
18458;1312;10;2876;28
18459;1312;11;1221;23
18460;1312;12;561;18
18461;1312;13;2227;14
18462;1312;14;1968;11
18463;1312;15;749;8
18464;1312;16;131;6
18465;1312;17;1859;4
18466;1312;18;546;3
18467;1312;19;2843;2
18468;1312;20;2389;1
18469;1340;1;2004;15
18470;1340;1;2004;15
18471;1340;1;1107;15
18472;1340;1;1058;15
18473;1340;1;1031;15
18474;1313;1;2004;150
18475;1313;2;2939;115
18476;1313;3;1859;95
18477;1313;4;3003;75
18478;1313;5;116;65
18479;1313;6;959;55
18480;1313;7;600;47
18481;1313;8;1751;40
18482;1313;9;2339;33
18483;1313;10;2080;28
18484;1313;11;2389;23
18485;1313;12;2216;18
18486;1313;13;762;14
18487;1313;14;880;11
18488;1313;15;728;8
18489;1313;16;3161;6
18490;1313;17;546;4
18491;1313;18;1090;3
18492;1313;19;1107;2
18493;1313;20;2090;1
18494;1341;1;2004;15
18495;1341;1;2004;15
18496;1341;1;2004;15
18497;1341;1;2563;15
18498;1341;1;2004;15
18499;1314;1;1420;150
18500;1314;2;600;115
18501;1314;3;1921;95
18502;1314;4;2340;75
18503;1314;5;2870;65
18504;1314;6;959;55
18505;1314;7;546;47
18506;1314;8;762;40
18507;1314;9;2389;33
18508;1314;10;3091;28
18509;1314;11;447;23
18510;1314;12;161;18
18511;1314;13;2483;14
18512;1314;14;1592;11
18513;1314;15;3031;8
18514;1314;16;1837;6
18515;1314;17;798;4
18516;1314;18;3161;3
18517;1314;19;728;2
18518;1314;20;2409;1
18519;1342;1;1420;15
18520;1342;1;2340;15
18521;1342;1;1420;15
18522;1342;1;2340;15
18523;1342;1;1420;15
18524;1315;1;600;150
18525;1315;2;262;115
18526;1315;3;1420;95
18527;1315;4;2004;75
18528;1315;5;880;65
18529;1315;6;798;55
18530;1315;7;3091;47
18531;1315;8;1793;40
18532;1315;9;2102;33
18533;1315;10;2438;28
18534;1315;11;305;23
18535;1315;12;519;18
18536;1315;13;767;14
18537;1315;14;2227;11
18538;1315;15;3098;8
18539;1315;16;3031;6
18540;1315;17;1361;4
18541;1315;18;1729;3
18542;1315;19;784;2
18543;1315;20;779;1
18544;1343;1;2004;15
18545;1343;1;1420;15
18546;1343;1;2340;15
18547;1343;1;2004;15
18548;1343;1;262;15
18549;1316;1;2004;150
18550;1316;2;880;115
18551;1316;3;1420;95
18552;1316;4;885;75
18553;1316;5;3003;65
18554;1316;6;305;55
18555;1316;7;546;47
18556;1316;8;2521;40
18557;1316;9;2424;33
18558;1316;10;779;28
18559;1316;11;3091;23
18560;1316;12;2903;18
18561;1316;13;1751;14
18562;1316;14;2740;11
18563;1316;15;2736;8
18564;1316;16;863;6
18565;1316;17;806;4
18566;1316;18;161;3
18567;1316;19;1221;2
18568;1316;20;1907;1
18569;1344;1;2004;15
18570;1344;1;2004;15
18571;1344;1;885;15
18572;1344;1;880;15
18573;1344;1;2004;15
18574;1317;1;1420;150
18575;1317;2;880;115
18576;1317;3;262;95
18577;1317;4;52;75
18578;1317;5;2740;65
18579;1317;6;1837;55
18580;1317;7;3003;47
18581;1317;8;885;40
18582;1317;9;232;33
18583;1317;10;600;28
18584;1317;11;848;23
18585;1317;12;1385;18
18586;1317;13;2116;14
18587;1317;14;829;11
18588;1317;15;111;8
18589;1317;16;127;6
18590;1317;17;2978;4
18591;1317;18;449;3
18592;1317;19;546;2
18593;1317;20;2340;1
18594;1345;1;1195;15
18595;1345;1;885;15
18596;1345;1;1751;15
18597;1345;1;262;15
18598;1318;1;880;150
18599;1318;2;806;115
18600;1318;3;946;95
18601;1318;4;238;75
18602;1318;5;2004;65
18603;1318;6;52;55
18604;1318;7;2136;47
18605;1318;8;1837;40
18606;1318;9;959;33
18607;1318;10;2736;28
18608;1318;11;2978;23
18609;1318;12;375;18
18610;1318;13;848;14
18611;1318;14;1768;11
18612;1318;15;127;8
18613;1318;16;2644;6
18614;1318;17;2617;4
18615;1318;18;182;3
18616;1318;19;1203;2
18617;1318;20;2689;1
18618;1346;1;2004;15
18619;1346;1;880;15
18620;1346;1;880;15
18621;1346;1;806;15
18622;1319;1;2487;150
18623;1319;2;2004;115
18624;1319;3;238;95
18625;1319;4;305;75
18626;1319;5;600;65
18627;1319;6;2136;55
18628;1319;7;959;47
18629;1319;8;880;40
18630;1319;9;1361;33
18631;1319;10;2736;28
18632;1319;11;2617;23
18633;1319;12;262;18
18634;1319;13;52;14
18635;1319;14;3003;11
18636;1319;15;1837;8
18637;1319;16;829;6
18638;1319;17;781;4
18639;1319;18;1768;3
18640;1319;19;182;2
18641;1319;20;885;1
18642;1347;1;2487;15
18643;1347;1;2004;15
18644;1347;1;2487;15
18645;1347;1;2004;15
18646;1320;1;1511;150
18647;1320;2;305;115
18648;1320;3;880;95
18649;1320;4;2136;75
18650;1320;5;1556;65
18651;1320;6;2965;55
18652;1320;7;262;47
18653;1320;8;238;40
18654;1320;9;111;33
18655;1320;10;946;28
18656;1320;11;781;23
18657;1320;12;2736;18
18658;1320;13;232;14
18659;1320;14;1361;11
18660;1320;15;519;8
18661;1320;16;120;6
18662;1320;17;1652;4
18663;1320;18;746;3
18664;1320;19;239;2
18665;1320;20;1642;1
18666;1348;1;262;15
18667;1348;1;2136;15
18668;1348;1;880;15
18669;1348;1;519;15
18670;1348;1;880;15
18671;1321;1;880;100
18672;1321;2;2136;75
18673;1321;3;305;60
18674;1321;4;806;50
18675;1321;5;457;45
18676;1321;6;1027;40
18677;1321;7;600;35
18678;1321;8;946;30
18679;1321;9;1907;25
18680;1321;10;746;20
18681;1321;11;182;15
18682;1321;12;2965;10
18683;1321;13;458;8
18684;1321;14;767;7
18685;1321;15;589;6
18686;1321;16;683;5
18687;1321;17;1943;4
18688;1321;18;1330;3
18689;1321;19;583;2
18690;1321;20;771;1
18691;1349;1;1813;10
18692;1349;1;880;10
18693;1349;1;880;10
18694;1349;1;1057;10
18695;1349;1;2136;10
18696;1322;1;305;100
18697;1322;2;262;75
18698;1322;3;1556;60
18699;1322;4;771;50
18700;1322;5;111;45
18701;1322;6;2368;40
18702;1322;7;500;35
18703;1322;8;275;30
18704;1322;9;1125;25
18705;1322;10;2482;20
18706;1322;11;2736;15
18707;1322;12;182;10
18708;1322;13;1027;8
18709;1322;14;2863;7
18710;1322;15;823;6
18711;1322;16;2520;5
18712;1322;17;1804;4
18713;1322;18;894;3
18714;1322;19;1943;2
18715;1322;20;1038;1
18716;1350;1;2080;10
18717;1350;1;111;10
18718;1350;1;1556;10
18719;1350;1;262;10
18720;1350;1;305;10
18721;1323;1;111;200
18722;1323;2;262;150
18723;1323;3;238;125
18724;1323;4;1038;100
18725;1323;5;806;85
18726;1323;6;305;70
18727;1323;7;2424;60
18728;1323;8;2482;50
18729;1323;9;589;40
18730;1323;10;1907;35
18731;1323;11;182;30
18732;1323;12;2;25
18733;1323;13;2644;20
18734;1323;14;1987;15
18735;1323;15;2736;10
18736;1323;16;771;7
18737;1323;17;278;5
18738;1323;18;2521;3
18739;1323;19;79;2
18740;1323;20;127;1
18741;1351;1;2644;25
18742;1351;1;262;25
18743;1351;1;127;25
18744;1351;1;111;25
18745;1324;1;806;200
18746;1324;2;111;150
18747;1324;3;2834;125
18748;1324;4;2954;100
18749;1324;5;1943;85
18750;1324;6;262;70
18751;1324;7;1561;60
18752;1324;8;182;50
18753;1324;9;771;40
18754;1324;10;635;35
18755;1324;11;568;30
18756;1324;12;127;25
18757;1324;13;589;20
18758;1324;14;952;15
18759;1324;15;2534;10
18760;1324;16;320;7
18761;1324;17;1840;5
18762;1324;18;2750;3
18763;1324;19;843;2
18764;1324;20;2265;1
18765;1352;1;1400;25
18766;1352;1;111;25
18767;1352;1;2954;25
18768;1352;1;806;25
18769;1353;1;1143;100
18770;1353;2;2588;70
18771;1353;3;1614;50
18772;1353;4;33;40
18773;1353;5;2005;30
18774;1353;6;1916;20
18775;1353;7;2312;15
18776;1353;8;9;10
18777;1353;9;3183;5
18778;1353;10;2250;1
18779;1365;1;1614;10
18780;1365;1;33;10
18781;1365;1;1143;10
18782;1365;1;2250;10
18783;1365;1;1143;10
18784;1365;1;2250;10
18785;1354;1;2873;100
18786;1354;2;2250;70
18787;1354;3;1939;50
18788;1354;4;2669;40
18789;1354;5;187;30
18790;1354;6;1420;20
18791;1354;7;1407;15
18792;1354;8;1167;10
18793;1354;9;2356;5
18794;1354;10;190;1
18795;1366;1;2250;10
18796;1366;1;2250;10
18797;1366;1;1074;10
18798;1366;1;1614;10
18799;1355;1;848;100
18800;1355;2;1727;70
18801;1355;3;1768;50
18802;1355;4;1602;40
18803;1355;5;869;30
18804;1355;6;1567;20
18805;1355;7;2377;15
18806;1355;8;2810;10
18807;1355;9;1362;5
18808;1355;10;2689;1
18809;1367;1;1602;10
18810;1367;1;1602;10
18811;1367;1;848;10
18812;1356;1;848;100
18813;1356;2;1768;70
18814;1356;3;880;50
18815;1356;4;1793;40
18816;1356;5;2748;30
18817;1356;6;127;20
18818;1356;7;2810;15
18819;1356;8;2617;10
18820;1356;9;519;5
18821;1356;10;503;1
18822;1368;1;1602;10
18823;1368;1;1602;10
18824;1368;1;266;10
18825;1357;1;262;100
18826;1357;2;238;70
18827;1357;3;2967;50
18828;1357;4;1669;40
18829;1357;5;127;30
18830;1357;6;880;20
18831;1357;7;1386;15
18832;1357;8;542;10
18833;1357;9;2810;5
18834;1357;10;986;1
18835;1369;1;262;10
18836;1369;1;262;10
18837;1369;1;542;10
18838;1369;1;238;10
18839;1358;1;880;100
18840;1358;2;108;70
18841;1358;3;238;50
18842;1358;4;781;40
18843;1358;5;1511;30
18844;1358;6;127;20
18845;1358;7;230;15
18846;1358;8;2810;10
18847;1358;9;1729;5
18848;1358;10;449;1
18849;1370;1;2296;10
18850;1370;1;108;10
18851;1370;1;986;10
18852;1370;1;238;10
18853;1359;1;262;100
18854;1359;2;2004;70
18855;1359;3;1837;50
18856;1359;4;1816;40
18857;1359;5;1768;30
18858;1359;6;822;20
18859;1359;7;880;15
18860;1359;8;2080;10
18861;1359;9;806;5
18862;1359;10;863;1
18863;1371;1;262;10
18864;1371;1;1837;10
18865;1371;1;2004;10
18866;1371;1;262;10
18867;1360;1;278;100
18868;1360;2;2628;70
18869;1360;3;2004;50
18870;1360;4;1400;40
18871;1360;5;2136;30
18872;1360;6;629;20
18873;1360;7;925;15
18874;1360;8;1816;10
18875;1360;9;1720;5
18876;1360;10;822;1
18877;1372;1;1400;10
18878;1372;1;2004;10
18879;1372;1;1400;10
18880;1372;1;278;10
18881;1361;1;1720;100
18882;1361;2;317;70
18883;1361;3;1816;50
18884;1361;4;863;40
18885;1361;5;278;30
18886;1361;6;91;20
18887;1361;7;2579;15
18888;1361;8;1907;10
18889;1361;9;1441;5
18890;1361;10;1459;1
18891;1373;1;317;10
18892;1373;1;1816;10
18893;1373;1;1321;10
18894;1373;1;1720;10
18895;1362;1;2190;100
18896;1362;2;1816;70
18897;1362;3;320;50
18898;1362;4;629;40
18899;1362;5;1720;30
18900;1362;6;2628;20
18901;1362;7;2810;15
18902;1362;8;2865;10
18903;1362;9;867;5
18904;1362;10;2846;1
18905;1374;1;2628;10
18906;1374;1;2190;10
18907;1374;1;629;10
18908;1374;1;629;10
18909;1363;1;1816;100
18910;1363;2;848;70
18911;1363;3;1807;50
18912;1363;4;1825;40
18913;1363;5;52;30
18914;1363;6;1400;20
18915;1363;7;2737;15
18916;1363;8;2012;10
18917;1363;9;119;5
18918;1363;10;2220;1
18919;1375;1;848;10
18920;1375;1;1807;10
18921;1375;1;52;10
18922;1375;1;1816;10
18923;1364;1;24;100
18924;1364;2;2737;70
18925;1364;3;103;50
18926;1364;4;832;40
18927;1364;5;1792;30
18928;1364;6;261;20
18929;1364;7;254;15
18930;1364;8;976;10
18931;1364;9;2373;5
18932;1364;10;82;1
18933;1376;1;24;10
18934;1376;1;103;10
18935;1376;1;261;10
18936;1377;1;778;100
18937;1377;2;1700;70
18938;1377;3;2055;50
18939;1377;4;1879;40
18940;1377;5;728;30
18941;1377;6;2239;20
18942;1377;7;9;15
18943;1377;8;792;10
18944;1377;9;1919;5
18945;1377;10;3018;1
18946;1409;1;3101;10
18947;1409;1;177;10
18948;1409;1;2563;10
18949;1409;1;778;10
18950;1409;1;1700;10
18951;1409;1;778;10
18952;1409;1;187;10
18953;1409;1;3070;10
18954;1378;1;1700;100
18955;1378;2;778;70
18956;1378;3;599;50
18957;1378;4;2663;40
18958;1378;5;2055;30
18959;1378;6;496;20
18960;1378;7;2550;15
18961;1378;8;817;10
18962;1378;9;2873;5
18963;1378;10;0;1
18964;1410;1;3070;10
18965;1410;1;778;10
18966;1410;1;1700;10
18967;1410;1;496;10
18968;1410;1;2055;10
18969;1410;1;2550;10
18970;1379;1;90;150
18971;1379;2;1322;115
18972;1379;3;2870;95
18973;1379;4;2873;75
18974;1379;5;708;65
18975;1379;6;942;55
18976;1379;7;3182;47
18977;1379;8;1653;40
18978;1379;9;1443;33
18979;1379;10;1473;28
18980;1379;11;187;23
18981;1379;12;742;18
18982;1379;13;175;14
18983;1379;14;2893;11
18984;1379;15;2790;8
18985;1379;16;2298;6
18986;1379;17;395;4
18987;1379;18;2010;3
18988;1379;19;1227;2
18989;1379;20;2563;1
18990;1411;1;90;15
18991;1411;1;2563;15
18992;1411;1;1653;15
18993;1411;1;90;15
18994;1411;1;1322;15
18995;1411;1;1322;15
18996;1411;1;1653;15
18997;1411;1;1653;15
18998;1380;1;1653;150
18999;1380;2;788;115
19000;1380;3;2663;95
19001;1380;4;837;75
19002;1380;5;3070;65
19003;1380;6;1871;55
19004;1380;7;2503;47
19005;1380;8;2923;40
19006;1380;9;2924;33
19007;1380;10;2996;28
19008;1380;11;700;23
19009;1380;12;2873;18
19010;1380;13;187;14
19011;1380;14;1420;11
19012;1380;15;3182;8
19013;1380;16;785;6
19014;1380;17;2716;4
19015;1380;18;2893;3
19016;1380;19;1195;2
19017;1380;20;2102;1
19018;1412;1;3070;15
19019;1412;1;1653;15
19020;1412;1;1653;15
19021;1412;1;3070;15
19022;1412;1;1195;15
19023;1412;1;2503;15
19024;1412;1;1871;15
19025;1381;1;1195;150
19026;1381;2;3070;115
19027;1381;3;1653;95
19028;1381;4;1553;75
19029;1381;5;2873;65
19030;1381;6;2870;55
19031;1381;7;3100;47
19032;1381;8;2134;40
19033;1381;9;1420;33
19034;1381;10;2563;28
19035;1381;11;2201;23
19036;1381;12;2010;18
19037;1381;13;2869;14
19038;1381;14;187;11
19039;1381;15;700;8
19040;1381;16;401;6
19041;1381;17;1580;4
19042;1381;18;2715;3
19043;1381;19;919;2
19044;1381;20;1341;1
19045;1413;1;1195;15
19046;1413;1;1653;15
19047;1413;1;1195;15
19048;1413;1;2923;15
19049;1413;1;1553;15
19050;1413;1;1653;15
19051;1382;1;57;150
19052;1382;2;349;115
19053;1382;3;2235;95
19054;1382;4;1473;75
19055;1382;5;1399;65
19056;1382;6;1856;55
19057;1382;7;2546;47
19058;1382;8;3070;40
19059;1382;9;1541;33
19060;1382;10;1871;28
19061;1382;11;764;23
19062;1382;12;1195;18
19063;1382;13;1401;14
19064;1382;14;512;11
19065;1382;15;3172;8
19066;1382;16;215;6
19067;1382;17;1143;4
19068;1382;18;1775;3
19069;1382;19;2669;2
19070;1382;20;2923;1
19071;1414;1;1473;15
19072;1414;1;3070;15
19073;1414;1;57;15
19074;1414;1;349;15
19075;1414;1;1195;15
19076;1414;1;2235;15
19077;1383;1;762;150
19078;1383;2;2870;115
19079;1383;3;1107;95
19080;1383;4;3191;75
19081;1383;5;228;65
19082;1383;6;1143;55
19083;1383;7;708;47
19084;1383;8;1399;40
19085;1383;9;2037;33
19086;1383;10;349;28
19087;1383;11;872;23
19088;1383;12;837;18
19089;1383;13;2666;14
19090;1383;14;1473;11
19091;1383;15;626;8
19092;1383;16;2339;6
19093;1383;17;2546;4
19094;1383;18;1868;3
19095;1383;19;2996;2
19096;1383;20;2669;1
19097;1415;1;1107;15
19098;1415;1;1107;15
19099;1415;1;1914;15
19100;1415;1;837;15
19101;1415;1;762;15
19102;1415;1;2870;15
19103;1384;1;1107;150
19104;1384;2;728;115
19105;1384;3;2546;95
19106;1384;4;1099;75
19107;1384;5;762;65
19108;1384;6;1341;55
19109;1384;7;467;47
19110;1384;8;2339;40
19111;1384;9;1269;33
19112;1384;10;2686;28
19113;1384;11;3034;23
19114;1384;12;50;18
19115;1384;13;1589;14
19116;1384;14;1399;11
19117;1384;15;1420;8
19118;1384;16;2687;6
19119;1384;17;3070;4
19120;1384;18;1879;3
19121;1384;19;391;2
19122;1384;20;2679;1
19123;1416;1;728;15
19124;1416;1;1107;15
19125;1416;1;1107;15
19126;1416;1;728;15
19127;1416;1;1099;15
19128;1416;1;2503;15
19129;1416;1;1589;15
19130;1385;1;3035;150
19131;1385;2;1418;115
19132;1385;3;2817;95
19133;1385;4;1107;75
19134;1385;5;1211;65
19135;1385;6;228;55
19136;1385;7;1592;47
19137;1385;8;1948;40
19138;1385;9;2546;33
19139;1385;10;1473;28
19140;1385;11;3003;23
19141;1385;12;708;18
19142;1385;13;1775;14
19143;1385;14;3070;11
19144;1385;15;2603;8
19145;1385;16;3115;6
19146;1385;17;2235;4
19147;1385;18;1267;3
19148;1385;19;1719;2
19149;1385;20;2687;1
19150;1417;1;228;15
19151;1417;1;228;15
19152;1417;1;3070;15
19153;1417;1;3035;15
19154;1417;1;1107;15
19155;1417;1;1107;15
19156;1386;1;2216;150
19157;1386;2;1420;115
19158;1386;3;3003;95
19159;1386;4;1399;75
19160;1386;5;2546;65
19161;1386;6;2235;55
19162;1386;7;1341;47
19163;1386;8;3115;40
19164;1386;9;1143;33
19165;1386;10;504;28
19166;1386;11;1887;23
19167;1386;12;1107;18
19168;1386;13;2923;14
19169;1386;14;3172;11
19170;1386;15;2640;8
19171;1386;16;1775;6
19172;1386;17;2698;4
19173;1386;18;228;3
19174;1386;19;391;2
19175;1386;20;208;1
19176;1418;1;228;15
19177;1418;1;2216;15
19178;1418;1;2216;15
19179;1418;1;1195;15
19180;1418;1;2503;15
19181;1418;1;2503;15
19182;1418;1;1341;15
19183;1387;1;3191;150
19184;1387;2;1341;115
19185;1387;3;2216;95
19186;1387;4;1420;75
19187;1387;5;3003;65
19188;1387;6;2870;55
19189;1387;7;3039;47
19190;1387;8;2222;40
19191;1387;9;1719;33
19192;1387;10;2973;28
19193;1387;11;2420;23
19194;1387;12;57;18
19195;1387;13;294;14
19196;1387;14;2742;11
19197;1387;15;411;8
19198;1387;16;1546;6
19199;1387;17;2640;4
19200;1387;18;186;3
19201;1387;19;1879;2
19202;1387;20;293;1
19203;1419;1;2216;15
19204;1419;1;3191;15
19205;1419;1;3003;15
19206;1419;1;186;15
19207;1419;1;555;15
19208;1419;1;1195;15
19209;1419;1;1879;15
19210;1388;1;3039;150
19211;1388;2;2870;115
19212;1388;3;2686;95
19213;1388;4;1420;75
19214;1388;5;3163;65
19215;1388;6;1593;55
19216;1388;7;708;47
19217;1388;8;512;40
19218;1388;9;1617;33
19219;1388;10;294;28
19220;1388;11;2531;23
19221;1388;12;995;18
19222;1388;13;670;14
19223;1388;14;2424;11
19224;1388;15;2216;8
19225;1388;16;204;6
19226;1388;17;554;4
19227;1388;18;2973;3
19228;1388;19;3035;2
19229;1388;20;2222;1
19230;1420;1;512;15
19231;1420;1;554;15
19232;1420;1;2870;15
19233;1420;1;700;15
19234;1420;1;2686;15
19235;1420;1;1593;15
19236;1389;1;3191;150
19237;1389;2;1420;115
19238;1389;3;2216;95
19239;1389;4;2523;75
19240;1389;5;762;65
19241;1389;6;204;55
19242;1389;7;708;47
19243;1389;8;1490;40
19244;1389;9;2406;33
19245;1389;10;2429;28
19246;1389;11;554;23
19247;1389;12;2870;18
19248;1389;13;3001;14
19249;1389;14;728;11
19250;1389;15;959;8
19251;1389;16;2222;6
19252;1389;17;3003;4
19253;1389;18;1617;3
19254;1389;19;2339;2
19255;1389;20;411;1
19256;1421;1;1490;15
19257;1421;1;2222;15
19258;1421;1;2503;15
19259;1421;1;2503;15
19260;1421;1;3191;15
19261;1421;1;2870;15
19262;1390;1;2973;150
19263;1390;2;2870;115
19264;1390;3;1420;95
19265;1390;4;762;75
19266;1390;5;2231;65
19267;1390;6;2523;55
19268;1390;7;1099;47
19269;1390;8;167;40
19270;1390;9;3003;33
19271;1390;10;2216;28
19272;1390;11;2222;23
19273;1390;12;1240;18
19274;1390;13;116;14
19275;1390;14;934;11
19276;1390;15;2923;8
19277;1390;16;163;6
19278;1390;17;603;4
19279;1390;18;1386;3
19280;1390;19;2686;2
19281;1390;20;2406;1
19282;1422;1;1541;15
19283;1422;1;186;15
19284;1422;1;1386;15
19285;1422;1;2973;15
19286;1422;1;762;15
19287;1391;1;2340;150
19288;1391;2;116;115
19289;1391;3;3003;95
19290;1391;4;3191;75
19291;1391;5;762;65
19292;1391;6;554;55
19293;1391;7;2973;47
19294;1391;8;1490;40
19295;1391;9;728;33
19296;1391;10;264;28
19297;1391;11;1107;23
19298;1391;12;2984;18
19299;1391;13;2761;14
19300;1391;14;1592;11
19301;1391;15;2080;8
19302;1391;16;1520;6
19303;1391;17;674;4
19304;1391;18;1519;3
19305;1391;19;2231;2
19306;1391;20;2294;1
19307;1423;1;554;15
19308;1423;1;186;15
19309;1423;1;2340;15
19310;1423;1;3080;15
19311;1423;1;2340;15
19312;1423;1;2340;15
19313;1423;1;2340;15
19314;1392;1;1420;150
19315;1392;2;116;115
19316;1392;3;2389;95
19317;1392;4;2870;75
19318;1392;5;885;65
19319;1392;6;3003;55
19320;1392;7;167;47
19321;1392;8;767;40
19322;1392;9;186;33
19323;1392;10;2984;28
19324;1392;11;2406;23
19325;1392;12;2939;18
19326;1392;13;2523;14
19327;1392;14;129;11
19328;1392;15;1490;8
19329;1392;16;204;6
19330;1392;17;1205;4
19331;1392;18;2698;3
19332;1392;19;1386;2
19333;1392;20;1483;1
19334;1424;1;2563;15
19335;1424;1;885;15
19336;1424;1;1420;15
19337;1424;1;554;15
19338;1424;1;3003;15
19339;1424;1;2870;15
19340;1393;1;1420;150
19341;1393;2;3003;115
19342;1393;3;1090;95
19343;1393;4;1490;75
19344;1393;5;554;65
19345;1393;6;880;55
19346;1393;7;2389;47
19347;1393;8;2523;40
19348;1393;9;447;33
19349;1393;10;1107;28
19350;1393;11;728;23
19351;1393;12;186;18
19352;1393;13;907;14
19353;1393;14;1859;11
19354;1393;15;2843;8
19355;1393;16;1484;6
19356;1393;17;1081;4
19357;1393;18;571;3
19358;1393;19;1691;2
19359;1393;20;1609;1
19360;1425;1;186;15
19361;1425;1;2523;15
19362;1425;1;2389;15
19363;1425;1;1090;15
19364;1425;1;1490;15
19365;1425;1;3003;15
19366;1394;1;1751;150
19367;1394;2;2004;115
19368;1394;3;2870;95
19369;1394;4;3003;75
19370;1394;5;880;65
19371;1394;6;2698;55
19372;1394;7;2500;47
19373;1394;8;2339;40
19374;1394;9;554;33
19375;1394;10;3091;28
19376;1394;11;2389;23
19377;1394;12;2876;18
19378;1394;13;2409;14
19379;1394;14;1592;11
19380;1394;15;959;8
19381;1394;16;1221;6
19382;1394;17;2984;4
19383;1394;18;1203;3
19384;1394;19;2216;2
19385;1394;20;394;1
19386;1426;1;2004;15
19387;1426;1;521;15
19388;1426;1;1751;15
19389;1426;1;554;15
19390;1426;1;880;15
19391;1426;1;959;15
19392;1395;1;2424;150
19393;1395;2;762;115
19394;1395;3;2389;95
19395;1395;4;1221;75
19396;1395;5;784;65
19397;1395;6;3003;55
19398;1395;7;2080;47
19399;1395;8;1233;40
19400;1395;9;2500;33
19401;1395;10;16;28
19402;1395;11;1859;23
19403;1395;12;3161;18
19404;1395;13;1768;14
19405;1395;14;161;11
19406;1395;15;401;8
19407;1395;16;2561;6
19408;1395;17;3071;4
19409;1395;18;2891;3
19410;1395;19;1711;2
19411;1395;20;1484;1
19412;1427;1;880;15
19413;1427;1;762;15
19414;1427;1;16;15
19415;1427;1;1107;15
19416;1427;1;2698;15
19417;1427;1;1233;15
19418;1396;1;880;150
19419;1396;2;116;115
19420;1396;3;2736;95
19421;1396;4;1751;75
19422;1396;5;2389;65
19423;1396;6;127;55
19424;1396;7;600;47
19425;1396;8;3091;40
19426;1396;9;2290;33
19427;1396;10;959;28
19428;1396;11;2889;23
19429;1396;12;3003;18
19430;1396;13;1420;14
19431;1396;14;885;11
19432;1396;15;2903;8
19433;1396;16;2740;6
19434;1396;17;1793;4
19435;1396;18;2939;3
19436;1396;19;110;2
19437;1396;20;1195;1
19438;1428;1;1195;15
19439;1428;1;880;15
19440;1428;1;110;15
19441;1428;1;885;15
19442;1428;1;1420;15
19443;1428;1;829;15
19444;1397;1;1420;150
19445;1397;2;3003;115
19446;1397;3;880;95
19447;1397;4;829;75
19448;1397;5;806;65
19449;1397;6;1107;55
19450;1397;7;16;47
19451;1397;8;2740;40
19452;1397;9;2116;33
19453;1397;10;1361;28
19454;1397;11;600;23
19455;1397;12;2698;18
19456;1397;13;2500;14
19457;1397;14;2102;11
19458;1397;15;2424;8
19459;1397;16;781;6
19460;1397;17;1907;4
19461;1397;18;2290;3
19462;1397;19;3031;2
19463;1397;20;2088;1
19464;1429;1;1107;15
19465;1429;1;1195;15
19466;1429;1;1195;15
19467;1429;1;3003;15
19468;1429;1;3003;15
19469;1429;1;806;15
19470;1429;1;1361;15
19471;1398;1;880;150
19472;1398;2;2736;115
19473;1398;3;1768;95
19474;1398;4;238;75
19475;1398;5;1751;65
19476;1398;6;111;55
19477;1398;7;1837;47
19478;1398;8;1038;40
19479;1398;9;1107;33
19480;1398;10;2622;28
19481;1398;11;262;23
19482;1398;12;521;18
19483;1398;13;568;14
19484;1398;14;1233;11
19485;1398;15;123;8
19486;1398;16;362;6
19487;1398;17;2939;4
19488;1398;18;3041;3
19489;1398;19;167;2
19490;1398;20;1080;1
19491;1430;1;880;15
19492;1430;1;457;15
19493;1430;1;262;15
19494;1430;1;2736;15
19495;1430;1;880;15
19496;1430;1;3041;15
19497;1430;1;2939;15
19498;1399;1;946;150
19499;1399;2;829;115
19500;1399;3;1768;95
19501;1399;4;568;75
19502;1399;5;2574;65
19503;1399;6;2843;55
19504;1399;7;362;47
19505;1399;8;1385;40
19506;1399;9;2810;33
19507;1399;10;230;28
19508;1399;11;1790;23
19509;1399;12;2933;18
19510;1399;13;1534;14
19511;1399;14;3003;11
19512;1399;15;1082;8
19513;1399;16;2597;6
19514;1399;17;918;4
19515;1399;18;2483;3
19516;1399;19;1330;2
19517;1399;20;2485;1
19518;1431;1;1768;15
19519;1431;1;829;15
19520;1431;1;2597;15
19521;1431;1;1768;15
19522;1431;1;946;15
19523;1431;1;362;15
19524;1431;1;841;15
19525;1400;1;880;150
19526;1400;2;458;115
19527;1400;3;1669;95
19528;1400;4;111;75
19529;1400;5;1768;65
19530;1400;6;1389;55
19531;1400;7;1813;47
19532;1400;8;2097;40
19533;1400;9;127;33
19534;1400;10;925;28
19535;1400;11;2521;23
19536;1400;12;1612;18
19537;1400;13;2843;14
19538;1400;14;1527;11
19539;1400;15;2939;8
19540;1400;16;1330;6
19541;1400;17;2810;4
19542;1400;18;1534;3
19543;1400;19;75;2
19544;1400;20;362;1
19545;1432;1;1768;15
19546;1432;1;925;15
19547;1432;1;1768;15
19548;1432;1;1082;15
19549;1432;1;1813;15
19550;1432;1;629;15
19551;1432;1;1527;15
19552;1432;1;458;15
19553;1401;1;781;100
19554;1401;2;111;75
19555;1401;3;848;60
19556;1401;4;262;50
19557;1401;5;2004;45
19558;1401;6;305;40
19559;1401;7;2424;35
19560;1401;8;1768;30
19561;1401;9;880;25
19562;1401;10;629;20
19563;1401;11;2939;15
19564;1401;12;863;10
19565;1401;13;1512;8
19566;1401;14;1389;7
19567;1401;15;925;6
19568;1401;16;3104;5
19569;1401;17;2290;4
19570;1401;18;1751;3
19571;1401;19;127;2
19572;1401;20;1027;1
19573;1433;1;2004;10
19574;1433;1;2424;10
19575;1433;1;2004;10
19576;1433;1;848;10
19577;1433;1;2004;10
19578;1433;1;111;10
19579;1433;1;629;10
19580;1402;1;1768;100
19581;1402;2;848;75
19582;1402;3;1125;60
19583;1402;4;3003;50
19584;1402;5;2954;45
19585;1402;6;2424;40
19586;1402;7;2622;35
19587;1402;8;275;30
19588;1402;9;127;25
19589;1402;10;2628;20
19590;1402;11;1512;15
19591;1402;12;925;10
19592;1402;13;1715;8
19593;1402;14;1681;7
19594;1402;15;91;6
19595;1402;16;888;5
19596;1402;17;929;4
19597;1402;18;1720;3
19598;1402;19;2373;2
19599;1402;20;2978;1
19600;1434;1;1768;10
19601;1434;1;2978;10
19602;1434;1;1715;10
19603;1434;1;1125;10
19604;1434;1;1669;10
19605;1434;1;2954;10
19606;1434;1;2804;10
19607;1403;1;1768;100
19608;1403;2;848;75
19609;1403;3;1837;60
19610;1403;4;629;50
19611;1403;5;781;45
19612;1403;6;1720;40
19613;1403;7;925;35
19614;1403;8;1907;30
19615;1403;9;986;25
19616;1403;10;2954;20
19617;1403;11;929;15
19618;1403;12;1534;10
19619;1403;13;2623;8
19620;1403;14;2097;7
19621;1403;15;1088;6
19622;1403;16;1113;5
19623;1403;17;2295;4
19624;1403;18;952;3
19625;1403;19;521;2
19626;1403;20;85;1
19627;1435;1;629;10
19628;1435;1;781;10
19629;1435;1;629;10
19630;1435;1;1768;10
19631;1435;1;2623;10
19632;1435;1;83;10
19633;1435;1;848;10
19634;1404;1;1534;100
19635;1404;2;2496;75
19636;1404;3;1825;60
19637;1404;4;545;50
19638;1404;5;362;45
19639;1404;6;848;40
19640;1404;7;1772;35
19641;1404;8;781;30
19642;1404;9;1768;25
19643;1404;10;2025;20
19644;1404;11;1837;15
19645;1404;12;1720;10
19646;1404;13;2085;8
19647;1404;14;925;7
19648;1404;15;629;6
19649;1404;16;871;5
19650;1404;17;317;4
19651;1404;18;2474;3
19652;1404;19;986;2
19653;1404;20;1007;1
19654;1436;1;347;10
19655;1436;1;2080;10
19656;1436;1;3104;10
19657;1436;1;1772;10
19658;1436;1;848;10
19659;1436;1;781;10
19660;1405;1;1837;100
19661;1405;2;1816;75
19662;1405;3;875;60
19663;1405;4;1720;50
19664;1405;5;863;45
19665;1405;6;127;40
19666;1405;7;2978;35
19667;1405;8;568;30
19668;1405;9;829;25
19669;1405;10;3051;20
19670;1405;11;1534;15
19671;1405;12;589;10
19672;1405;13;1768;8
19673;1405;14;2082;7
19674;1405;15;1676;6
19675;1405;16;1212;5
19676;1405;17;2665;4
19677;1405;18;320;3
19678;1405;19;1113;2
19679;1405;20;986;1
19680;1437;1;875;10
19681;1437;1;1807;10
19682;1437;1;1837;10
19683;1437;1;1816;10
19684;1437;1;1837;10
19685;1437;1;1807;10
19686;1406;1;67;100
19687;1406;2;2085;75
19688;1406;3;975;60
19689;1406;4;2779;50
19690;1406;5;2578;45
19691;1406;6;2681;40
19692;1406;7;832;35
19693;1406;8;1087;30
19694;1406;9;2220;25
19695;1406;10;2344;20
19696;1406;11;1453;15
19697;1406;12;152;10
19698;1406;13;298;8
19699;1406;14;82;7
19700;1406;15;1792;6
19701;1406;16;1088;5
19702;1406;17;2597;4
19703;1406;18;3165;3
19704;1406;19;1444;2
19705;1406;20;2625;1
19706;1438;1;67;10
19707;1438;1;1036;10
19708;1438;1;67;10
19709;1438;1;67;10
19710;1438;1;3165;10
19711;1438;1;67;10
19712;1407;1;1816;100
19713;1407;2;1807;75
19714;1407;3;2220;60
19715;1407;4;2625;50
19716;1407;5;562;45
19717;1407;6;2085;40
19718;1407;7;2333;35
19719;1407;8;506;30
19720;1407;9;198;25
19721;1407;10;2597;20
19722;1407;11;1427;15
19723;1407;12;2080;10
19724;1407;13;2133;8
19725;1407;14;975;7
19726;1407;15;587;6
19727;1407;16;925;5
19728;1407;17;2527;4
19729;1407;18;79;3
19730;1407;19;2613;2
19731;1407;20;2120;1
19732;1439;1;2220;10
19733;1439;1;347;10
19734;1439;1;1799;10
19735;1439;1;1807;10
19736;1439;1;1816;10
19737;1408;1;2628;100
19738;1408;2;2220;75
19739;1408;3;423;60
19740;1408;4;1837;50
19741;1408;5;2085;45
19742;1408;6;2208;40
19743;1408;7;1511;35
19744;1408;8;115;30
19745;1408;9;1712;25
19746;1408;10;2908;20
19747;1408;11;1946;15
19748;1408;12;2752;10
19749;1408;13;562;8
19750;1408;14;790;7
19751;1408;15;2700;6
19752;1408;16;1753;5
19753;1408;17;3250;4
19754;1408;18;2660;3
19755;1408;19;1503;2
19756;1408;20;273;1
19757;1440;1;1946;10
19758;1440;1;2096;10
19759;1440;1;2096;10
19760;1440;1;1837;10
19761;1440;1;2220;10
19762;1440;1;2660;10
19763;1441;1;1707;100
19764;1441;2;1541;70
19765;1441;3;496;50
19766;1441;4;3070;40
19767;1441;5;2010;30
19768;1441;6;857;20
19769;1441;7;1211;15
19770;1441;8;1699;10
19771;1441;9;2663;5
19772;1441;10;314;1
19773;1442;1;1541;10
19774;1442;1;1707;10
19775;1442;1;857;10
19776;1442;1;1707;10
19777;1443;1;2546;100
19778;1443;2;345;70
19779;1443;3;50;50
19780;1443;4;1095;40
19781;1443;5;2268;30
19782;1443;6;2046;20
19783;1443;7;3034;15
19784;1443;8;1420;10
19785;1443;9;1861;5
19786;1443;10;3070;1
19787;1445;1;345;10
19788;1445;1;2546;10
19789;1445;1;2307;10
19790;1445;1;1095;10
19791;1444;1;1107;100
19792;1444;2;2887;70
19793;1444;3;2304;50
19794;1444;4;2046;40
19795;1444;5;816;30
19796;1444;6;1195;20
19797;1444;7;2307;15
19798;1444;8;2913;10
19799;1444;9;3039;5
19800;1444;10;2562;1
19801;1446;1;2304;10
19802;1446;1;2887;10
19803;1446;1;1107;10
19804;1446;1;816;10
19805;1447;1;50;100
19806;1447;2;2546;70
19807;1447;3;2913;50
19808;1447;4;1700;40
19809;1447;5;3034;30
19810;1447;6;1399;20
19811;1447;7;2881;15
19812;1447;8;2307;10
19813;1447;9;1235;5
19814;1447;10;2046;1
19815;1453;1;1700;10
19816;1453;1;2546;10
19817;1453;1;656;10
19818;1453;1;2046;10
19819;1448;1;3182;100
19820;1448;2;1700;70
19821;1448;3;1187;50
19822;1448;4;2545;40
19823;1448;5;2046;30
19824;1448;6;1107;20
19825;1448;7;2304;15
19826;1448;8;3034;10
19827;1448;9;1095;5
19828;1448;10;2913;1
19829;1454;1;1187;10
19830;1454;1;1700;10
19831;1454;1;1187;10
19832;1454;1;2046;10
19833;1449;1;1700;100
19834;1449;2;2881;70
19835;1449;3;2913;50
19836;1449;4;2304;40
19837;1449;5;2946;30
19838;1449;6;3182;20
19839;1449;7;3035;15
19840;1449;8;2948;10
19841;1449;9;1227;5
19842;1449;10;422;1
19843;1455;1;1700;10
19844;1455;1;2913;10
19845;1455;1;2307;10
19846;1455;1;2913;10
19847;1450;1;762;100
19848;1450;2;2546;70
19849;1450;3;1700;50
19850;1450;4;2913;40
19851;1450;5;1399;30
19852;1450;6;2955;20
19853;1450;7;3182;15
19854;1450;8;1785;10
19855;1450;9;3183;5
19856;1450;10;1443;1
19857;1456;1;2913;10
19858;1456;1;762;10
19859;1456;1;3182;10
19860;1456;1;3182;10
19861;1451;1;1700;100
19862;1451;2;3182;70
19863;1451;3;2010;50
19864;1451;4;2870;40
19865;1451;5;411;30
19866;1451;6;778;20
19867;1451;7;2913;15
19868;1451;8;1187;10
19869;1451;9;422;5
19870;1451;10;1622;1
19871;1457;1;1700;10
19872;1457;1;471;10
19873;1457;1;3182;10
19874;1457;1;3182;10
19875;1452;1;1541;100
19876;1452;2;1700;70
19877;1452;3;3182;50
19878;1452;4;1929;40
19879;1452;5;411;30
19880;1452;6;2913;20
19881;1452;7;343;15
19882;1452;8;1785;10
19883;1452;9;2201;5
19884;1452;10;2303;1
19885;1458;1;1541;10
19886;1458;1;1775;10
19887;1458;1;2150;10
19888;1458;1;3182;10
19889;1459;1;486;100
19890;1459;2;50;70
19891;1459;3;2546;50
19892;1459;4;1399;40
19893;1459;5;3039;30
19894;1459;6;2421;20
19895;1459;7;1095;15
19896;1459;8;1045;10
19897;1459;9;812;5
19898;1459;10;2319;1
19899;1466;1;486;10
19900;1466;1;486;10
19901;1460;1;1095;100
19902;1460;2;2887;70
19903;1460;3;1388;50
19904;1460;4;2611;40
19905;1460;5;1045;30
19906;1460;6;2889;20
19907;1460;7;2057;15
19908;1460;8;2421;10
19909;1460;9;486;5
19910;1460;10;962;1
19911;1467;1;2889;10
19912;1467;1;2057;10
19913;1467;1;2057;10
19914;1467;1;2887;10
19915;1461;1;3183;100
19916;1461;2;1323;70
19917;1461;3;2829;50
19918;1461;4;2831;40
19919;1461;5;1673;30
19920;1461;6;2304;20
19921;1461;7;574;15
19922;1461;8;2830;10
19923;1461;9;812;5
19924;1461;10;2141;1
19925;1468;1;1323;10
19926;1468;1;1323;10
19927;1468;1;574;10
19928;1468;1;1247;10
19929;1462;1;497;100
19930;1462;2;2831;70
19931;1462;3;1323;50
19932;1462;4;2899;40
19933;1462;5;486;30
19934;1462;6;2913;20
19935;1462;7;2114;15
19936;1462;8;962;10
19937;1462;9;517;5
19938;1462;10;1241;1
19939;1469;1;497;10
19940;1469;1;1323;10
19941;1469;1;2114;10
19942;1463;1;486;100
19943;1463;2;2887;70
19944;1463;3;1785;50
19945;1463;4;3039;40
19946;1463;5;2546;30
19947;1463;6;2114;20
19948;1463;7;951;15
19949;1463;8;2859;10
19950;1463;9;1374;5
19951;1463;10;1180;1
19952;1470;1;215;10
19953;1470;1;486;10
19954;1470;1;2546;10
19955;1464;1;1420;100
19956;1464;2;1700;70
19957;1464;3;215;50
19958;1464;4;2546;40
19959;1464;5;3034;30
19960;1464;6;1749;20
19961;1464;7;454;15
19962;1464;8;1044;10
19963;1464;9;3039;5
19964;1464;10;2859;1
19965;1471;1;1700;10
19966;1471;1;2859;10
19967;1471;1;951;10
19968;1471;1;1420;10
19969;1465;1;1044;100
19970;1465;2;1420;70
19971;1465;3;2996;50
19972;1465;4;2709;40
19973;1465;5;588;30
19974;1465;6;2887;20
19975;1465;7;1473;15
19976;1465;8;2672;10
19977;1465;9;2728;5
19978;1465;10;2677;1
19979;1472;1;1044;10
19980;1472;1;1089;10
19981;1472;1;1473;10
19982;1472;1;486;10
19983;1473;1;2235;100
19984;1473;2;2887;70
19985;1473;3;1446;50
19986;1473;4;3172;40
19987;1473;5;708;30
19988;1473;6;496;20
19989;1473;7;2266;15
19990;1473;8;764;10
19991;1473;9;2010;5
19992;1473;10;2057;1
19993;1474;1;1207;10
19994;1474;1;3172;10
19995;1474;1;2235;10
19996;1474;1;708;10
19997;1474;1;2235;10
19998;1475;1;1861;150
19999;1475;2;2546;115
20000;1475;3;588;95
20001;1475;4;1143;75
20002;1475;5;2887;65
20003;1475;6;3039;55
20004;1475;7;962;47
20005;1475;8;2955;40
20006;1475;9;812;33
20007;1475;10;2889;28
20008;1475;11;2470;23
20009;1475;12;762;18
20010;1475;13;2913;14
20011;1475;14;1095;11
20012;1475;15;3046;8
20013;1475;16;2859;6
20014;1475;17;1966;4
20015;1475;18;349;3
20016;1475;19;2057;2
20017;1475;20;728;1
20018;1478;1;2546;15
20019;1478;1;1861;15
20020;1478;1;588;15
20021;1476;1;50;150
20022;1476;2;2588;115
20023;1476;3;1541;95
20024;1476;4;486;75
20025;1476;5;3046;65
20026;1476;6;2503;55
20027;1476;7;1861;47
20028;1476;8;3039;40
20029;1476;9;2046;33
20030;1476;10;762;28
20031;1476;11;1192;23
20032;1476;12;2235;18
20033;1476;13;1929;14
20034;1476;14;2996;11
20035;1476;15;497;8
20036;1476;16;1388;6
20037;1476;17;3070;4
20038;1476;18;2831;3
20039;1476;19;2014;2
20040;1476;20;951;1
20041;1479;1;3070;15
20042;1479;1;2588;15
20043;1479;1;2503;15
20044;1477;1;2546;150
20045;1477;2;57;115
20046;1477;3;1143;95
20047;1477;4;959;75
20048;1477;5;1107;65
20049;1477;6;3046;55
20050;1477;7;2298;47
20051;1477;8;2889;40
20052;1477;9;1700;33
20053;1477;10;486;28
20054;1477;11;3172;23
20055;1477;12;349;18
20056;1477;13;2957;14
20057;1477;14;1929;11
20058;1477;15;2588;8
20059;1477;16;812;6
20060;1477;17;764;4
20061;1477;18;3171;3
20062;1477;19;2831;2
20063;1477;20;1399;1
20064;1480;1;1143;15
20065;1480;1;57;15
20066;1480;1;1107;15
20067;1481;1;1192;100
20068;1481;2;2588;70
20069;1481;3;959;50
20070;1481;4;2275;40
20071;1481;5;3046;30
20072;1481;6;2784;20
20073;1481;7;2414;15
20074;1481;8;2179;10
20075;1481;9;2761;5
20076;1481;10;57;1
20077;1482;1;959;100
20078;1482;2;2588;70
20079;1482;3;2761;50
20080;1482;4;3046;40
20081;1482;5;1952;30
20082;1482;6;2275;20
20083;1482;7;1192;15
20084;1482;8;1651;10
20085;1482;9;2266;5
20086;1482;10;1830;1
20087;1502;1;2266;10
20088;1502;1;959;10
20089;1502;1;3046;10
20090;1502;1;959;10
20091;1483;1;959;100
20092;1483;2;57;70
20093;1483;3;3070;50
20094;1483;4;2761;40
20095;1483;5;1323;30
20096;1483;6;2223;20
20097;1483;7;2228;15
20098;1483;8;1211;10
20099;1483;9;2537;5
20100;1483;10;2588;1
20101;1503;1;1487;10
20102;1503;1;2761;10
20103;1503;1;959;10
20104;1503;1;2503;10
20105;1503;1;57;10
20106;1503;1;959;10
20107;1484;1;2516;150
20108;1484;2;959;115
20109;1484;3;349;95
20110;1484;4;2943;75
20111;1484;5;57;65
20112;1484;6;812;55
20113;1484;7;2588;47
20114;1484;8;1192;40
20115;1484;9;3172;33
20116;1484;10;1856;28
20117;1484;11;1700;23
20118;1484;12;1323;18
20119;1484;13;3046;14
20120;1484;14;1929;11
20121;1484;15;2339;8
20122;1484;16;2923;6
20123;1484;17;2785;4
20124;1484;18;764;3
20125;1484;19;700;2
20126;1484;20;1487;1
20127;1504;1;283;15
20128;1504;1;2516;15
20129;1504;1;57;15
20130;1504;1;1016;15
20131;1504;1;2588;15
20132;1504;1;187;15
20133;1504;1;959;15
20134;1485;1;2228;150
20135;1485;2;959;115
20136;1485;3;1375;95
20137;1485;4;2449;75
20138;1485;5;2588;65
20139;1485;6;1830;55
20140;1485;7;1192;47
20141;1485;8;2223;40
20142;1485;9;3046;33
20143;1485;10;2492;28
20144;1485;11;1580;23
20145;1485;12;401;18
20146;1485;13;3182;14
20147;1485;14;1856;11
20148;1485;15;391;8
20149;1485;16;2640;6
20150;1485;17;676;4
20151;1485;18;58;3
20152;1485;19;2001;2
20153;1485;20;2266;1
20154;1505;1;283;15
20155;1505;1;959;15
20156;1505;1;1089;15
20157;1505;1;959;15
20158;1505;1;959;15
20159;1505;1;3182;15
20160;1486;1;959;150
20161;1486;2;2889;115
20162;1486;3;2516;95
20163;1486;4;2943;75
20164;1486;5;676;65
20165;1486;6;962;55
20166;1486;7;349;47
20167;1486;8;1830;40
20168;1486;9;1929;33
20169;1486;10;1375;28
20170;1486;11;411;23
20171;1486;12;2339;18
20172;1486;13;1700;14
20173;1486;14;726;11
20174;1486;15;3182;8
20175;1486;16;728;6
20176;1486;17;2714;4
20177;1486;18;3162;3
20178;1486;19;2523;2
20179;1486;20;3046;1
20180;1506;1;728;15
20181;1506;1;3182;15
20182;1506;1;959;15
20183;1506;1;3182;15
20184;1506;1;728;15
20185;1487;1;2516;150
20186;1487;2;959;115
20187;1487;3;2889;95
20188;1487;4;728;75
20189;1487;5;962;65
20190;1487;6;3039;55
20191;1487;7;1375;47
20192;1487;8;676;40
20193;1487;9;2943;33
20194;1487;10;2339;28
20195;1487;11;504;23
20196;1487;12;2996;18
20197;1487;13;762;14
20198;1487;14;2523;11
20199;1487;15;1700;8
20200;1487;16;57;6
20201;1487;17;2588;4
20202;1487;18;2629;3
20203;1487;19;1267;2
20204;1487;20;2687;1
20205;1507;1;728;15
20206;1507;1;959;15
20207;1507;1;2516;15
20208;1488;1;3182;100
20209;1488;2;959;70
20210;1488;3;2606;50
20211;1488;4;57;40
20212;1488;5;2339;30
20213;1488;6;2726;20
20214;1488;7;1948;15
20215;1488;8;2523;10
20216;1488;9;1123;5
20217;1488;10;2389;1
20218;1508;1;3182;10
20219;1508;1;959;10
20220;1508;1;3182;10
20221;1489;1;959;100
20222;1489;2;2339;70
20223;1489;3;3182;50
20224;1489;4;2340;40
20225;1489;5;2606;30
20226;1489;6;1375;20
20227;1489;7;2216;15
20228;1489;8;2493;10
20229;1489;9;401;5
20230;1489;10;2686;1
20231;1509;1;2339;10
20232;1509;1;959;10
20233;1509;1;2389;10
20234;1490;1;1858;150
20235;1490;2;2870;115
20236;1490;3;1399;95
20237;1490;4;762;75
20238;1490;5;2546;65
20239;1490;6;1420;55
20240;1490;7;3182;47
20241;1490;8;3039;40
20242;1490;9;2785;33
20243;1490;10;2429;28
20244;1490;11;411;23
20245;1490;12;349;18
20246;1490;13;0;14
20247;1490;14;0;11
20248;1490;15;0;8
20249;1490;16;0;6
20250;1490;17;0;4
20251;1490;18;0;3
20252;1490;19;0;2
20253;1490;20;0;1
20254;1510;1;2546;15
20255;1510;1;1123;15
20256;1491;1;2984;150
20257;1491;2;3182;115
20258;1491;3;2222;95
20259;1491;4;762;75
20260;1491;5;2870;65
20261;1491;6;1399;55
20262;1491;7;1420;47
20263;1491;8;554;40
20264;1491;9;1490;33
20265;1491;10;264;28
20266;1491;11;2429;23
20267;1491;12;3003;18
20268;1491;13;167;14
20269;1491;14;2406;11
20270;1491;15;349;8
20271;1491;16;3001;6
20272;1491;17;558;4
20273;1491;18;728;3
20274;1491;19;1580;2
20275;1491;20;1235;1
20276;1511;1;2984;15
20277;1511;1;3182;15
20278;1511;1;2563;15
20279;1511;1;3182;15
20280;1492;1;2889;100
20281;1492;2;2339;70
20282;1492;3;1420;50
20283;1492;4;3003;40
20284;1492;5;3182;30
20285;1492;6;762;20
20286;1492;7;264;15
20287;1492;8;2302;10
20288;1492;9;167;5
20289;1492;10;2466;1
20290;1512;1;1057;10
20291;1512;1;2889;10
20292;1512;1;1057;10
20293;1512;1;762;10
20294;1512;1;2090;10
20295;1493;1;2889;150
20296;1493;2;2339;115
20297;1493;3;762;95
20298;1493;4;2340;75
20299;1493;5;2466;65
20300;1493;6;600;55
20301;1493;7;554;47
20302;1493;8;2984;40
20303;1493;9;3003;33
20304;1493;10;167;28
20305;1493;11;2943;23
20306;1493;12;3080;18
20307;1493;13;1490;14
20308;1493;14;2523;11
20309;1493;15;2950;8
20310;1493;16;2222;6
20311;1493;17;2247;4
20312;1493;18;2227;3
20313;1493;19;3134;2
20314;1493;20;3078;1
20315;1513;1;2889;15
20316;1513;1;2889;15
20317;1513;1;167;15
20318;1494;1;762;150
20319;1494;2;959;115
20320;1494;3;2889;95
20321;1494;4;3003;75
20322;1494;5;600;65
20323;1494;6;2607;55
20324;1494;7;167;47
20325;1494;8;767;40
20326;1494;9;264;33
20327;1494;10;2098;28
20328;1494;11;561;23
20329;1494;12;1090;18
20330;1494;13;2247;14
20331;1494;14;933;11
20332;1494;15;3078;8
20333;1494;16;0;6
20334;1494;17;0;4
20335;1494;18;0;3
20336;1494;19;0;2
20337;1494;20;0;1
20338;1514;1;762;15
20339;1514;1;762;15
20340;1495;1;959;150
20341;1495;2;1921;115
20342;1495;3;600;95
20343;1495;4;2339;75
20344;1495;5;762;65
20345;1495;6;1420;55
20346;1495;7;1090;47
20347;1495;8;3003;40
20348;1495;9;2004;33
20349;1495;10;2247;28
20350;1495;11;2080;23
20351;1495;12;3078;18
20352;1495;13;59;14
20353;1495;14;2389;11
20354;1495;15;2984;8
20355;1495;16;2222;6
20356;1495;17;2438;4
20357;1495;18;2919;3
20358;1495;19;2761;2
20359;1495;20;176;1
20360;1515;1;2563;15
20361;1515;1;959;15
20362;1515;1;176;15
20363;1496;1;2340;150
20364;1496;2;447;115
20365;1496;3;2889;95
20366;1496;4;1592;75
20367;1496;5;1420;65
20368;1496;6;600;55
20369;1496;7;1921;47
20370;1496;8;762;40
20371;1496;9;959;33
20372;1496;10;3003;28
20373;1496;11;546;23
20374;1496;12;728;18
20375;1496;13;985;14
20376;1496;14;2466;11
20377;1496;15;2222;8
20378;1496;16;2607;6
20379;1496;17;2048;4
20380;1496;18;59;3
20381;1496;19;394;2
20382;1496;20;1490;1
20383;1516;1;2563;15
20384;1516;1;2340;15
20385;1497;1;885;150
20386;1497;2;1420;115
20387;1497;3;600;95
20388;1497;4;798;75
20389;1497;5;2903;65
20390;1497;6;3003;55
20391;1497;7;779;47
20392;1497;8;768;40
20393;1497;9;2740;33
20394;1497;10;762;28
20395;1497;11;3078;23
20396;1497;12;2736;18
20397;1497;13;2521;14
20398;1497;14;2939;11
20399;1497;15;118;8
20400;1497;16;3161;6
20401;1497;17;1224;4
20402;1497;18;2389;3
20403;1497;19;2544;2
20404;1497;20;2436;1
20405;1517;1;885;15
20406;1517;1;1195;15
20407;1517;1;798;15
20408;1498;1;1420;150
20409;1498;2;880;115
20410;1498;3;2939;95
20411;1498;4;885;75
20412;1498;5;2544;65
20413;1498;6;2615;55
20414;1498;7;1195;47
20415;1498;8;2521;40
20416;1498;9;933;33
20417;1498;10;2389;28
20418;1498;11;2740;23
20419;1498;12;806;18
20420;1498;13;2903;14
20421;1498;14;2736;11
20422;1498;15;2290;8
20423;1498;16;959;6
20424;1498;17;779;4
20425;1498;18;2889;3
20426;1498;19;2102;2
20427;1498;20;2116;1
20428;1518;1;1195;15
20429;1518;1;1420;15
20430;1518;1;880;15
20431;1499;1;1751;150
20432;1499;2;2424;115
20433;1499;3;885;95
20434;1499;4;2389;75
20435;1499;5;2617;65
20436;1499;6;521;55
20437;1499;7;63;47
20438;1499;8;1907;40
20439;1499;9;2740;33
20440;1499;10;1090;28
20441;1499;11;959;23
20442;1499;12;2939;18
20443;1499;13;1420;14
20444;1499;14;600;11
20445;1499;15;1361;8
20446;1499;16;2544;6
20447;1499;17;1203;4
20448;1499;18;1551;3
20449;1499;19;1513;2
20450;1499;20;2340;1
20451;1519;1;2389;15
20452;1519;1;959;15
20453;1519;1;1751;15
20454;1500;1;946;150
20455;1500;2;2939;115
20456;1500;3;2936;95
20457;1500;4;806;75
20458;1500;5;1038;65
20459;1500;6;880;55
20460;1500;7;2736;47
20461;1500;8;2889;40
20462;1500;9;1361;33
20463;1500;10;2617;28
20464;1500;11;997;23
20465;1500;12;1337;18
20466;1500;13;2714;14
20467;1500;14;2724;11
20468;1500;15;654;8
20469;1500;16;1203;6
20470;1500;17;852;4
20471;1500;18;546;3
20472;1500;19;1907;2
20473;1500;20;674;1
20474;1520;1;946;15
20475;1520;1;2736;15
20476;1501;1;1511;100
20477;1501;2;600;75
20478;1501;3;2834;60
20479;1501;4;767;50
20480;1501;5;1217;45
20481;1501;6;2967;40
20482;1501;7;2863;35
20483;1501;8;309;30
20484;1501;9;231;25
20485;1501;10;2579;20
20486;1501;11;138;15
20487;1501;12;2482;10
20488;1501;13;2097;8
20489;1501;14;654;7
20490;1501;15;226;6
20491;1501;16;2810;5
20492;1501;17;3148;4
20493;1501;18;2237;3
20494;1501;19;2244;2
20495;1501;20;1961;1
20496;1521;1;1511;10
20497;1521;1;2967;10
20498;1522;1;1473;100
20499;1522;2;837;70
20500;1522;3;588;50
20501;1522;4;1446;40
20502;1522;5;228;30
20503;1522;6;1322;20
20504;1522;7;1627;15
20505;1522;8;2996;10
20506;1522;9;496;5
20507;1522;10;708;1
20508;1526;1;1478;10
20509;1526;1;1473;10
20510;1526;1;3070;10
20511;1526;1;228;10
20512;1526;1;1871;10
20513;1526;1;1322;10
20514;1526;1;1478;10
20515;1526;1;2996;10
20516;1526;1;1478;10
20517;1523;1;228;100
20518;1523;2;2442;70
20519;1523;3;1473;50
20520;1523;4;2859;40
20521;1523;5;830;30
20522;1523;6;1446;20
20523;1523;7;526;15
20524;1523;8;2997;10
20525;1523;9;1948;5
20526;1523;10;2605;1
20527;1527;1;1473;10
20528;1527;1;1478;10
20529;1527;1;228;10
20530;1527;1;1446;10
20531;1527;1;2345;10
20532;1527;1;830;10
20533;1527;1;228;10
20534;1524;1;1948;100
20535;1524;2;228;70
20536;1524;3;830;50
20537;1524;4;708;40
20538;1524;5;2864;30
20539;1524;6;2711;20
20540;1524;7;728;15
20541;1524;8;1399;10
20542;1524;9;1418;5
20543;1524;10;2442;1
20544;1528;1;849;10
20545;1528;1;2864;10
20546;1528;1;1577;10
20547;1528;1;228;10
20548;1528;1;708;10
20549;1528;1;2503;10
20550;1528;1;1948;10
20551;1525;1;1041;100
20552;1525;2;2687;70
20553;1525;3;228;50
20554;1525;4;1948;40
20555;1525;5;1267;30
20556;1525;6;830;20
20557;1525;7;2996;15
20558;1525;8;1418;10
20559;1525;9;3115;5
20560;1525;10;2780;1
20561;1529;1;1107;10
20562;1529;1;2216;10
20563;1529;1;1041;10
20564;1529;1;2687;10
20565;1529;1;2184;10
20566;1529;1;2687;10
20567;1530;1;349;150
20568;1530;2;726;115
20569;1530;3;1653;95
20570;1530;4;2785;75
20571;1530;5;2537;65
20572;1530;6;2761;55
20573;1530;7;1700;47
20574;1530;8;2228;40
20575;1530;9;812;33
20576;1530;10;676;28
20577;1530;11;951;23
20578;1530;12;1546;18
20579;1530;13;2899;14
20580;1530;14;422;11
20581;1530;15;854;8
20582;1530;16;3052;6
20583;1530;17;2201;4
20584;1530;18;2923;3
20585;1530;19;2049;2
20586;1530;20;2180;1
20587;1554;1;1653;15
20588;1554;1;349;15
20589;1554;1;726;15
20590;1554;1;812;15
20591;1531;1;1192;150
20592;1531;2;2943;115
20593;1531;3;2785;95
20594;1531;4;3182;75
20595;1531;5;1700;65
20596;1531;6;762;55
20597;1531;7;87;47
20598;1531;8;2228;40
20599;1531;9;2266;33
20600;1531;10;676;28
20601;1531;11;1830;23
20602;1531;12;3148;18
20603;1531;13;840;14
20604;1531;14;2223;11
20605;1531;15;2410;8
20606;1531;16;2589;6
20607;1531;17;2881;4
20608;1531;18;3162;3
20609;1531;19;2715;2
20610;1531;20;2823;1
20611;1555;1;2943;15
20612;1555;1;2785;15
20613;1555;1;2785;15
20614;1555;1;1192;15
20615;1555;1;3182;15
20616;1555;1;1700;15
20617;1532;1;3046;150
20618;1532;2;2516;115
20619;1532;3;1700;95
20620;1532;4;959;75
20621;1532;5;1192;65
20622;1532;6;1399;55
20623;1532;7;1929;47
20624;1532;8;2881;40
20625;1532;9;2588;33
20626;1532;10;2546;28
20627;1532;11;962;23
20628;1532;12;964;18
20629;1532;13;2785;14
20630;1532;14;1836;11
20631;1532;15;2687;8
20632;1532;16;1016;6
20633;1532;17;1856;4
20634;1532;18;3183;3
20635;1532;19;2761;2
20636;1532;20;676;1
20637;1556;1;2783;15
20638;1556;1;1016;15
20639;1556;1;1836;15
20640;1556;1;283;15
20641;1556;1;1192;15
20642;1556;1;2687;15
20643;1556;1;2516;15
20644;1533;1;762;150
20645;1533;2;959;115
20646;1533;3;1830;95
20647;1533;4;1016;75
20648;1533;5;2943;65
20649;1533;6;349;55
20650;1533;7;2761;47
20651;1533;8;3046;40
20652;1533;9;207;33
20653;1533;10;676;28
20654;1533;11;3070;23
20655;1533;12;2546;18
20656;1533;13;343;14
20657;1533;14;2726;11
20658;1533;15;1856;8
20659;1533;16;2201;6
20660;1533;17;1095;4
20661;1533;18;962;3
20662;1533;19;2687;2
20663;1533;20;3183;1
20664;1557;1;762;15
20665;1557;1;1016;15
20666;1557;1;762;15
20667;1557;1;762;15
20668;1557;1;3070;15
20669;1557;1;1016;15
20670;1557;1;3070;15
20671;1534;1;3182;150
20672;1534;2;2785;115
20673;1534;3;959;95
20674;1534;4;3039;75
20675;1534;5;2726;65
20676;1534;6;3046;55
20677;1534;7;2588;47
20678;1534;8;2606;40
20679;1534;9;962;33
20680;1534;10;486;28
20681;1534;11;3003;23
20682;1534;12;2687;18
20683;1534;13;1929;14
20684;1534;14;1235;11
20685;1534;15;2001;8
20686;1534;16;1341;6
20687;1534;17;1589;4
20688;1534;18;1934;3
20689;1534;19;391;2
20690;1534;20;2672;1
20691;1558;1;57;15
20692;1558;1;3182;15
20693;1558;1;3182;15
20694;1558;1;3182;15
20695;1558;1;3182;15
20696;1558;1;1016;15
20697;1558;1;2687;15
20698;1535;1;2339;150
20699;1535;2;3182;115
20700;1535;3;2546;95
20701;1535;4;762;75
20702;1535;5;1235;65
20703;1535;6;2588;55
20704;1535;7;959;47
20705;1535;8;2216;40
20706;1535;9;2001;33
20707;1535;10;2889;28
20708;1535;11;2523;23
20709;1535;12;2302;18
20710;1535;13;2785;14
20711;1535;14;411;11
20712;1535;15;2605;8
20713;1535;16;2603;6
20714;1535;17;2090;4
20715;1535;18;1929;3
20716;1535;19;1836;2
20717;1535;20;2776;1
20718;1559;1;2339;15
20719;1559;1;2563;15
20720;1559;1;2339;15
20721;1559;1;2523;15
20722;1559;1;728;15
20723;1559;1;3182;15
20724;1559;1;1836;15
20725;1536;1;2870;150
20726;1536;2;3182;115
20727;1536;3;2339;95
20728;1536;4;2889;75
20729;1536;5;2943;65
20730;1536;6;2785;55
20731;1536;7;2216;47
20732;1536;8;2340;40
20733;1536;9;762;33
20734;1536;10;1399;28
20735;1536;11;2546;23
20736;1536;12;2563;18
20737;1536;13;2222;14
20738;1536;14;1235;11
20739;1536;15;204;8
20740;1536;16;2686;6
20741;1536;17;1929;4
20742;1536;18;3089;3
20743;1536;19;2389;2
20744;1536;20;995;1
20745;1560;1;2870;15
20746;1560;1;2870;15
20747;1560;1;3182;15
20748;1560;1;2785;15
20749;1560;1;1341;15
20750;1560;1;3191;15
20751;1560;1;2870;15
20752;1537;1;2870;150
20753;1537;2;708;115
20754;1537;3;2339;95
20755;1537;4;2406;75
20756;1537;5;1049;65
20757;1537;6;204;55
20758;1537;7;3182;47
20759;1537;8;762;40
20760;1537;9;2429;33
20761;1537;10;2216;28
20762;1537;11;959;23
20763;1537;12;2340;18
20764;1537;13;2523;14
20765;1537;14;1775;11
20766;1537;15;349;8
20767;1537;16;1887;6
20768;1537;17;411;4
20769;1537;18;1500;3
20770;1537;19;2776;2
20771;1537;20;3191;1
20772;1561;1;3068;15
20773;1561;1;1057;15
20774;1561;1;762;15
20775;1561;1;2340;15
20776;1561;1;1057;15
20777;1561;1;708;15
20778;1561;1;1057;15
20779;1538;1;3003;150
20780;1538;2;2340;115
20781;1538;3;762;95
20782;1538;4;2889;75
20783;1538;5;1420;65
20784;1538;6;264;55
20785;1538;7;116;47
20786;1538;8;2216;40
20787;1538;9;352;33
20788;1538;10;3039;28
20789;1538;11;1751;23
20790;1538;12;204;18
20791;1538;13;2973;14
20792;1538;14;2429;11
20793;1538;15;3182;8
20794;1538;16;1617;6
20795;1538;17;2939;4
20796;1538;18;512;3
20797;1538;19;411;2
20798;1538;20;240;1
20799;1562;1;2340;15
20800;1562;1;186;15
20801;1562;1;762;15
20802;1562;1;116;15
20803;1562;1;204;15
20804;1562;1;1399;15
20805;1562;1;3003;15
20806;1539;1;2870;150
20807;1539;2;2889;115
20808;1539;3;2216;95
20809;1539;4;2973;75
20810;1539;5;512;65
20811;1539;6;600;55
20812;1539;7;751;47
20813;1539;8;3109;40
20814;1539;9;2811;33
20815;1539;10;1793;28
20816;1539;11;959;23
20817;1539;12;2876;18
20818;1539;13;129;14
20819;1539;14;2340;11
20820;1539;15;1859;8
20821;1539;16;2531;6
20822;1539;17;280;4
20823;1539;18;3183;3
20824;1539;19;2776;2
20825;1539;20;1616;1
20826;1563;1;2216;15
20827;1563;1;2340;15
20828;1563;1;2876;15
20829;1563;1;2889;15
20830;1563;1;1057;15
20831;1563;1;606;15
20832;1563;1;2870;15
20833;1563;1;1057;15
20834;1540;1;2889;150
20835;1540;2;2004;115
20836;1540;3;2876;95
20837;1540;4;600;75
20838;1540;5;2973;65
20839;1540;6;606;55
20840;1540;7;2290;47
20841;1540;8;167;40
20842;1540;9;959;33
20843;1540;10;751;28
20844;1540;11;2743;23
20845;1540;12;1776;18
20846;1540;13;3078;14
20847;1540;14;2984;11
20848;1540;15;2761;8
20849;1540;16;1665;6
20850;1540;17;2776;4
20851;1540;18;2130;3
20852;1540;19;603;2
20853;1540;20;2227;1
20854;1564;1;2389;15
20855;1564;1;1057;15
20856;1564;1;2339;15
20857;1564;1;2389;15
20858;1564;1;1195;15
20859;1564;1;2889;15
20860;1564;1;58;15
20861;1541;1;2389;150
20862;1541;2;512;115
20863;1541;3;1420;95
20864;1541;4;2984;75
20865;1541;5;600;65
20866;1541;6;762;55
20867;1541;7;3078;47
20868;1541;8;2561;40
20869;1541;9;1921;33
20870;1541;10;1399;28
20871;1541;11;2843;23
20872;1541;12;728;18
20873;1541;13;2483;14
20874;1541;14;2546;11
20875;1541;15;606;8
20876;1541;16;2409;6
20877;1541;17;2227;4
20878;1541;18;3161;3
20879;1541;19;2466;2
20880;1541;20;1090;1
20881;1565;1;2389;15
20882;1565;1;2563;15
20883;1565;1;2389;15
20884;1565;1;1057;15
20885;1565;1;728;15
20886;1565;1;1420;15
20887;1565;1;58;15
20888;1542;1;1420;150
20889;1542;2;3003;115
20890;1542;3;2004;95
20891;1542;4;2939;75
20892;1542;5;762;65
20893;1542;6;1090;55
20894;1542;7;1921;47
20895;1542;8;2339;40
20896;1542;9;2227;33
20897;1542;10;71;28
20898;1542;11;2290;23
20899;1542;12;161;18
20900;1542;13;2607;14
20901;1542;14;2843;11
20902;1542;15;600;8
20903;1542;16;2389;6
20904;1542;17;1221;4
20905;1542;18;3161;3
20906;1542;19;2984;2
20907;1542;20;2222;1
20908;1566;1;1751;15
20909;1566;1;2004;15
20910;1566;1;1195;15
20911;1566;1;1921;15
20912;1566;1;1195;15
20913;1566;1;1420;15
20914;1566;1;2231;15
20915;1543;1;728;150
20916;1543;2;1858;115
20917;1543;3;521;95
20918;1543;4;2004;75
20919;1543;5;2939;65
20920;1543;6;2339;55
20921;1543;7;1420;47
20922;1543;8;1921;40
20923;1543;9;1619;33
20924;1543;10;762;28
20925;1543;11;946;23
20926;1543;12;161;18
20927;1543;13;2500;14
20928;1543;14;2227;11
20929;1543;15;3161;8
20930;1543;16;2544;6
20931;1543;17;959;4
20932;1543;18;3148;3
20933;1543;19;2889;2
20934;1543;20;2411;1
20935;1567;1;1057;15
20936;1567;1;2939;15
20937;1567;1;2004;15
20938;1567;1;1195;15
20939;1567;1;2004;15
20940;1544;1;1420;150
20941;1544;2;2936;115
20942;1544;3;2389;95
20943;1544;4;880;75
20944;1544;5;2939;65
20945;1544;6;2004;55
20946;1544;7;262;47
20947;1544;8;762;40
20948;1544;9;946;33
20949;1544;10;2290;28
20950;1544;11;1090;23
20951;1544;12;779;18
20952;1544;13;2903;14
20953;1544;14;521;11
20954;1544;15;1551;8
20955;1544;16;2102;6
20956;1544;17;2438;4
20957;1544;18;161;3
20958;1544;19;1751;2
20959;1544;20;798;1
20960;1568;1;1057;15
20961;1568;1;2389;15
20962;1568;1;1602;15
20963;1568;1;2004;15
20964;1568;1;1057;15
20965;1545;1;2136;150
20966;1545;2;600;115
20967;1545;3;2544;95
20968;1545;4;2903;75
20969;1545;5;2936;65
20970;1545;6;2939;55
20971;1545;7;2521;47
20972;1545;8;1382;40
20973;1545;9;985;33
20974;1545;10;781;28
20975;1545;11;111;23
20976;1545;12;2438;18
20977;1545;13;1090;14
20978;1545;14;2863;11
20979;1545;15;2889;8
20980;1545;16;110;6
20981;1545;17;3091;4
20982;1545;18;2508;3
20983;1545;19;2778;2
20984;1545;20;1224;1
20985;1569;1;1195;15
20986;1569;1;1420;15
20987;1569;1;1195;15
20988;1569;1;1420;15
20989;1569;1;3003;15
20990;1569;1;521;15
20991;1546;1;1907;150
20992;1546;2;1671;115
20993;1546;3;2597;95
20994;1546;4;3030;75
20995;1546;5;2136;65
20996;1546;6;262;55
20997;1546;7;2617;47
20998;1546;8;2978;40
20999;1546;9;110;33
21000;1546;10;959;28
21001;1546;11;1513;23
21002;1546;12;2965;18
21003;1546;13;3031;14
21004;1546;14;2954;11
21005;1546;15;1362;8
21006;1546;16;2698;6
21007;1546;17;985;4
21008;1546;18;1090;3
21009;1546;19;1050;2
21010;1546;20;1203;1
21011;1570;1;262;15
21012;1570;1;1057;15
21013;1570;1;1907;15
21014;1570;1;1203;15
21015;1570;1;1057;15
21016;1547;1;600;150
21017;1547;2;2936;115
21018;1547;3;997;95
21019;1547;4;3041;75
21020;1547;5;2748;65
21021;1547;6;2965;55
21022;1547;7;309;47
21023;1547;8;1203;40
21024;1547;9;3148;33
21025;1547;10;317;28
21026;1547;11;767;23
21027;1547;12;3031;18
21028;1547;13;2088;14
21029;1547;14;1217;11
21030;1547;15;1513;8
21031;1547;16;58;6
21032;1547;17;2521;4
21033;1547;18;779;3
21034;1547;19;3030;2
21035;1547;20;1907;1
21036;1571;1;2004;15
21037;1571;1;1057;15
21038;1571;1;2004;15
21039;1571;1;2004;15
21040;1571;1;317;15
21041;1548;1;2748;100
21042;1548;2;768;70
21043;1548;3;955;50
21044;1548;4;925;40
21045;1548;5;2939;30
21046;1548;6;779;20
21047;1548;7;2965;15
21048;1548;8;1511;10
21049;1548;9;767;5
21050;1548;10;2574;1
21051;1572;1;2748;10
21052;1572;1;2748;10
21053;1572;1;1907;10
21054;1549;1;1907;100
21055;1549;2;3041;70
21056;1549;3;262;50
21057;1549;4;652;40
21058;1549;5;1961;30
21059;1549;6;182;20
21060;1549;7;767;15
21061;1549;8;2290;10
21062;1549;9;1652;5
21063;1549;10;2936;1
21064;1573;1;262;10
21065;1573;1;2080;10
21066;1573;1;1907;10
21067;1550;1;305;100
21068;1550;2;985;70
21069;1550;3;226;50
21070;1550;4;1642;40
21071;1550;5;1907;30
21072;1550;6;2834;20
21073;1550;7;2807;15
21074;1550;8;1027;10
21075;1550;9;782;5
21076;1550;10;2097;1
21077;1574;1;305;10
21078;1574;1;226;10
21079;1574;1;305;10
21080;1551;1;305;100
21081;1551;2;500;70
21082;1551;3;955;50
21083;1551;4;1304;40
21084;1551;5;2244;30
21085;1551;6;1961;20
21086;1551;7;805;15
21087;1551;8;192;10
21088;1551;9;1629;5
21089;1551;10;157;1
21090;1575;1;1772;10
21091;1575;1;1304;10
21092;1575;1;305;10
21093;1552;1;2834;100
21094;1552;2;1961;70
21095;1552;3;2965;50
21096;1552;4;299;40
21097;1552;5;782;30
21098;1552;6;2832;20
21099;1552;7;2807;15
21100;1552;8;2425;10
21101;1552;9;182;5
21102;1552;10;725;1
21103;1576;1;1813;10
21104;1576;1;2080;10
21105;1576;1;2834;10
21106;1553;1;299;100
21107;1553;2;2834;70
21108;1553;3;157;50
21109;1553;4;2544;40
21110;1553;5;589;30
21111;1553;6;832;20
21112;1553;7;182;15
21113;1553;8;897;10
21114;1553;9;2434;5
21115;1553;10;542;1
21116;1577;1;299;10
21117;1577;1;542;10
21118;1577;1;2834;10
21119;1578;1;708;100
21120;1578;2;3034;70
21121;1578;3;1577;50
21122;1578;4;1700;40
21123;1578;5;1051;30
21124;1578;6;3039;20
21125;1578;7;2859;15
21126;1578;8;1691;10
21127;1578;9;2889;5
21128;1578;10;837;1
21129;1584;1;1051;10
21130;1584;1;1577;10
21131;1584;1;3039;10
21132;1584;1;1478;10
21133;1584;1;708;10
21134;1584;1;1478;10
21135;1579;1;90;100
21136;1579;2;1868;70
21137;1579;3;94;50
21138;1579;4;2859;40
21139;1579;5;467;30
21140;1579;6;1595;20
21141;1579;7;812;15
21142;1579;8;2677;10
21143;1579;9;560;5
21144;1579;10;641;1
21145;1585;1;90;10
21146;1585;1;90;10
21147;1585;1;90;10
21148;1585;1;2147;10
21149;1585;1;215;10
21150;1580;1;211;100
21151;1580;2;1868;70
21152;1580;3;872;50
21153;1580;4;2142;40
21154;1580;5;708;30
21155;1580;6;641;20
21156;1580;7;174;15
21157;1580;8;2711;10
21158;1580;9;215;5
21159;1580;10;1691;1
21160;1586;1;174;10
21161;1586;1;1868;10
21162;1586;1;1868;10
21163;1586;1;708;10
21164;1586;1;1868;10
21165;1586;1;588;10
21166;1581;1;504;100
21167;1581;2;1323;70
21168;1581;3;2709;50
21169;1581;4;1868;40
21170;1581;5;2340;30
21171;1581;6;215;20
21172;1581;7;481;15
21173;1581;8;1691;10
21174;1581;9;1446;5
21175;1581;10;2442;1
21176;1587;1;2711;10
21177;1587;1;2709;10
21178;1587;1;1868;10
21179;1587;1;2996;10
21180;1587;1;1475;10
21181;1587;1;2996;10
21182;1582;1;2516;100
21183;1582;2;207;70
21184;1582;3;1868;50
21185;1582;4;1559;40
21186;1582;5;2341;30
21187;1582;6;1446;20
21188;1582;7;2340;15
21189;1582;8;2709;10
21190;1582;9;1917;5
21191;1582;10;1678;1
21192;1588;1;1446;10
21193;1588;1;1195;10
21194;1588;1;1868;10
21195;1588;1;1868;10
21196;1588;1;2503;10
21197;1588;1;116;10
21198;1583;1;1420;100
21199;1583;2;2302;70
21200;1583;3;1868;50
21201;1583;4;2889;40
21202;1583;5;554;30
21203;1583;6;2986;20
21204;1583;7;1399;15
21205;1583;8;1143;10
21206;1583;9;2424;5
21207;1583;10;620;1
21208;1589;1;1868;10
21209;1589;1;2563;10
21210;1589;1;2986;10
21211;1589;1;1420;10
21212;1589;1;2563;10
21213;1589;1;2302;10
21214;1590;1;1323;100
21215;1590;2;1143;70
21216;1590;3;2546;50
21217;1590;4;1399;40
21218;1590;5;3070;30
21219;1590;6;2114;20
21220;1590;7;962;15
21221;1590;8;1044;10
21222;1590;9;3100;5
21223;1590;10;2641;1
21224;1610;1;2546;10
21225;1610;1;1323;10
21226;1610;1;1399;10
21227;1610;1;1323;10
21228;1591;1;1399;100
21229;1591;2;2546;70
21230;1591;3;1323;50
21231;1591;4;2726;40
21232;1591;5;517;30
21233;1591;6;87;20
21234;1591;7;700;15
21235;1591;8;45;10
21236;1591;9;1269;5
21237;1591;10;2669;1
21238;1611;1;1399;10
21239;1611;1;2546;10
21240;1611;1;1399;10
21241;1611;1;1323;10
21242;1611;1;700;10
21243;1592;1;2996;100
21244;1592;2;1399;70
21245;1592;3;97;50
21246;1592;4;1775;40
21247;1592;5;2532;30
21248;1592;6;1323;20
21249;1592;7;812;15
21250;1592;8;2670;10
21251;1592;9;1674;5
21252;1592;10;2517;1
21253;1612;1;2996;10
21254;1612;1;2826;10
21255;1612;1;1399;10
21256;1612;1;2996;10
21257;1612;1;2826;10
21258;1593;1;1707;100
21259;1593;2;2726;70
21260;1593;3;1107;50
21261;1593;4;1044;40
21262;1593;5;1341;30
21263;1593;6;812;20
21264;1593;7;2670;15
21265;1593;8;1934;10
21266;1593;9;2090;5
21267;1593;10;2638;1
21268;1613;1;1707;10
21269;1613;1;1707;10
21270;1613;1;1707;10
21271;1613;1;1707;10
21272;1613;1;2090;10
21273;1613;1;1401;10
21274;1594;1;762;100
21275;1594;2;3161;70
21276;1594;3;2686;50
21277;1594;4;2943;40
21278;1594;5;2424;30
21279;1594;6;1775;20
21280;1594;7;3035;15
21281;1594;8;2192;10
21282;1594;9;2090;5
21283;1594;10;1817;1
21284;1614;1;3161;10
21285;1614;1;2424;10
21286;1614;1;3185;10
21287;1614;1;762;10
21288;1614;1;762;10
21289;1614;1;2592;10
21290;1595;1;2943;100
21291;1595;2;879;70
21292;1595;3;1123;50
21293;1595;4;3089;40
21294;1595;5;2698;30
21295;1595;6;3103;20
21296;1595;7;1589;15
21297;1595;8;1887;10
21298;1595;9;2114;5
21299;1595;10;87;1
21300;1615;1;3103;10
21301;1615;1;2943;10
21302;1615;1;2592;10
21303;1615;1;879;10
21304;1615;1;2943;10
21305;1615;1;2943;10
21306;1596;1;2429;100
21307;1596;2;1107;70
21308;1596;3;2406;50
21309;1596;4;3191;40
21310;1596;5;2943;30
21311;1596;6;2711;20
21312;1596;7;2822;15
21313;1596;8;97;10
21314;1596;9;1634;5
21315;1596;10;3109;1
21316;1616;1;97;10
21317;1616;1;2711;10
21318;1616;1;2429;10
21319;1616;1;2406;10
21320;1616;1;2711;10
21321;1616;1;2711;10
21322;1597;1;762;100
21323;1597;2;97;70
21324;1597;3;3039;50
21325;1597;4;1934;40
21326;1597;5;125;30
21327;1597;6;2043;20
21328;1597;7;879;15
21329;1597;8;995;10
21330;1597;9;1889;5
21331;1597;10;2383;1
21332;1617;1;1546;10
21333;1617;1;606;10
21334;1617;1;762;10
21335;1617;1;1546;10
21336;1617;1;1845;10
21337;1598;1;1375;100
21338;1598;2;767;70
21339;1598;3;762;50
21340;1598;4;2957;40
21341;1598;5;3001;30
21342;1598;6;1887;20
21343;1598;7;851;15
21344;1598;8;1889;10
21345;1598;9;264;5
21346;1598;10;2640;1
21347;1618;1;851;10
21348;1618;1;1845;10
21349;1618;1;1375;10
21350;1618;1;1887;10
21351;1618;1;385;10
21352;1618;1;904;10
21353;1599;1;3191;100
21354;1599;2;2943;70
21355;1599;3;2227;50
21356;1599;4;2004;40
21357;1599;5;2389;30
21358;1599;6;1057;20
21359;1599;7;2923;15
21360;1599;8;1090;10
21361;1599;9;880;5
21362;1599;10;652;1
21363;1619;1;3191;10
21364;1619;1;1057;10
21365;1619;1;2923;10
21366;1619;1;2004;10
21367;1619;1;2227;10
21368;1619;1;2389;10
21369;1600;1;2389;100
21370;1600;2;2339;70
21371;1600;3;1057;50
21372;1600;4;880;40
21373;1600;5;1386;30
21374;1600;6;2406;20
21375;1600;7;3161;15
21376;1600;8;1858;10
21377;1600;9;2231;5
21378;1600;10;620;1
21379;1620;1;2389;10
21380;1620;1;2339;10
21381;1620;1;1057;10
21382;1620;1;1195;10
21383;1620;1;1195;10
21384;1620;1;1057;10
21385;1601;1;880;100
21386;1601;2;2389;70
21387;1601;3;767;50
21388;1601;4;2936;40
21389;1601;5;1057;30
21390;1601;6;1484;20
21391;1601;7;2227;15
21392;1601;8;63;10
21393;1601;9;1386;5
21394;1601;10;1665;1
21395;1621;1;1057;10
21396;1621;1;1057;10
21397;1621;1;1057;10
21398;1621;1;1057;10
21399;1621;1;880;10
21400;1621;1;891;10
21401;1602;1;728;100
21402;1602;2;762;70
21403;1602;3;880;50
21404;1602;4;2389;40
21405;1602;5;1389;30
21406;1602;6;2340;20
21407;1602;7;1845;15
21408;1602;8;3161;10
21409;1602;9;492;5
21410;1602;10;1338;1
21411;1622;1;2231;10
21412;1622;1;728;10
21413;1622;1;728;10
21414;1622;1;371;10
21415;1622;1;1389;10
21416;1622;1;728;10
21417;1603;1;880;100
21418;1603;2;762;70
21419;1603;3;798;50
21420;1603;4;3091;40
21421;1603;5;3161;30
21422;1603;6;1203;20
21423;1603;7;1551;15
21424;1603;8;2290;10
21425;1603;9;1841;5
21426;1603;10;448;1
21427;1623;1;2409;10
21428;1623;1;1203;10
21429;1623;1;3091;10
21430;1623;1;2544;10
21431;1623;1;880;10
21432;1623;1;2231;10
21433;1604;1;2936;100
21434;1604;2;521;70
21435;1604;3;262;50
21436;1604;4;3003;40
21437;1604;5;600;30
21438;1604;6;2389;20
21439;1604;7;1233;15
21440;1604;8;2004;10
21441;1604;9;880;5
21442;1604;10;1420;1
21443;1624;1;1195;10
21444;1624;1;521;10
21445;1624;1;2004;10
21446;1624;1;867;10
21447;1624;1;880;10
21448;1605;1;781;100
21449;1605;2;238;70
21450;1605;3;2088;50
21451;1605;4;2136;40
21452;1605;5;2939;30
21453;1605;6;1907;20
21454;1605;7;110;15
21455;1605;8;3031;10
21456;1605;9;1057;5
21457;1605;10;200;1
21458;1625;1;781;10
21459;1625;1;2863;10
21460;1625;1;1057;10
21461;1625;1;1057;10
21462;1625;1;1057;10
21463;1606;1;2004;100
21464;1606;2;238;70
21465;1606;3;1837;50
21466;1606;4;3041;40
21467;1606;5;2936;30
21468;1606;6;458;20
21469;1606;7;123;15
21470;1606;8;1233;10
21471;1606;9;63;5
21472;1606;10;262;1
21473;1626;1;2004;10
21474;1626;1;2004;10
21475;1626;1;155;10
21476;1626;1;2004;10
21477;1626;1;123;10
21478;1626;1;262;10
21479;1607;1;806;100
21480;1607;2;779;70
21481;1607;3;275;50
21482;1607;4;1790;40
21483;1607;5;2534;30
21484;1607;6;1389;20
21485;1607;7;1513;15
21486;1607;8;2707;10
21487;1607;9;2965;5
21488;1607;10;1907;1
21489;1627;1;2621;10
21490;1627;1;275;10
21491;1627;1;347;10
21492;1627;1;806;10
21493;1627;1;2456;10
21494;1627;1;1567;10
21495;1608;1;2534;100
21496;1608;2;767;70
21497;1608;3;449;50
21498;1608;4;2965;40
21499;1608;5;1107;30
21500;1608;6;275;20
21501;1608;7;317;15
21502;1608;8;2843;10
21503;1608;9;200;5
21504;1608;10;1642;1
21505;1628;1;275;10
21506;1628;1;1597;10
21507;1628;1;2534;10
21508;1628;1;200;10
21509;1628;1;1800;10
21510;1609;1;822;100
21511;1609;2;600;70
21512;1609;3;652;50
21513;1609;4;926;40
21514;1609;5;2810;30
21515;1609;6;1720;20
21516;1609;7;894;15
21517;1609;8;91;10
21518;1609;9;2834;5
21519;1609;10;1642;1
21520;1629;1;822;10
21521;1629;1;2080;10
21522;1629;1;91;10
21523;1629;1;2080;10
21524;1629;1;600;10
21525;1630;1;588;100
21526;1630;2;1473;70
21527;1630;3;2010;50
21528;1630;4;1374;40
21529;1630;5;872;30
21530;1630;6;1749;20
21531;1630;7;533;15
21532;1630;8;2345;10
21533;1630;9;2986;5
21534;1630;10;2917;1
21535;1638;1;588;10
21536;1638;1;2345;10
21537;1638;1;588;10
21538;1631;1;228;100
21539;1631;2;1868;70
21540;1631;3;872;50
21541;1631;4;1475;40
21542;1631;5;1593;30
21543;1631;6;830;20
21544;1631;7;708;15
21545;1631;8;2124;10
21546;1631;9;485;5
21547;1631;10;2010;1
21548;1639;1;228;10
21549;1639;1;1475;10
21550;1639;1;228;10
21551;1632;1;2503;100
21552;1632;2;1948;70
21553;1632;3;830;50
21554;1632;4;2986;40
21555;1632;5;1868;30
21556;1632;6;2864;20
21557;1632;7;1592;15
21558;1632;8;1559;10
21559;1632;9;1446;5
21560;1632;10;1475;1
21561;1640;1;905;10
21562;1640;1;2503;10
21563;1640;1;1475;10
21564;1640;1;2503;10
21565;1633;1;228;100
21566;1633;2;1593;70
21567;1633;3;1592;50
21568;1633;4;1420;40
21569;1633;5;2677;30
21570;1633;6;207;20
21571;1633;7;1559;15
21572;1633;8;2836;10
21573;1633;9;1369;5
21574;1633;10;1446;1
21575;1641;1;228;10
21576;1641;1;1195;10
21577;1641;1;228;10
21578;1641;1;228;10
21579;1634;1;1868;100
21580;1634;2;1593;70
21581;1634;3;2859;50
21582;1634;4;1471;40
21583;1634;5;1592;30
21584;1634;6;1034;20
21585;1634;7;1420;15
21586;1634;8;1948;10
21587;1634;9;116;5
21588;1634;10;1559;1
21589;1642;1;1034;10
21590;1642;1;1559;10
21591;1642;1;2859;10
21592;1642;1;1868;10
21593;1635;1;1034;100
21594;1635;2;1868;70
21595;1635;3;1917;50
21596;1635;4;116;40
21597;1635;5;1593;30
21598;1635;6;708;20
21599;1635;7;2859;15
21600;1635;8;1679;10
21601;1635;9;2677;5
21602;1635;10;1617;1
21603;1643;1;1034;10
21604;1643;1;1034;10
21605;1643;1;1868;10
21606;1643;1;1917;10
21607;1636;1;1868;100
21608;1636;2;1617;70
21609;1636;3;571;50
21610;1636;4;2986;40
21611;1636;5;2836;30
21612;1636;6;1670;20
21613;1636;7;1948;15
21614;1636;8;488;10
21615;1636;9;1336;5
21616;1636;10;906;1
21617;1644;1;1617;10
21618;1644;1;1868;10
21619;1644;1;1868;10
21620;1637;1;1617;100
21621;1637;2;2986;70
21622;1637;3;571;50
21623;1637;4;1195;40
21624;1637;5;1079;30
21625;1637;6;971;20
21626;1637;7;1593;15
21627;1637;8;1592;10
21628;1637;9;907;5
21629;1637;10;1662;1
21630;1645;1;1617;10
21631;1645;1;2986;10
21632;1645;1;1617;10
21633;1646;1;708;100
21634;1646;2;228;70
21635;1646;3;1323;50
21636;1646;4;588;40
21637;1646;5;2864;30
21638;1646;6;2141;20
21639;1646;7;2546;15
21640;1646;8;837;10
21641;1646;9;2442;5
21642;1646;10;1473;1
21643;1657;1;1323;10
21644;1657;1;588;10
21645;1657;1;228;10
21646;1657;1;2864;10
21647;1657;1;228;10
21648;1657;1;1478;10
21649;1647;1;2996;100
21650;1647;2;1473;70
21651;1647;3;1700;50
21652;1647;4;2864;40
21653;1647;5;228;30
21654;1647;6;3169;20
21655;1647;7;1948;15
21656;1647;8;1691;10
21657;1647;9;1099;5
21658;1647;10;830;1
21659;1658;1;2216;10
21660;1658;1;1948;10
21661;1658;1;1473;10
21662;1658;1;837;10
21663;1658;1;2996;10
21664;1658;1;228;10
21665;1658;1;1473;10
21666;1648;1;1034;100
21667;1648;2;2996;70
21668;1648;3;228;50
21669;1648;4;1948;40
21670;1648;5;1589;30
21671;1648;6;1267;20
21672;1648;7;2216;15
21673;1648;8;2605;10
21674;1648;9;1418;5
21675;1648;10;708;1
21676;1659;1;2216;10
21677;1659;1;228;10
21678;1659;1;1627;10
21679;1659;1;1034;10
21680;1659;1;2216;10
21681;1659;1;228;10
21682;1659;1;228;10
21683;1659;1;2686;10
21684;1659;1;97;10
21685;1649;1;1593;100
21686;1649;2;3182;70
21687;1649;3;1934;50
21688;1649;4;228;40
21689;1649;5;1589;30
21690;1649;6;962;20
21691;1649;7;2216;15
21692;1649;8;2605;10
21693;1649;9;1592;5
21694;1649;10;207;1
21695;1660;1;228;10
21696;1660;1;228;10
21697;1660;1;228;10
21698;1660;1;207;10
21699;1660;1;3182;10
21700;1660;1;2216;10
21701;1660;1;1593;10
21702;1660;1;2711;10
21703;1650;1;1420;100
21704;1650;2;2216;70
21705;1650;3;2870;50
21706;1650;4;2523;40
21707;1650;5;1593;30
21708;1650;6;1934;20
21709;1650;7;879;15
21710;1650;8;486;10
21711;1650;9;2605;5
21712;1650;10;1107;1
21713;1661;1;2216;10
21714;1661;1;97;10
21715;1661;1;879;10
21716;1661;1;837;10
21717;1661;1;2592;10
21718;1651;1;2429;100
21719;1651;2;1552;70
21720;1651;3;1934;50
21721;1651;4;2216;40
21722;1651;5;2686;30
21723;1651;6;97;20
21724;1651;7;2605;15
21725;1651;8;1593;10
21726;1651;9;1123;5
21727;1651;10;1589;1
21728;1662;1;2429;10
21729;1662;1;1934;10
21730;1662;1;1552;10
21731;1652;1;2406;100
21732;1652;2;1552;70
21733;1652;3;1525;50
21734;1652;4;1824;40
21735;1652;5;2711;30
21736;1652;6;2686;20
21737;1652;7;1541;15
21738;1652;8;1934;10
21739;1652;9;708;5
21740;1652;10;1617;1
21741;1663;1;1552;10
21742;1663;1;2406;10
21743;1663;1;2503;10
21744;1663;1;2711;10
21745;1653;1;2406;100
21746;1653;2;2870;70
21747;1653;3;1420;50
21748;1653;4;2216;40
21749;1653;5;2875;30
21750;1653;6;1525;20
21751;1653;7;2294;15
21752;1653;8;125;10
21753;1653;9;2154;5
21754;1653;10;3003;1
21755;1664;1;2294;10
21756;1664;1;2406;10
21757;1664;1;2986;10
21758;1664;1;2406;10
21759;1654;1;2406;100
21760;1654;2;2154;70
21761;1654;3;2889;50
21762;1654;4;2294;40
21763;1654;5;1195;30
21764;1654;6;2711;20
21765;1654;7;1525;15
21766;1654;8;1617;10
21767;1654;9;1520;5
21768;1654;10;1420;1
21769;1665;1;554;10
21770;1665;1;2592;10
21771;1665;1;2986;10
21772;1665;1;1195;10
21773;1655;1;2340;100
21774;1655;2;1645;70
21775;1655;3;1420;50
21776;1655;4;1195;40
21777;1655;5;2406;30
21778;1655;6;2870;20
21779;1655;7;2986;15
21780;1655;8;3091;10
21781;1655;9;749;5
21782;1655;10;762;1
21783;1666;1;749;10
21784;1666;1;1195;10
21785;1666;1;1195;10
21786;1666;1;2986;10
21787;1656;1;554;100
21788;1656;2;1195;70
21789;1656;3;2870;50
21790;1656;4;2406;40
21791;1656;5;1704;30
21792;1656;6;1617;20
21793;1656;7;1531;15
21794;1656;8;71;10
21795;1656;9;1420;5
21796;1656;10;74;1
21797;1667;1;554;10
21798;1667;1;2406;10
21799;1667;1;1195;10
21800;1668;1;857;100
21801;1668;2;1707;70
21802;1668;3;1211;50
21803;1668;4;1143;40
21804;1668;5;1306;30
21805;1668;6;700;20
21806;1668;7;2010;15
21807;1668;8;1049;10
21808;1668;9;2503;5
21809;1668;10;1401;1
21810;1695;1;1707;10
21811;1695;1;857;10
21812;1695;1;1401;10
21813;1695;1;2216;10
21814;1695;1;1195;10
21815;1695;1;857;10
21816;1669;1;1707;100
21817;1669;2;1420;70
21818;1669;3;2870;50
21819;1669;4;2503;40
21820;1669;5;830;30
21821;1669;6;2216;20
21822;1669;7;512;15
21823;1669;8;578;10
21824;1669;9;1143;5
21825;1669;10;1341;1
21826;1696;1;1420;10
21827;1696;1;1707;10
21828;1696;1;2503;10
21829;1696;1;2503;10
21830;1696;1;2216;10
21831;1696;1;2503;10
21832;1696;1;1707;10
21833;1670;1;2216;100
21834;1670;2;1195;70
21835;1670;3;2870;50
21836;1670;4;578;40
21837;1670;5;1143;30
21838;1670;6;2210;20
21839;1670;7;1107;15
21840;1670;8;512;10
21841;1670;9;3003;5
21842;1670;10;1879;1
21843;1697;1;2210;10
21844;1697;1;1879;10
21845;1697;1;2216;10
21846;1697;1;294;10
21847;1697;1;1195;10
21848;1697;1;1107;10
21849;1671;1;2503;100
21850;1671;2;728;70
21851;1671;3;700;50
21852;1671;4;391;40
21853;1671;5;294;30
21854;1671;6;1606;20
21855;1671;7;3115;15
21856;1671;8;208;10
21857;1671;9;3183;5
21858;1671;10;3119;1
21859;1698;1;1707;10
21860;1698;1;2503;10
21861;1698;1;391;10
21862;1698;1;2503;10
21863;1698;1;2503;10
21864;1698;1;1606;10
21865;1698;1;294;10
21866;1672;1;700;100
21867;1672;2;2216;70
21868;1672;3;294;50
21869;1672;4;1049;40
21870;1672;5;204;30
21871;1672;6;924;20
21872;1672;7;2817;15
21873;1672;8;3172;10
21874;1672;9;1793;5
21875;1672;10;3071;1
21876;1699;1;700;10
21877;1699;1;3172;10
21878;1699;1;1195;10
21879;1699;1;700;10
21880;1699;1;2817;10
21881;1699;1;700;10
21882;1699;1;2216;10
21883;1673;1;2870;100
21884;1673;2;3003;70
21885;1673;3;2424;50
21886;1673;4;2216;40
21887;1673;5;204;30
21888;1673;6;1879;20
21889;1673;7;1420;15
21890;1673;8;1793;10
21891;1673;9;728;5
21892;1673;10;3035;1
21893;1700;1;728;10
21894;1700;1;728;10
21895;1700;1;186;10
21896;1700;1;1195;10
21897;1700;1;2340;10
21898;1700;1;728;10
21899;1674;1;2216;100
21900;1674;2;3003;70
21901;1674;3;2799;50
21902;1674;4;512;40
21903;1674;5;161;30
21904;1674;6;1793;20
21905;1674;7;1719;15
21906;1674;8;1420;10
21907;1674;9;294;5
21908;1674;10;924;1
21909;1701;1;700;10
21910;1701;1;2216;10
21911;1701;1;2563;10
21912;1701;1;3003;10
21913;1701;1;891;10
21914;1701;1;1057;10
21915;1675;1;2923;100
21916;1675;2;2870;70
21917;1675;3;2216;50
21918;1675;4;2876;40
21919;1675;5;1793;30
21920;1675;6;512;20
21921;1675;7;2973;15
21922;1675;8;2686;10
21923;1675;9;1420;5
21924;1675;10;161;1
21925;1702;1;2563;10
21926;1702;1;2563;10
21927;1702;1;2563;10
21928;1702;1;1195;10
21929;1702;1;2340;10
21930;1702;1;2870;10
21931;1676;1;2870;100
21932;1676;2;3003;70
21933;1676;3;1420;50
21934;1676;4;2939;40
21935;1676;5;512;30
21936;1676;6;1793;20
21937;1676;7;1617;15
21938;1676;8;1776;10
21939;1676;9;1751;5
21940;1676;10;1881;1
21941;1703;1;2563;10
21942;1703;1;1195;10
21943;1703;1;1195;10
21944;1703;1;2563;10
21945;1703;1;3068;10
21946;1703;1;1420;10
21947;1677;1;1617;100
21948;1677;2;1420;70
21949;1677;3;1751;50
21950;1677;4;3003;40
21951;1677;5;554;30
21952;1677;6;521;20
21953;1677;7;2004;15
21954;1677;8;2561;10
21955;1677;9;880;5
21956;1677;10;2523;1
21957;1704;1;2004;10
21958;1704;1;1420;10
21959;1704;1;1602;10
21960;1704;1;2004;10
21961;1704;1;2102;10
21962;1704;1;2563;10
21963;1704;1;1617;10
21964;1678;1;521;100
21965;1678;2;1195;70
21966;1678;3;1221;50
21967;1678;4;2004;40
21968;1678;5;1420;30
21969;1678;6;3003;20
21970;1678;7;1793;15
21971;1678;8;2698;10
21972;1678;9;2561;5
21973;1678;10;129;1
21974;1705;1;1195;10
21975;1705;1;3003;10
21976;1705;1;208;10
21977;1705;1;1195;10
21978;1705;1;1794;10
21979;1705;1;1195;10
21980;1679;1;2004;100
21981;1679;2;1602;70
21982;1679;3;1195;50
21983;1679;4;880;40
21984;1679;5;1793;30
21985;1679;6;3003;20
21986;1679;7;1751;15
21987;1679;8;519;10
21988;1679;9;1233;5
21989;1679;10;262;1
21990;1706;1;1602;10
21991;1706;1;848;10
21992;1706;1;1602;10
21993;1706;1;1602;10
21994;1706;1;1195;10
21995;1706;1;880;10
21996;1680;1;2004;100
21997;1680;2;1602;70
21998;1680;3;848;50
21999;1680;4;521;40
22000;1680;5;2102;30
22001;1680;6;880;20
22002;1680;7;262;15
22003;1680;8;3003;10
22004;1680;9;2698;5
22005;1680;10;863;1
22006;1707;1;1195;10
22007;1707;1;2102;10
22008;1707;1;2004;10
22009;1707;1;1602;10
22010;1707;1;1602;10
22011;1707;1;848;10
22012;1707;1;2004;10
22013;1681;1;2004;150
22014;1681;2;880;115
22015;1681;3;1602;95
22016;1681;4;542;75
22017;1681;5;519;65
22018;1681;6;1389;55
22019;1681;7;1837;47
22020;1681;8;1793;40
22021;1681;9;262;33
22022;1681;10;1057;28
22023;1681;11;2698;23
22024;1681;12;1768;18
22025;1681;13;2810;14
22026;1681;14;531;11
22027;1681;15;127;8
22028;1681;16;2102;6
22029;1681;17;2136;4
22030;1681;18;1727;3
22031;1681;19;806;2
22032;1681;20;907;1
22033;1708;1;2004;15
22034;1708;1;848;15
22035;1708;1;1793;15
22036;1708;1;1874;15
22037;1708;1;2004;15
22038;1708;1;2004;15
22039;1682;1;2004;150
22040;1682;2;946;115
22041;1682;3;1420;95
22042;1682;4;3003;75
22043;1682;5;880;65
22044;1682;6;806;55
22045;1682;7;238;47
22046;1682;8;1751;40
22047;1682;9;1361;33
22048;1682;10;1057;28
22049;1682;11;262;23
22050;1682;12;848;18
22051;1682;13;2487;14
22052;1682;14;521;11
22053;1682;15;257;8
22054;1682;16;1233;6
22055;1682;17;2936;4
22056;1682;18;519;3
22057;1682;19;781;2
22058;1682;20;1602;1
22059;1709;1;1195;15
22060;1709;1;1602;15
22061;1709;1;2004;15
22062;1709;1;1195;15
22063;1709;1;2004;15
22064;1683;1;848;150
22065;1683;2;262;115
22066;1683;3;829;95
22067;1683;4;2939;75
22068;1683;5;600;65
22069;1683;6;3003;55
22070;1683;7;238;47
22071;1683;8;519;40
22072;1683;9;2136;33
22073;1683;10;1511;28
22074;1683;11;1361;23
22075;1683;12;2088;18
22076;1683;13;127;14
22077;1683;14;2863;11
22078;1683;15;1768;8
22079;1683;16;1793;6
22080;1683;17;2155;4
22081;1683;18;1082;3
22082;1683;19;111;2
22083;1683;20;841;1
22084;1710;1;1602;15
22085;1710;1;1602;15
22086;1710;1;841;15
22087;1710;1;542;15
22088;1710;1;2939;15
22089;1684;1;946;150
22090;1684;2;1768;115
22091;1684;3;848;95
22092;1684;4;600;75
22093;1684;5;880;65
22094;1684;6;806;55
22095;1684;7;2939;47
22096;1684;8;1511;40
22097;1684;9;1907;33
22098;1684;10;2136;28
22099;1684;11;2622;23
22100;1684;12;458;18
22101;1684;13;96;14
22102;1684;14;1270;11
22103;1684;15;2748;8
22104;1684;16;2644;6
22105;1684;17;3071;4
22106;1684;18;1233;3
22107;1684;19;519;2
22108;1684;20;1389;1
22109;1711;1;848;15
22110;1711;1;1768;15
22111;1711;1;2004;15
22112;1711;1;1567;15
22113;1711;1;1400;15
22114;1711;1;880;15
22115;1685;1;1768;150
22116;1685;2;1837;115
22117;1685;3;848;95
22118;1685;4;2967;75
22119;1685;5;806;65
22120;1685;6;2136;55
22121;1685;7;127;47
22122;1685;8;2622;40
22123;1685;9;3003;33
22124;1685;10;262;28
22125;1685;11;600;23
22126;1685;12;52;18
22127;1685;13;629;14
22128;1685;14;111;11
22129;1685;15;1400;8
22130;1685;16;1556;6
22131;1685;17;713;4
22132;1685;18;683;3
22133;1685;19;863;2
22134;1685;20;1361;1
22135;1712;1;1400;15
22136;1712;1;1400;15
22137;1712;1;1671;15
22138;1712;1;1768;15
22139;1712;1;1768;15
22140;1712;1;2967;15
22141;1686;1;519;100
22142;1686;2;848;75
22143;1686;3;52;60
22144;1686;4;458;50
22145;1686;5;1511;45
22146;1686;6;127;40
22147;1686;7;238;35
22148;1686;8;1768;30
22149;1686;9;1027;25
22150;1686;10;1680;20
22151;1686;11;880;15
22152;1686;12;320;10
22153;1686;13;111;8
22154;1686;14;1304;7
22155;1686;15;2579;6
22156;1686;16;2622;5
22157;1686;17;568;4
22158;1686;18;79;3
22159;1686;19;2939;2
22160;1686;20;829;1
22161;1713;1;108;10
22162;1713;1;1511;10
22163;1713;1;2707;10
22164;1713;1;1768;10
22165;1713;1;1511;10
22166;1687;1;262;200
22167;1687;2;238;150
22168;1687;3;848;125
22169;1687;4;1768;100
22170;1687;5;1751;85
22171;1687;6;519;70
22172;1687;7;1511;60
22173;1687;8;1304;50
22174;1687;9;127;40
22175;1687;10;781;35
22176;1687;11;320;30
22177;1687;12;2628;25
22178;1687;13;2736;20
22179;1687;14;926;15
22180;1687;15;2939;10
22181;1687;16;600;7
22182;1687;17;275;5
22183;1687;18;2617;3
22184;1687;19;3003;2
22185;1687;20;2622;1
22186;1714;1;262;25
22187;1714;1;1602;25
22188;1714;1;262;25
22189;1714;1;1768;25
22190;1714;1;238;25
22191;1714;1;1304;25
22192;1688;1;262;200
22193;1688;2;848;150
22194;1688;3;238;125
22195;1688;4;2954;100
22196;1688;5;1680;85
22197;1688;6;111;70
22198;1688;7;925;60
22199;1688;8;127;50
22200;1688;9;1681;40
22201;1688;10;781;35
22202;1688;11;986;30
22203;1688;12;806;25
22204;1688;13;2579;20
22205;1688;14;2136;15
22206;1688;15;519;10
22207;1688;16;1321;7
22208;1688;17;2082;5
22209;1688;18;2807;3
22210;1688;19;1961;2
22211;1688;20;320;1
22212;1715;1;262;25
22213;1715;1;262;25
22214;1715;1;108;25
22215;1715;1;108;25
22216;1715;1;519;25
22217;1715;1;262;25
22218;1689;1;568;200
22219;1689;2;1807;150
22220;1689;3;1772;125
22221;1689;4;1837;100
22222;1689;5;127;85
22223;1689;6;262;70
22224;1689;7;829;60
22225;1689;8;1768;50
22226;1689;9;238;40
22227;1689;10;1681;35
22228;1689;11;806;30
22229;1689;12;986;25
22230;1689;13;1511;20
22231;1689;14;1321;15
22232;1689;15;2080;10
22233;1689;16;91;7
22234;1689;17;305;5
22235;1689;18;805;3
22236;1689;19;1007;2
22237;1689;20;2085;1
22238;1716;1;262;25
22239;1716;1;1807;25
22240;1716;1;1807;25
22241;1716;1;1772;25
22242;1716;1;1007;25
22243;1716;1;535;25
22244;1690;1;519;200
22245;1690;2;2075;150
22246;1690;3;848;125
22247;1690;4;2004;100
22248;1690;5;714;85
22249;1690;6;2510;70
22250;1690;7;127;60
22251;1690;8;91;50
22252;1690;9;2080;40
22253;1690;10;1321;35
22254;1690;11;2220;30
22255;1690;12;2766;25
22256;1690;13;1511;20
22257;1690;14;805;15
22258;1690;15;119;10
22259;1690;16;1110;7
22260;1690;17;2597;5
22261;1690;18;843;3
22262;1690;19;1304;2
22263;1690;20;1772;1
22264;1717;1;2004;25
22265;1717;1;91;25
22266;1717;1;2075;25
22267;1717;1;1799;25
22268;1717;1;2004;25
22269;1717;1;2004;25
22270;1691;1;1807;200
22271;1691;2;320;150
22272;1691;3;1503;125
22273;1691;4;2579;100
22274;1691;5;2625;85
22275;1691;6;2220;70
22276;1691;7;221;60
22277;1691;8;91;50
22278;1691;9;111;40
22279;1691;10;1436;35
22280;1691;11;796;30
22281;1691;12;2834;25
22282;1691;13;2597;20
22283;1691;14;1453;15
22284;1691;15;2908;10
22285;1691;16;519;7
22286;1691;17;926;5
22287;1691;18;2766;3
22288;1691;19;1191;2
22289;1691;20;1184;1
22290;1718;1;1807;25
22291;1718;1;1807;25
22292;1718;1;525;25
22293;1718;1;2579;25
22294;1718;1;320;25
22295;1718;1;2220;25
22296;1692;1;1816;200
22297;1692;2;1807;150
22298;1692;3;221;125
22299;1692;4;2510;100
22300;1692;5;3186;85
22301;1692;6;1511;70
22302;1692;7;562;60
22303;1692;8;1503;50
22304;1692;9;2752;40
22305;1692;10;3139;35
22306;1692;11;2807;30
22307;1692;12;986;25
22308;1692;13;2528;20
22309;1692;14;805;15
22310;1692;15;2625;10
22311;1692;16;1675;7
22312;1692;17;2865;5
22313;1692;18;2121;3
22314;1692;19;317;2
22315;1692;20;2527;1
22316;1719;1;525;25
22317;1719;1;805;25
22318;1719;1;1816;25
22319;1719;1;525;25
22320;1719;1;1816;25
22321;1719;1;1807;25
22322;1693;1;1816;200
22323;1693;2;1007;150
22324;1693;3;3186;125
22325;1693;4;1807;100
22326;1693;5;848;85
22327;1693;6;1503;70
22328;1693;7;2766;60
22329;1693;8;976;50
22330;1693;9;805;40
22331;1693;10;806;35
22332;1693;11;320;30
22333;1693;12;2625;25
22334;1693;13;3233;20
22335;1693;14;2535;15
22336;1693;15;347;10
22337;1693;16;2137;7
22338;1693;17;562;5
22339;1693;18;568;3
22340;1693;19;1725;2
22341;1693;20;2528;1
22342;1720;1;3186;25
22343;1720;1;1807;25
22344;1720;1;1807;25
22345;1720;1;347;25
22346;1720;1;1807;25
22347;1720;1;1816;25
22348;1694;1;1807;200
22349;1694;2;805;150
22350;1694;3;2137;125
22351;1694;4;3186;100
22352;1694;5;1944;85
22353;1694;6;562;70
22354;1694;7;1725;60
22355;1694;8;1503;50
22356;1694;9;1737;40
22357;1694;10;3196;35
22358;1694;11;2012;30
22359;1694;12;976;25
22360;1694;13;1639;20
22361;1694;14;2353;15
22362;1694;15;3233;10
22363;1694;16;3247;7
22364;1694;17;108;5
22365;1694;18;1961;3
22366;1694;19;3234;2
22367;1694;20;2579;1
22368;1721;1;1807;25
22369;1721;1;1807;25
22370;1721;1;1807;25
22371;1721;1;1807;25
22372;1721;1;3186;25
22373;1721;1;1807;25
22374;1722;1;2546;150
22375;1722;2;1107;115
22376;1722;3;1473;95
22377;1722;4;1211;75
22378;1722;5;3171;65
22379;1722;6;2235;55
22380;1722;7;2339;47
22381;1722;8;2761;40
22382;1722;9;1399;33
22383;1722;10;1836;28
22384;1722;11;349;23
22385;1722;12;1948;18
22386;1722;13;3191;14
22387;1722;14;1929;11
22388;1722;15;3039;8
22389;1722;16;3115;6
22390;1722;17;812;4
22391;1722;18;2216;3
22392;1722;19;2672;2
22393;1722;20;3034;1
22394;1731;1;1107;15
22395;1731;1;2546;15
22396;1731;1;3171;15
22397;1731;1;1836;15
22398;1731;1;2546;15
22399;1723;1;3191;150
22400;1723;2;3039;115
22401;1723;3;2943;95
22402;1723;4;349;75
22403;1723;5;2546;65
22404;1723;6;2339;55
22405;1723;7;1868;47
22406;1723;8;1044;40
22407;1723;9;2523;33
22408;1723;10;812;28
22409;1723;11;3070;23
22410;1723;12;578;18
22411;1723;13;1473;14
22412;1723;14;3115;11
22413;1723;15;411;8
22414;1723;16;3171;6
22415;1723;17;2761;4
22416;1723;18;514;3
22417;1723;19;872;2
22418;1723;20;2817;1
22419;1732;1;1107;15
22420;1732;1;3070;15
22421;1732;1;2546;15
22422;1732;1;3191;15
22423;1732;1;3070;15
22424;1724;1;3191;150
22425;1724;2;2546;115
22426;1724;3;3039;95
22427;1724;4;2943;75
22428;1724;5;3183;65
22429;1724;6;708;55
22430;1724;7;1058;47
22431;1724;8;1399;40
22432;1724;9;728;33
22433;1724;10;2523;28
22434;1724;11;1700;23
22435;1724;12;2672;18
22436;1724;13;726;14
22437;1724;14;1929;11
22438;1724;15;2923;8
22439;1724;16;1914;6
22440;1724;17;2679;4
22441;1724;18;216;3
22442;1724;19;2761;2
22443;1724;20;1578;1
22444;1733;1;2546;15
22445;1733;1;3191;15
22446;1733;1;3183;15
22447;1733;1;2943;15
22448;1725;1;1593;150
22449;1725;2;2984;115
22450;1725;3;2537;95
22451;1725;4;1546;75
22452;1725;5;1836;65
22453;1725;6;228;55
22454;1725;7;2339;47
22455;1725;8;2870;40
22456;1725;9;2523;33
22457;1725;10;3003;28
22458;1725;11;1719;23
22459;1725;12;2235;18
22460;1725;13;264;14
22461;1725;14;2546;11
22462;1725;15;2424;8
22463;1725;16;1775;6
22464;1725;17;2973;4
22465;1725;18;186;3
22466;1725;19;2889;2
22467;1725;20;2192;1
22468;1734;1;228;15
22469;1734;1;228;15
22470;1734;1;228;15
22471;1734;1;1593;15
22472;1734;1;3003;15
22473;1726;1;829;100
22474;1726;2;821;75
22475;1726;3;2075;60
22476;1726;4;1396;50
22477;1726;5;2194;45
22478;1726;6;1837;40
22479;1726;7;1712;35
22480;1726;8;2939;30
22481;1726;9;897;25
22482;1726;10;2794;20
22483;1726;11;2424;15
22484;1726;12;2080;10
22485;1726;13;2962;8
22486;1726;14;1112;7
22487;1726;15;2373;6
22488;1726;16;1748;5
22489;1726;17;926;4
22490;1726;18;75;3
22491;1726;19;1548;2
22492;1726;20;79;1
22493;1735;1;821;10
22494;1735;1;2080;10
22495;1727;1;1837;100
22496;1727;2;1615;75
22497;1727;3;2482;60
22498;1727;4;423;50
22499;1727;5;1396;45
22500;1727;6;986;40
22501;1727;7;589;35
22502;1727;8;897;30
22503;1727;9;2426;25
22504;1727;10;1038;20
22505;1727;11;2333;15
22506;1727;12;1720;10
22507;1727;13;1321;8
22508;1727;14;60;7
22509;1727;15;2834;6
22510;1727;16;1885;5
22511;1727;17;836;4
22512;1727;18;2839;3
22513;1727;19;1212;2
22514;1727;20;952;1
22515;1736;1;1837;10
22516;1736;1;1615;10
22517;1736;1;805;10
22518;1736;1;1837;10
22519;1728;1;2075;200
22520;1728;2;714;150
22521;1728;3;806;125
22522;1728;4;1511;100
22523;1728;5;821;85
22524;1728;6;584;70
22525;1728;7;3022;60
22526;1728;8;2335;50
22527;1728;9;115;40
22528;1728;10;769;35
22529;1728;11;2426;30
22530;1728;12;589;25
22531;1728;13;1444;20
22532;1728;14;796;15
22533;1728;15;2625;10
22534;1728;16;423;7
22535;1728;17;1594;5
22536;1728;18;299;3
22537;1728;19;2504;2
22538;1728;20;111;1
22539;1737;1;1507;25
22540;1737;1;2075;25
22541;1737;1;796;25
22542;1737;1;2335;25
22543;1729;1;714;200
22544;1729;2;2333;150
22545;1729;3;806;125
22546;1729;4;1511;100
22547;1729;5;1447;85
22548;1729;6;286;70
22549;1729;7;1021;60
22550;1729;8;3217;50
22551;1729;9;3022;40
22552;1729;10;952;35
22553;1729;11;423;30
22554;1729;12;111;25
22555;1729;13;974;20
22556;1729;14;821;15
22557;1729;15;2361;10
22558;1729;16;3197;7
22559;1729;17;3139;5
22560;1729;18;2613;3
22561;1729;19;1212;2
22562;1729;20;897;1
22563;1738;1;714;25
22564;1738;1;714;25
22565;1738;1;2333;25
22566;1738;1;714;25
22567;1730;1;2075;200
22568;1730;2;714;150
22569;1730;3;1511;125
22570;1730;4;2335;100
22571;1730;5;3022;85
22572;1730;6;501;70
22573;1730;7;3139;60
22574;1730;8;1943;50
22575;1730;9;3200;40
22576;1730;10;3212;35
22577;1730;11;2504;30
22578;1730;12;2700;25
22579;1730;13;821;20
22580;1730;14;3209;15
22581;1730;15;111;10
22582;1730;16;974;7
22583;1730;17;3197;5
22584;1730;18;2361;3
22585;1730;19;2208;2
22586;1730;20;659;1
22587;1739;1;2075;25
22588;1739;1;115;25
22589;1739;1;805;25
22590;1739;1;2075;25
22591;1740;1;728;100
22592;1740;2;2709;70
22593;1740;3;2943;50
22594;1740;4;1375;40
22595;1740;5;2817;30
22596;1740;6;1700;20
22597;1740;7;3115;15
22598;1740;8;2253;10
22599;1740;9;1323;5
22600;1740;10;812;1
22601;1741;1;728;10
22602;1741;1;728;10
22603;1741;1;728;10
22604;1741;1;728;10
22605;1742;1;2785;100
22606;1742;2;959;70
22607;1742;3;2340;50
22608;1742;4;2339;40
22609;1742;5;3039;30
22610;1742;6;2001;20
22611;1742;7;2859;15
22612;1742;8;676;10
22613;1742;9;2676;5
22614;1742;10;2563;1
22615;1743;1;2785;10
22616;1743;1;2340;10
22617;1743;1;2563;10
22618;1743;1;728;10
22619;1743;1;2785;10
22620;1743;1;959;10
22621;1744;1;959;100
22622;1744;2;2870;70
22623;1744;3;762;50
22624;1744;4;87;40
22625;1744;5;3039;30
22626;1744;6;2785;20
22627;1744;7;676;15
22628;1744;8;2001;10
22629;1744;9;2577;5
22630;1744;10;2516;1
22631;1745;1;2870;10
22632;1745;1;959;10
22633;1746;1;2339;150
22634;1746;2;1420;115
22635;1746;3;2340;95
22636;1746;4;116;75
22637;1746;5;762;65
22638;1746;6;2523;55
22639;1746;7;3039;47
22640;1746;8;1592;40
22641;1746;9;1858;33
22642;1746;10;2516;28
22643;1746;11;2546;23
22644;1746;12;578;18
22645;1746;13;1375;14
22646;1746;14;1107;11
22647;1746;15;1099;8
22648;1746;16;1143;6
22649;1746;17;2424;4
22650;1746;18;2001;3
22651;1746;19;2957;2
22652;1746;20;620;1
22653;1750;1;486;15
22654;1750;1;186;15
22655;1750;1;2420;15
22656;1750;1;2339;15
22657;1750;1;1420;15
22658;1747;1;3191;150
22659;1747;2;2216;115
22660;1747;3;2870;95
22661;1747;4;2340;75
22662;1747;5;1420;65
22663;1747;6;2889;55
22664;1747;7;2406;47
22665;1747;8;2429;40
22666;1747;9;762;33
22667;1747;10;2339;28
22668;1747;11;2531;23
22669;1747;12;2676;18
22670;1747;13;1546;14
22671;1747;14;16;11
22672;1747;15;2083;8
22673;1747;16;204;6
22674;1747;17;1375;4
22675;1747;18;1049;3
22676;1747;19;2302;2
22677;1747;20;2701;1
22678;1751;1;2563;15
22679;1751;1;3191;15
22680;1751;1;3191;15
22681;1748;1;2216;150
22682;1748;2;1525;115
22683;1748;3;279;95
22684;1748;4;1546;75
22685;1748;5;1057;65
22686;1748;6;2603;55
22687;1748;7;2686;47
22688;1748;8;264;40
22689;1748;9;204;33
22690;1748;10;1386;28
22691;1748;11;2698;23
22692;1748;12;1793;18
22693;1748;13;2429;14
22694;1748;14;1420;11
22695;1748;15;1099;8
22696;1748;16;294;6
22697;1748;17;3085;4
22698;1748;18;2043;3
22699;1748;19;2973;2
22700;1748;20;700;1
22701;1752;1;2563;15
22702;1752;1;1525;15
22703;1752;1;2216;15
22704;1749;1;1420;150
22705;1749;2;2389;115
22706;1749;3;2686;95
22707;1749;4;2090;75
22708;1749;5;240;65
22709;1749;6;204;55
22710;1749;7;1546;47
22711;1749;8;1386;40
22712;1749;9;2563;33
22713;1749;10;891;28
22714;1749;11;1057;23
22715;1749;12;1858;18
22716;1749;13;2876;14
22717;1749;14;2603;11
22718;1749;15;2231;8
22719;1749;16;1240;6
22720;1749;17;167;4
22721;1749;18;2339;3
22722;1749;19;2761;2
22723;1749;20;492;1
22724;1753;1;1420;15
22725;1753;1;2563;15
22726;1753;1;2563;15
22727;1754;1;1662;100
22728;1754;2;708;70
22729;1754;3;588;50
22730;1754;4;228;40
22731;1754;5;1868;30
22732;1754;6;905;20
22733;1754;7;1034;15
22734;1754;8;2154;10
22735;1754;9;116;5
22736;1754;10;126;1
22737;1762;1;1034;10
22738;1762;1;1662;10
22739;1762;1;1662;10
22740;1755;1;116;150
22741;1755;2;1868;115
22742;1755;3;1887;95
22743;1755;4;728;75
22744;1755;5;1034;65
22745;1755;6;1917;55
22746;1755;7;708;47
22747;1755;8;2859;40
22748;1755;9;1593;33
22749;1755;10;126;28
22750;1755;11;1617;23
22751;1755;12;1679;18
22752;1755;13;1592;14
22753;1755;14;1546;11
22754;1755;15;1719;8
22755;1755;16;349;6
22756;1755;17;2701;4
22757;1755;18;2192;3
22758;1755;19;1127;2
22759;1755;20;2164;1
22760;1763;1;1034;15
22761;1763;1;1056;15
22762;1763;1;1887;15
22763;1763;1;728;15
22764;1756;1;1420;150
22765;1756;2;204;115
22766;1756;3;1868;95
22767;1756;4;708;75
22768;1756;5;2986;65
22769;1756;6;1559;55
22770;1756;7;215;47
22771;1756;8;2957;40
22772;1756;9;116;33
22773;1756;10;1609;28
22774;1756;11;2859;23
22775;1756;12;1917;18
22776;1756;13;126;14
22777;1756;14;571;11
22778;1756;15;1034;8
22779;1756;16;2563;6
22780;1756;17;907;4
22781;1756;18;728;3
22782;1756;19;3001;2
22783;1756;20;1934;1
22784;1764;1;2986;15
22785;1764;1;2503;15
22786;1764;1;1420;15
22787;1764;1;2563;15
22788;1757;1;2406;150
22789;1757;2;264;115
22790;1757;3;751;95
22791;1757;4;907;75
22792;1757;5;1034;65
22793;1757;6;571;55
22794;1757;7;1079;47
22795;1757;8;1420;40
22796;1757;9;1870;33
22797;1757;10;762;28
22798;1757;11;143;23
22799;1757;12;2466;18
22800;1757;13;2531;14
22801;1757;14;2221;11
22802;1757;15;1600;8
22803;1757;16;1145;6
22804;1757;17;321;4
22805;1757;18;1977;3
22806;1757;19;2159;2
22807;1757;20;2879;1
22808;1765;1;571;15
22809;1765;1;2406;15
22810;1765;1;2406;15
22811;1765;1;264;15
22812;1765;1;667;15
22813;1758;1;571;150
22814;1758;2;3003;115
22815;1758;3;1420;95
22816;1758;4;1609;75
22817;1758;5;2531;65
22818;1758;6;1617;55
22819;1758;7;71;47
22820;1758;8;767;40
22821;1758;9;215;33
22822;1758;10;1593;28
22823;1758;11;2429;23
22824;1758;12;907;18
22825;1758;13;264;14
22826;1758;14;2406;11
22827;1758;15;812;8
22828;1758;16;1592;6
22829;1758;17;851;4
22830;1758;18;1691;3
22831;1758;19;2062;2
22832;1758;20;126;1
22833;1766;1;571;15
22834;1766;1;2429;15
22835;1766;1;1525;15
22836;1766;1;1420;15
22837;1759;1;2406;150
22838;1759;2;3003;115
22839;1759;3;1525;95
22840;1759;4;1420;75
22841;1759;5;571;65
22842;1759;6;167;55
22843;1759;7;92;47
22844;1759;8;215;40
22845;1759;9;787;33
22846;1759;10;1057;28
22847;1759;11;71;23
22848;1759;12;425;18
22849;1759;13;3073;14
22850;1759;14;1617;11
22851;1759;15;728;8
22852;1759;16;264;6
22853;1759;17;116;4
22854;1759;18;561;3
22855;1759;19;1691;2
22856;1759;20;1214;1
22857;1767;1;2563;15
22858;1767;1;2563;15
22859;1767;1;1420;15
22860;1767;1;2406;15
22861;1767;1;2406;15
22862;1760;1;1420;150
22863;1760;2;2876;115
22864;1760;3;2406;95
22865;1760;4;425;75
22866;1760;5;1525;65
22867;1760;6;907;55
22868;1760;7;971;47
22869;1760;8;3002;40
22870;1760;9;1645;33
22871;1760;10;215;28
22872;1760;11;2686;23
22873;1760;12;1609;18
22874;1760;13;2592;14
22875;1760;14;512;11
22876;1760;15;2164;8
22877;1760;16;1670;6
22878;1760;17;1808;4
22879;1760;18;2978;3
22880;1760;19;1484;2
22881;1760;20;2365;1
22882;1768;1;2563;15
22883;1768;1;1420;15
22884;1768;1;1420;15
22885;1768;1;2876;15
22886;1768;1;1420;15
22887;1761;1;1602;150
22888;1761;2;3003;115
22889;1761;3;1670;95
22890;1761;4;2561;75
22891;1761;5;1107;65
22892;1761;6;2876;55
22893;1761;7;74;47
22894;1761;8;521;40
22895;1761;9;1420;33
22896;1761;10;721;28
22897;1761;11;425;23
22898;1761;12;2102;18
22899;1761;13;2689;14
22900;1761;14;907;11
22901;1761;15;2978;8
22902;1761;16;2365;6
22903;1761;17;1531;4
22904;1761;18;841;3
22905;1761;19;448;2
22906;1761;20;2064;1
22907;1769;1;1602;15
22908;1769;1;1602;15
22909;1769;1;2561;15
22910;1769;1;1602;15
22911;1769;1;1107;15
22912;1770;1;2216;150
22913;1770;2;1049;115
22914;1770;3;2531;95
22915;1770;4;2424;75
22916;1770;5;1420;65
22917;1770;6;357;55
22918;1770;7;3039;47
22919;1770;8;2973;40
22920;1770;9;294;33
22921;1770;10;924;28
22922;1770;11;2876;23
22923;1770;12;512;18
22924;1770;13;3161;14
22925;1770;14;385;11
22926;1770;15;1403;8
22927;1770;16;569;6
22928;1770;17;3071;4
22929;1770;18;2686;3
22930;1770;19;3035;2
22931;1770;20;2222;1
22932;1774;1;2216;15
22933;1774;1;1049;15
22934;1771;1;2799;150
22935;1771;2;1602;115
22936;1771;3;2742;95
22937;1771;4;708;75
22938;1771;5;1306;65
22939;1771;6;349;55
22940;1771;7;2761;47
22941;1771;8;1403;40
22942;1771;9;1793;33
22943;1771;10;294;28
22944;1771;11;264;23
22945;1771;12;2523;18
22946;1771;13;2743;14
22947;1771;14;2216;11
22948;1771;15;1057;8
22949;1771;16;385;6
22950;1771;17;2420;4
22951;1771;18;700;3
22952;1771;19;3085;2
22953;1771;20;1626;1
22954;1775;1;1057;15
22955;1775;1;2799;15
22956;1775;1;385;15
22957;1772;1;2876;150
22958;1772;2;1751;115
22959;1772;3;1420;95
22960;1772;4;2216;75
22961;1772;5;1793;65
22962;1772;6;2339;55
22963;1772;7;1602;47
22964;1772;8;1546;40
22965;1772;9;751;33
22966;1772;10;2973;28
22967;1772;11;323;23
22968;1772;12;2686;18
22969;1772;13;1626;14
22970;1772;14;3085;11
22971;1772;15;1266;8
22972;1772;16;2406;6
22973;1772;17;2761;4
22974;1772;18;187;3
22975;1772;19;3003;2
22976;1772;20;934;1
22977;1776;1;2876;15
22978;1776;1;2876;15
22979;1776;1;1626;15
22980;1773;1;1794;150
22981;1773;2;3003;115
22982;1773;3;1602;95
22983;1773;4;2698;75
22984;1773;5;3191;65
22985;1773;6;700;55
22986;1773;7;1301;47
22987;1773;8;1221;40
22988;1773;9;2622;33
22989;1773;10;129;28
22990;1773;11;1751;23
22991;1773;12;186;18
22992;1773;13;555;14
22993;1773;14;3071;11
22994;1773;15;1420;8
22995;1773;16;2216;6
22996;1773;17;1403;4
22997;1773;18;810;3
22998;1773;19;2923;2
22999;1773;20;2669;1
23000;1777;1;1195;15
23001;1777;1;1794;15
23002;1777;1;1386;15
23003;1778;1;1868;100
23004;1778;2;1559;70
23005;1778;3;264;50
23006;1778;4;907;40
23007;1778;5;1386;30
23008;1778;6;1870;20
23009;1778;7;2677;15
23010;1778;8;1323;10
23011;1778;9;1531;5
23012;1778;10;1679;1
23013;1779;1;1868;10
23014;1779;1;1056;10
23015;1779;1;2710;10
23016;1779;1;1386;10
23017;1779;1;264;10
23018;1780;1;3182;100
23019;1780;2;2222;70
23020;1780;3;2889;50
23021;1780;4;2939;40
23022;1780;5;959;30
23023;1780;6;2389;20
23024;1780;7;2339;15
23025;1780;8;3080;10
23026;1780;9;2761;5
23027;1780;10;784;1
23028;1783;1;3191;10
23029;1783;1;959;10
23030;1783;1;3182;10
23031;1781;1;2889;100
23032;1781;2;959;70
23033;1781;3;762;50
23034;1781;4;2939;40
23035;1781;5;728;30
23036;1781;6;2222;20
23037;1781;7;2227;15
23038;1781;8;167;10
23039;1781;9;3109;5
23040;1781;10;2389;1
23041;1784;1;728;10
23042;1784;1;728;10
23043;1784;1;2889;10
23044;1782;1;2004;100
23045;1782;2;2080;70
23046;1782;3;1386;50
23047;1782;4;2095;40
23048;1782;5;167;30
23049;1782;6;1090;20
23050;1782;7;2339;15
23051;1782;8;652;10
23052;1782;9;2389;5
23053;1782;10;2043;1
23054;1785;1;2004;10
23055;1785;1;2004;10
23056;1785;1;2004;10
23057;1786;1;3182;100
23058;1786;2;767;70
23059;1786;3;3080;50
23060;1786;4;2742;40
23061;1786;5;851;30
23062;1786;6;2192;20
23063;1786;7;1968;15
23064;1786;8;1858;10
23065;1786;9;1794;5
23066;1786;10;624;1
23067;1795;1;3182;10
23068;1795;1;1858;10
23069;1795;1;3182;10
23070;1795;1;767;10
23071;1795;1;3182;10
23072;1787;1;2004;100
23073;1787;2;2889;70
23074;1787;3;2778;50
23075;1787;4;2365;40
23076;1787;5;848;30
23077;1787;6;2483;20
23078;1787;7;812;15
23079;1787;8;1776;10
23080;1787;9;1794;5
23081;1787;10;2290;1
23082;1796;1;2004;10
23083;1796;1;848;10
23084;1796;1;2004;10
23085;1788;1;2761;100
23086;1788;2;2429;70
23087;1788;3;3161;50
23088;1788;4;2090;40
23089;1788;5;2290;30
23090;1788;6;1081;20
23091;1788;7;1727;15
23092;1788;8;2778;10
23093;1788;9;1845;5
23094;1788;10;989;1
23095;1797;1;2778;10
23096;1797;1;2761;10
23097;1797;1;2090;10
23098;1797;1;2429;10
23099;1789;1;2290;100
23100;1789;2;767;70
23101;1789;3;3161;50
23102;1789;4;2483;40
23103;1789;5;2607;30
23104;1789;6;129;20
23105;1789;7;2544;15
23106;1789;8;2936;10
23107;1789;9;2761;5
23108;1789;10;449;1
23109;1798;1;848;10
23110;1798;1;2483;10
23111;1798;1;3161;10
23112;1798;1;2290;10
23113;1790;1;1081;100
23114;1790;2;2627;70
23115;1790;3;63;50
23116;1790;4;985;40
23117;1790;5;2889;30
23118;1790;6;1845;20
23119;1790;7;723;15
23120;1790;8;2939;10
23121;1790;9;1361;5
23122;1790;10;1499;1
23123;1799;1;1081;10
23124;1799;1;2802;10
23125;1799;1;2978;10
23126;1799;1;1499;10
23127;1791;1;1090;100
23128;1791;2;2627;70
23129;1791;3;767;50
23130;1791;4;2936;40
23131;1791;5;1081;30
23132;1791;6;2290;20
23133;1791;7;1727;15
23134;1791;8;2689;10
23135;1791;9;2534;5
23136;1791;10;1435;1
23137;1800;1;1090;10
23138;1800;1;767;10
23139;1800;1;1090;10
23140;1800;1;449;10
23141;1792;1;1090;100
23142;1792;2;2936;70
23143;1792;3;1081;50
23144;1792;4;458;40
23145;1792;5;3160;30
23146;1792;6;63;20
23147;1792;7;629;15
23148;1792;8;2810;10
23149;1792;9;1727;5
23150;1792;10;1435;1
23151;1801;1;629;10
23152;1801;1;2576;10
23153;1801;1;2102;10
23154;1801;1;2936;10
23155;1793;1;2004;100
23156;1793;2;52;70
23157;1793;3;1793;50
23158;1793;4;1837;40
23159;1793;5;238;30
23160;1793;6;1090;20
23161;1793;7;1643;15
23162;1793;8;447;10
23163;1793;9;2708;5
23164;1793;10;63;1
23165;1802;1;2004;10
23166;1802;1;238;10
23167;1802;1;1837;10
23168;1802;1;2004;10
23169;1794;1;1512;100
23170;1794;2;2936;70
23171;1794;3;767;50
23172;1794;4;2438;40
23173;1794;5;2889;30
23174;1794;6;458;20
23175;1794;7;375;15
23176;1794;8;40;10
23177;1794;9;1839;5
23178;1794;10;779;1
23179;1803;1;2438;10
23180;1803;1;2936;10
23181;1803;1;1512;10
23182;1803;1;1512;10
23183;1804;1;762;100
23184;1804;2;1617;70
23185;1804;3;652;50
23186;1804;4;2889;40
23187;1804;5;2114;30
23188;1804;6;571;20
23189;1804;7;1399;15
23190;1804;8;2939;10
23191;1804;9;1903;5
23192;1804;10;812;1
23193;1825;1;762;10
23194;1825;1;2919;10
23195;1825;1;2889;10
23196;1825;1;2889;10
23197;1825;1;2889;10
23198;1825;1;2889;10
23199;1805;1;762;100
23200;1805;2;2939;70
23201;1805;3;606;50
23202;1805;4;959;40
23203;1805;5;891;30
23204;1805;6;2546;20
23205;1805;7;2761;15
23206;1805;8;1252;10
23207;1805;9;1691;5
23208;1805;10;59;1
23209;1826;1;762;10
23210;1826;1;762;10
23211;1826;1;2778;10
23212;1826;1;215;10
23213;1826;1;606;10
23214;1826;1;762;10
23215;1806;1;1968;100
23216;1806;2;959;70
23217;1806;3;1531;50
23218;1806;4;606;40
23219;1806;5;2433;30
23220;1806;6;3078;20
23221;1806;7;1729;15
23222;1806;8;2811;10
23223;1806;9;907;5
23224;1806;10;1399;1
23225;1827;1;728;10
23226;1827;1;1968;10
23227;1827;1;425;10
23228;1827;1;959;10
23229;1827;1;959;10
23230;1827;1;1526;10
23231;1807;1;116;100
23232;1807;2;885;70
23233;1807;3;2870;50
23234;1807;4;880;40
23235;1807;5;2740;30
23236;1807;6;2340;20
23237;1807;7;1081;15
23238;1807;8;767;10
23239;1807;9;2090;5
23240;1807;10;447;1
23241;1828;1;2340;10
23242;1828;1;554;10
23243;1828;1;728;10
23244;1828;1;885;10
23245;1828;1;728;10
23246;1828;1;2870;10
23247;1808;1;1617;100
23248;1808;2;1081;70
23249;1808;3;829;50
23250;1808;4;554;40
23251;1808;5;116;30
23252;1808;6;3148;20
23253;1808;7;2740;15
23254;1808;8;885;10
23255;1808;9;1490;5
23256;1808;10;600;1
23257;1829;1;554;10
23258;1829;1;554;10
23259;1829;1;1617;10
23260;1829;1;186;10
23261;1829;1;186;10
23262;1829;1;829;10
23263;1809;1;3091;100
23264;1809;2;2740;70
23265;1809;3;2627;50
23266;1809;4;829;40
23267;1809;5;1081;30
23268;1809;6;447;20
23269;1809;7;1777;15
23270;1809;8;2978;10
23271;1809;9;1845;5
23272;1809;10;546;1
23273;1830;1;2740;10
23274;1830;1;2627;10
23275;1830;1;829;10
23276;1830;1;829;10
23277;1830;1;829;10
23278;1830;1;447;10
23279;1810;1;885;100
23280;1810;2;305;70
23281;1810;3;546;50
23282;1810;4;110;40
23283;1810;5;1845;30
23284;1810;6;2516;20
23285;1810;7;317;15
23286;1810;8;3161;10
23287;1810;9;1777;5
23288;1810;10;1382;1
23289;1831;1;863;10
23290;1831;1;867;10
23291;1831;1;863;10
23292;1831;1;885;10
23293;1831;1;946;10
23294;1831;1;863;10
23295;1831;1;863;10
23296;1811;1;885;100
23297;1811;2;305;70
23298;1811;3;2954;50
23299;1811;4;2534;40
23300;1811;5;458;30
23301;1811;6;2740;20
23302;1811;7;1619;15
23303;1811;8;2389;10
23304;1811;9;1680;5
23305;1811;10;447;1
23306;1832;1;499;10
23307;1832;1;499;10
23308;1832;1;305;10
23309;1832;1;885;10
23310;1832;1;1389;10
23311;1832;1;447;10
23312;1832;1;885;10
23313;1812;1;2936;100
23314;1812;2;305;70
23315;1812;3;458;50
23316;1812;4;2617;40
23317;1812;5;1389;30
23318;1812;6;449;20
23319;1812;7;997;15
23320;1812;8;1751;10
23321;1812;9;2389;5
23322;1812;10;720;1
23323;1833;1;1751;10
23324;1833;1;1057;10
23325;1833;1;52;10
23326;1833;1;1057;10
23327;1833;1;1389;10
23328;1833;1;458;10
23329;1833;1;1057;10
23330;1813;1;1751;100
23331;1813;2;2954;70
23332;1813;3;767;50
23333;1813;4;2617;40
23334;1813;5;52;30
23335;1813;6;120;20
23336;1813;7;746;15
23337;1813;8;449;10
23338;1813;9;3014;5
23339;1813;10;2158;1
23340;1834;1;1057;10
23341;1834;1;1751;10
23342;1834;1;1800;10
23343;1834;1;1057;10
23344;1834;1;52;10
23345;1834;1;1057;10
23346;1834;1;1534;10
23347;1814;1;2954;100
23348;1814;2;1669;70
23349;1814;3;2617;50
23350;1814;4;1534;40
23351;1814;5;2727;30
23352;1814;6;182;20
23353;1814;7;231;15
23354;1814;8;209;10
23355;1814;9;2978;5
23356;1814;10;771;1
23357;1835;1;2621;10
23358;1835;1;1669;10
23359;1835;1;2954;10
23360;1835;1;3041;10
23361;1835;1;1612;10
23362;1835;1;209;10
23363;1835;1;1668;10
23364;1815;1;985;100
23365;1815;2;222;70
23366;1815;3;767;50
23367;1815;4;1631;40
23368;1815;5;894;30
23369;1815;6;1943;20
23370;1815;7;2965;15
23371;1815;8;771;10
23372;1815;9;1540;5
23373;1815;10;309;1
23374;1836;1;1512;10
23375;1836;1;1512;10
23376;1836;1;222;10
23377;1836;1;985;10
23378;1836;1;767;10
23379;1836;1;91;10
23380;1836;1;746;10
23381;1816;1;1840;100
23382;1816;2;1110;70
23383;1816;3;1681;50
23384;1816;4;2097;40
23385;1816;5;1943;30
23386;1816;6;2368;20
23387;1816;7;2534;15
23388;1816;8;2692;10
23389;1816;9;1027;5
23390;1816;10;985;1
23391;1837;1;1512;10
23392;1837;1;1512;10
23393;1837;1;1669;10
23394;1837;1;2778;10
23395;1837;1;1359;10
23396;1837;1;1840;10
23397;1837;1;2482;10
23398;1817;1;1511;100
23399;1817;2;1943;70
23400;1817;3;771;50
23401;1817;4;2628;40
23402;1817;5;1527;30
23403;1817;6;2692;20
23404;1817;7;897;15
23405;1817;8;2810;10
23406;1817;9;1561;5
23407;1817;10;1110;1
23408;1838;1;75;10
23409;1838;1;299;10
23410;1838;1;2628;10
23411;1838;1;771;10
23412;1838;1;1511;10
23413;1838;1;2628;10
23414;1838;1;897;10
23415;1818;1;2004;100
23416;1818;2;589;70
23417;1818;3;771;50
23418;1818;4;897;40
23419;1818;5;182;30
23420;1818;6;1943;20
23421;1818;7;1561;15
23422;1818;8;2939;10
23423;1818;9;1669;5
23424;1818;10;2368;1
23425;1839;1;2004;10
23426;1839;1;2004;10
23427;1839;1;2004;10
23428;1839;1;278;10
23429;1839;1;2080;10
23430;1839;1;2004;10
23431;1839;1;2004;10
23432;1819;1;1669;100
23433;1819;2;1943;70
23434;1819;3;222;50
23435;1819;4;3139;40
23436;1819;5;2665;30
23437;1819;6;3094;20
23438;1819;7;2692;15
23439;1819;8;432;10
23440;1819;9;1534;5
23441;1819;10;3022;1
23442;1840;1;1943;10
23443;1840;1;1943;10
23444;1840;1;320;10
23445;1840;1;1615;10
23446;1840;1;1690;10
23447;1840;1;2486;10
23448;1840;1;542;10
23449;1820;1;1681;100
23450;1820;2;1943;70
23451;1820;3;182;50
23452;1820;4;2482;40
23453;1820;5;3077;30
23454;1820;6;1321;20
23455;1820;7;2967;15
23456;1820;8;299;10
23457;1820;9;2835;5
23458;1820;10;1837;1
23459;1841;1;299;10
23460;1841;1;1681;10
23461;1841;1;542;10
23462;1841;1;2628;10
23463;1841;1;2080;10
23464;1841;1;2956;10
23465;1841;1;1837;10
23466;1821;1;286;100
23467;1821;2;1792;70
23468;1821;3;2474;50
23469;1821;4;2787;40
23470;1821;5;2779;30
23471;1821;6;882;20
23472;1821;7;614;15
23473;1821;8;584;10
23474;1821;9;1815;5
23475;1821;10;2255;1
23476;1842;1;2750;10
23477;1842;1;2750;10
23478;1842;1;1792;10
23479;1842;1;286;10
23480;1842;1;286;10
23481;1842;1;2779;10
23482;1842;1;614;10
23483;1822;1;2082;100
23484;1822;2;897;70
23485;1822;3;159;50
23486;1822;4;2426;40
23487;1822;5;952;30
23488;1822;6;2373;20
23489;1822;7;354;15
23490;1822;8;614;10
23491;1822;9;54;5
23492;1822;10;2779;1
23493;1843;1;690;10
23494;1843;1;2174;10
23495;1843;1;690;10
23496;1843;1;2779;10
23497;1843;1;2082;10
23498;1843;1;354;10
23499;1843;1;2426;10
23500;1823;1;2967;100
23501;1823;2;3200;70
23502;1823;3;3197;50
23503;1823;4;705;40
23504;1823;5;1885;30
23505;1823;6;3198;20
23506;1823;7;3215;15
23507;1823;8;3241;10
23508;1823;9;3251;5
23509;1823;10;1676;1
23510;1844;1;2967;10
23511;1844;1;2967;10
23512;1844;1;2373;10
23513;1844;1;1885;10
23514;1844;1;963;10
23515;1844;1;3199;10
23516;1824;1;3197;100
23517;1824;2;974;70
23518;1824;3;1885;50
23519;1824;4;3200;40
23520;1824;5;2220;30
23521;1824;6;3212;20
23522;1824;7;3249;15
23523;1824;8;844;10
23524;1824;9;952;5
23525;1824;10;705;1
23526;1845;1;1816;10
23527;1845;1;2220;10
23528;1845;1;2220;10
23529;1845;1;3200;10
23530;1845;1;3197;10
23531;1846;1;1602;100
23532;1846;2;2004;70
23533;1846;3;1751;50
23534;1846;4;2236;40
23535;1846;5;569;30
23536;1846;6;2876;20
23537;1846;7;2923;15
23538;1846;8;700;10
23539;1846;9;2843;5
23540;1846;10;1727;1
23541;1853;1;1751;10
23542;1853;1;1602;10
23543;1853;1;1602;10
23544;1847;1;2004;100
23545;1847;2;1602;70
23546;1847;3;2216;50
23547;1847;4;2561;40
23548;1847;5;1195;30
23549;1847;6;1794;20
23550;1847;7;1793;15
23551;1847;8;2876;10
23552;1847;9;129;5
23553;1847;10;512;1
23554;1854;1;2004;10
23555;1854;1;2004;10
23556;1854;1;1195;10
23557;1848;1;1195;100
23558;1848;2;1602;70
23559;1848;3;848;50
23560;1848;4;2561;40
23561;1848;5;262;30
23562;1848;6;1525;20
23563;1848;7;3071;15
23564;1848;8;74;10
23565;1848;9;1233;5
23566;1848;10;186;1
23567;1855;1;1602;10
23568;1855;1;1195;10
23569;1855;1;1195;10
23570;1849;1;1195;100
23571;1849;2;512;70
23572;1849;3;1751;50
23573;1849;4;1793;40
23574;1849;5;2364;30
23575;1849;6;521;20
23576;1849;7;1727;15
23577;1849;8;3071;10
23578;1849;9;2216;5
23579;1849;10;2876;1
23580;1856;1;1751;10
23581;1856;1;2876;10
23582;1856;1;161;10
23583;1850;1;1602;100
23584;1850;2;1233;70
23585;1850;3;262;50
23586;1850;4;2561;40
23587;1850;5;3071;30
23588;1850;6;2004;20
23589;1850;7;829;15
23590;1850;8;2013;10
23591;1850;9;2698;5
23592;1850;10;1837;1
23593;1857;1;1602;10
23594;1857;1;1602;10
23595;1857;1;1305;10
23596;1851;1;2004;100
23597;1851;2;1602;70
23598;1851;3;2698;50
23599;1851;4;3071;40
23600;1851;5;1221;30
23601;1851;6;1233;20
23602;1851;7;1727;15
23603;1851;8;161;10
23604;1851;9;127;5
23605;1851;10;519;1
23606;1858;1;2004;10
23607;1858;1;519;10
23608;1858;1;2004;10
23609;1852;1;1602;100
23610;1852;2;123;70
23611;1852;3;127;50
23612;1852;4;1233;40
23613;1852;5;238;30
23614;1852;6;829;20
23615;1852;7;2698;15
23616;1852;8;3071;10
23617;1852;9;2622;5
23618;1852;10;1362;1
23619;1859;1;1233;10
23620;1859;1;123;10
23621;1859;1;1602;10
23622;1860;1;1751;100
23623;1860;2;116;70
23624;1860;3;2889;50
23625;1860;4;2870;40
23626;1860;5;1793;30
23627;1860;6;2339;20
23628;1860;7;2389;15
23629;1860;8;728;10
23630;1860;9;1420;5
23631;1860;10;2698;1
23632;1870;1;728;10
23633;1870;1;728;10
23634;1870;1;2389;10
23635;1870;1;2290;10
23636;1870;1;751;10
23637;1870;1;728;10
23638;1870;1;728;10
23639;1870;1;728;10
23640;1870;1;2889;10
23641;1861;1;116;100
23642;1861;2;2114;70
23643;1861;3;2043;50
23644;1861;4;2290;40
23645;1861;5;959;30
23646;1861;6;2843;20
23647;1861;7;1921;15
23648;1861;8;751;10
23649;1861;9;1081;5
23650;1861;10;2984;1
23651;1871;1;1609;10
23652;1871;1;2592;10
23653;1871;1;291;10
23654;1871;1;751;10
23655;1871;1;751;10
23656;1871;1;116;10
23657;1871;1;1890;10
23658;1871;1;116;10
23659;1871;1;1890;10
23660;1862;1;1859;150
23661;1862;2;2607;115
23662;1862;3;767;95
23663;1862;4;1499;75
23664;1862;5;2936;65
23665;1862;6;1081;55
23666;1862;7;1592;47
23667;1862;8;2227;40
23668;1862;9;2095;33
23669;1862;10;208;28
23670;1862;11;652;23
23671;1862;12;851;18
23672;1862;13;1609;14
23673;1862;14;3078;11
23674;1862;15;2438;8
23675;1862;16;798;6
23676;1862;17;1887;4
23677;1862;18;320;3
23678;1862;19;2828;2
23679;1862;20;1057;1
23680;1872;1;1195;15
23681;1872;1;1195;15
23682;1872;1;2095;15
23683;1872;1;1859;15
23684;1872;1;3024;15
23685;1872;1;1195;15
23686;1872;1;1859;15
23687;1872;1;1057;15
23688;1863;1;1592;150
23689;1863;2;946;115
23690;1863;3;891;95
23691;1863;4;2227;75
23692;1863;5;1564;65
23693;1863;6;2761;55
23694;1863;7;859;47
23695;1863;8;2158;40
23696;1863;9;985;33
23697;1863;10;770;28
23698;1863;11;2627;23
23699;1863;12;3161;18
23700;1863;13;728;14
23701;1863;14;2978;11
23702;1863;15;1081;8
23703;1863;16;2939;6
23704;1863;17;762;4
23705;1863;18;1619;3
23706;1863;19;2936;2
23707;1863;20;2889;1
23708;1873;1;728;15
23709;1873;1;1195;15
23710;1873;1;2978;15
23711;1873;1;1195;15
23712;1873;1;946;15
23713;1873;1;2627;15
23714;1864;1;262;150
23715;1864;2;1420;115
23716;1864;3;2424;95
23717;1864;4;829;75
23718;1864;5;1793;65
23719;1864;6;521;55
23720;1864;7;2004;47
23721;1864;8;215;40
23722;1864;9;2689;33
23723;1864;10;2698;28
23724;1864;11;111;23
23725;1864;12;2736;18
23726;1864;13;2290;14
23727;1864;14;2544;11
23728;1864;15;2102;8
23729;1864;16;762;6
23730;1864;17;1768;4
23731;1864;18;2889;3
23732;1864;19;863;2
23733;1864;20;1389;1
23734;1874;1;2698;15
23735;1874;1;1195;15
23736;1874;1;2004;15
23737;1874;1;262;15
23738;1874;1;1420;15
23739;1874;1;2004;15
23740;1874;1;829;15
23741;1865;1;946;150
23742;1865;2;1619;115
23743;1865;3;449;95
23744;1865;4;1778;75
23745;1865;5;1837;65
23746;1865;6;767;55
23747;1865;7;1203;47
23748;1865;8;1090;40
23749;1865;9;458;33
23750;1865;10;654;28
23751;1865;11;63;23
23752;1865;12;985;18
23753;1865;13;120;14
23754;1865;14;1298;11
23755;1865;15;447;8
23756;1865;16;162;6
23757;1865;17;2965;4
23758;1865;18;2673;3
23759;1865;19;2036;2
23760;1865;20;568;1
23761;1875;1;52;15
23762;1875;1;531;15
23763;1875;1;1837;15
23764;1875;1;2782;15
23765;1875;1;542;15
23766;1875;1;1800;15
23767;1875;1;946;15
23768;1875;1;162;15
23769;1875;1;946;15
23770;1866;1;1751;150
23771;1866;2;880;115
23772;1866;3;946;95
23773;1866;4;2939;75
23774;1866;5;52;65
23775;1866;6;829;55
23776;1866;7;2622;47
23777;1866;8;2487;40
23778;1866;9;2936;33
23779;1866;10;2978;28
23780;1866;11;2389;23
23781;1866;12;1361;18
23782;1866;13;320;14
23783;1866;14;1080;11
23784;1866;15;458;8
23785;1866;16;2136;6
23786;1866;17;1038;4
23787;1866;18;3031;3
23788;1866;19;2740;2
23789;1866;20;162;1
23790;1876;1;880;15
23791;1876;1;1057;15
23792;1876;1;1057;15
23793;1876;1;1057;15
23794;1876;1;1057;15
23795;1876;1;1057;15
23796;1876;1;1057;15
23797;1876;1;1751;15
23798;1867;1;600;150
23799;1867;2;52;115
23800;1867;3;317;95
23801;1867;4;320;75
23802;1867;5;1874;65
23803;1867;6;1057;55
23804;1867;7;1790;47
23805;1867;8;2644;40
23806;1867;9;1907;33
23807;1867;10;779;28
23808;1867;11;1233;23
23809;1867;12;120;18
23810;1867;13;1751;14
23811;1867;14;2748;11
23812;1867;15;2534;8
23813;1867;16;654;6
23814;1867;17;347;4
23815;1867;18;652;3
23816;1867;19;822;2
23817;1867;20;1513;1
23818;1877;1;600;15
23819;1877;1;347;15
23820;1877;1;1057;15
23821;1877;1;1602;15
23822;1877;1;320;15
23823;1877;1;1602;15
23824;1877;1;1233;15
23825;1868;1;806;150
23826;1868;2;116;115
23827;1868;3;600;95
23828;1868;4;449;75
23829;1868;5;2965;65
23830;1868;6;2521;55
23831;1868;7;1330;47
23832;1868;8;925;40
23833;1868;9;417;33
23834;1868;10;1361;28
23835;1868;11;1680;23
23836;1868;12;127;18
23837;1868;13;1312;14
23838;1868;14;2130;11
23839;1868;15;231;8
23840;1868;16;1667;6
23841;1868;17;120;4
23842;1868;18;317;3
23843;1868;19;2045;2
23844;1868;20;771;1
23845;1878;1;127;15
23846;1878;1;1843;15
23847;1878;1;1057;15
23848;1878;1;806;15
23849;1878;1;1800;15
23850;1878;1;806;15
23851;1878;1;1057;15
23852;1869;1;116;100
23853;1869;2;2954;75
23854;1869;3;925;60
23855;1869;4;2623;50
23856;1869;5;1304;45
23857;1869;6;449;40
23858;1869;7;1715;35
23859;1869;8;1631;30
23860;1869;9;683;25
23861;1869;10;120;20
23862;1869;11;522;15
23863;1869;12;2863;10
23864;1869;13;2807;8
23865;1869;14;138;7
23866;1869;15;1642;6
23867;1869;16;771;5
23868;1869;17;2061;4
23869;1869;18;231;3
23870;1869;19;127;2
23871;1869;20;1534;1
23872;1879;1;127;10
23873;1879;1;925;10
23874;1879;1;2621;10
23875;1879;1;542;10
23876;1879;1;116;10
23877;1879;1;116;10
23878;1879;1;925;10
23879;1879;1;2621;10
23880;1880;1;1602;100
23881;1880;2;1090;70
23882;1880;3;2843;50
23883;1880;4;2483;40
23884;1880;5;1907;30
23885;1880;6;129;20
23886;1880;7;2409;15
23887;1880;8;2080;10
23888;1880;9;863;5
23889;1880;10;2242;1
23890;1882;1;1090;10
23891;1882;1;1602;10
23892;1882;1;1602;10
23893;1882;1;1602;10
23894;1881;1;2689;100
23895;1881;2;63;70
23896;1881;3;1727;50
23897;1881;4;129;40
23898;1881;5;1090;30
23899;1881;6;652;20
23900;1881;7;2843;15
23901;1881;8;58;10
23902;1881;9;1057;5
23903;1881;10;863;1
23904;1883;1;58;10
23905;1883;1;1057;10
23906;1883;1;1057;10
23907;1883;1;652;10
23908;1884;1;1602;150
23909;1884;2;1057;115
23910;1884;3;1605;95
23911;1884;4;848;75
23912;1884;5;2216;65
23913;1884;6;2876;55
23914;1884;7;2102;47
23915;1884;8;1793;40
23916;1884;9;2043;33
23917;1884;10;2389;28
23918;1884;11;2339;23
23919;1884;12;2870;18
23920;1884;13;56;14
23921;1884;14;2561;11
23922;1884;15;1526;8
23923;1884;16;512;6
23924;1884;17;2698;4
23925;1884;18;2252;3
23926;1884;19;3002;2
23927;1884;20;18;1
23928;1892;1;1057;15
23929;1892;1;934;15
23930;1892;1;1057;15
23931;1885;1;1602;150
23932;1885;2;1057;115
23933;1885;3;2544;95
23934;1885;4;2592;75
23935;1885;5;2102;65
23936;1885;6;1670;55
23937;1885;7;16;47
23938;1885;8;1605;40
23939;1885;9;2252;33
23940;1885;10;2698;28
23941;1885;11;1793;23
23942;1885;12;2456;18
23943;1885;13;186;14
23944;1885;14;3133;11
23945;1885;15;262;8
23946;1885;16;2978;6
23947;1885;17;841;4
23948;1885;18;3003;3
23949;1885;19;2828;2
23950;1885;20;1727;1
23951;1893;1;2544;15
23952;1893;1;1057;15
23953;1893;1;1602;15
23954;1886;1;848;150
23955;1886;2;521;115
23956;1886;3;1233;95
23957;1886;4;16;75
23958;1886;5;74;65
23959;1886;6;1793;55
23960;1886;7;3002;47
23961;1886;8;2592;40
23962;1886;9;1057;33
23963;1886;10;542;28
23964;1886;11;2102;23
23965;1886;12;2389;18
23966;1886;13;2340;14
23967;1886;14;2876;11
23968;1886;15;1667;8
23969;1886;16;2828;6
23970;1886;17;1605;4
23971;1886;18;2622;3
23972;1886;19;96;2
23973;1886;20;798;1
23974;1894;1;2592;15
23975;1894;1;848;15
23976;1894;1;2227;15
23977;1887;1;1420;150
23978;1887;2;3003;115
23979;1887;3;1602;95
23980;1887;4;848;75
23981;1887;5;542;65
23982;1887;6;1793;55
23983;1887;7;74;47
23984;1887;8;1362;40
23985;1887;9;2227;33
23986;1887;10;781;28
23987;1887;11;56;23
23988;1887;12;2698;18
23989;1887;13;1727;14
23990;1887;14;737;11
23991;1887;15;111;8
23992;1887;16;1233;6
23993;1887;17;2939;4
23994;1887;18;2561;3
23995;1887;19;521;2
23996;1887;20;16;1
23997;1895;1;1602;15
23998;1895;1;3003;15
23999;1895;1;1602;15
24000;1888;1;1602;150
24001;1888;2;542;115
24002;1888;3;848;95
24003;1888;4;1082;75
24004;1888;5;3003;65
24005;1888;6;880;55
24006;1888;7;2978;47
24007;1888;8;1768;40
24008;1888;9;2088;33
24009;1888;10;1667;28
24010;1888;11;1057;23
24011;1888;12;457;18
24012;1888;13;111;14
24013;1888;14;600;11
24014;1888;15;2782;8
24015;1888;16;521;6
24016;1888;17;841;4
24017;1888;18;1386;3
24018;1888;19;2748;2
24019;1888;20;2843;1
24020;1896;1;542;15
24021;1896;1;1602;15
24022;1896;1;1602;15
24023;1896;1;1602;15
24024;1889;1;1602;150
24025;1889;2;127;115
24026;1889;3;542;95
24027;1889;4;880;75
24028;1889;5;3003;65
24029;1889;6;2155;55
24030;1889;7;1400;47
24031;1889;8;781;40
24032;1889;9;2978;33
24033;1889;10;1233;28
24034;1889;11;521;23
24035;1889;12;238;18
24036;1889;13;2424;14
24037;1889;14;1203;11
24038;1889;15;1667;8
24039;1889;16;1727;6
24040;1889;17;2689;4
24041;1889;18;568;3
24042;1889;19;3041;2
24043;1889;20;1057;1
24044;1897;1;1602;15
24045;1897;1;127;15
24046;1897;1;1602;15
24047;1897;1;1602;15
24048;1890;1;829;150
24049;1890;2;542;115
24050;1890;3;848;95
24051;1890;4;3003;75
24052;1890;5;880;65
24053;1890;6;1400;55
24054;1890;7;2978;47
24055;1890;8;2456;40
24056;1890;9;127;33
24057;1890;10;1082;28
24058;1890;11;3041;23
24059;1890;12;365;18
24060;1890;13;1837;14
24061;1890;14;1793;11
24062;1890;15;2088;8
24063;1890;16;2748;6
24064;1890;17;1057;4
24065;1890;18;347;3
24066;1890;19;1567;2
24067;1890;20;781;1
24068;1898;1;244;15
24069;1898;1;848;15
24070;1898;1;829;15
24071;1898;1;829;15
24072;1891;1;3003;100
24073;1891;2;2597;75
24074;1891;3;848;60
24075;1891;4;1556;50
24076;1891;5;1082;45
24077;1891;6;127;40
24078;1891;7;2978;35
24079;1891;8;278;30
24080;1891;9;542;25
24081;1891;10;1675;20
24082;1891;11;2748;15
24083;1891;12;347;10
24084;1891;13;2252;8
24085;1891;14;2088;7
24086;1891;15;1790;6
24087;1891;16;986;5
24088;1891;17;2736;4
24089;1891;18;806;3
24090;1891;19;1321;2
24091;1891;20;2080;1
24092;1899;1;1602;10
24093;1899;1;1556;10
24094;1899;1;848;10
24095;1899;1;542;10
24096;1900;1;542;150
24097;1900;2;2074;115
24098;1900;3;3180;95
24099;1900;4;2013;75
24100;1900;5;1711;65
24101;1900;6;1803;55
24102;1900;7;1071;47
24103;1900;8;2048;40
24104;1900;9;1476;33
24105;1900;10;1236;28
24106;1900;11;555;23
24107;1900;12;531;18
24108;1900;13;2533;14
24109;1900;14;18;11
24110;1900;15;1638;8
24111;1900;16;2963;6
24112;1900;17;2309;4
24113;1900;18;869;3
24114;1900;19;2968;2
24115;1900;20;3128;1
24116;1914;1;542;15
24117;1914;1;2074;15
24118;1914;1;542;15
24119;1914;1;2074;15
24120;1901;1;1195;150
24121;1901;2;1602;115
24122;1901;3;2592;95
24123;1901;4;521;75
24124;1901;5;543;65
24125;1901;6;2088;55
24126;1901;7;186;47
24127;1901;8;58;40
24128;1901;9;3098;33
24129;1901;10;326;28
24130;1901;11;760;23
24131;1901;12;482;18
24132;1901;13;1729;14
24133;1901;14;2309;11
24134;1901;15;3133;8
24135;1901;16;1435;6
24136;1901;17;2978;4
24137;1901;18;2413;3
24138;1901;19;3091;2
24139;1901;20;3027;1
24140;1915;1;1195;15
24141;1915;1;1602;15
24142;1915;1;1195;15
24143;1902;1;1195;150
24144;1902;2;262;115
24145;1902;3;2227;95
24146;1902;4;880;75
24147;1902;5;2689;65
24148;1902;6;1050;55
24149;1902;7;1670;47
24150;1902;8;2597;40
24151;1902;9;2698;33
24152;1902;10;1841;28
24153;1902;11;521;23
24154;1902;12;1420;18
24155;1902;13;16;14
24156;1902;14;542;11
24157;1902;15;1057;8
24158;1902;16;848;6
24159;1902;17;829;4
24160;1902;18;2592;3
24161;1902;19;2544;2
24162;1902;20;1455;1
24163;1916;1;829;15
24164;1916;1;1195;15
24165;1916;1;542;15
24166;1903;1;2155;150
24167;1903;2;2227;115
24168;1903;3;1727;95
24169;1903;4;2748;75
24170;1903;5;2592;65
24171;1903;6;1455;55
24172;1903;7;867;47
24173;1903;8;1782;40
24174;1903;9;2597;33
24175;1903;10;1362;28
24176;1903;11;1176;23
24177;1903;12;2088;18
24178;1903;13;781;14
24179;1903;14;2265;11
24180;1903;15;542;8
24181;1903;16;737;6
24182;1903;17;534;4
24183;1903;18;1841;3
24184;1903;19;985;2
24185;1903;20;668;1
24186;1917;1;2155;15
24187;1917;1;2227;15
24188;1917;1;2155;15
24189;1904;1;266;150
24190;1904;2;542;115
24191;1904;3;1843;95
24192;1904;4;1057;75
24193;1904;5;880;65
24194;1904;6;2080;55
24195;1904;7;2438;47
24196;1904;8;2748;40
24197;1904;9;127;33
24198;1904;10;2689;28
24199;1904;11;2621;23
24200;1904;12;2782;18
24201;1904;13;2088;14
24202;1904;14;2456;11
24203;1904;15;928;8
24204;1904;16;3132;6
24205;1904;17;1961;4
24206;1904;18;308;3
24207;1904;19;2592;2
24208;1904;20;668;1
24209;1918;1;1843;15
24210;1918;1;1057;15
24211;1918;1;266;15
24212;1905;1;1602;150
24213;1905;2;2748;115
24214;1905;3;1057;95
24215;1905;4;2621;75
24216;1905;5;347;65
24217;1905;6;781;55
24218;1905;7;521;47
24219;1905;8;867;40
24220;1905;9;2088;33
24221;1905;10;244;28
24222;1905;11;2377;23
24223;1905;12;982;18
24224;1905;13;2592;14
24225;1905;14;1587;11
24226;1905;15;2424;8
24227;1905;16;40;6
24228;1905;17;1961;4
24229;1905;18;226;3
24230;1905;19;2782;2
24231;1905;20;2443;1
24232;1919;1;1602;15
24233;1919;1;1602;15
24234;1919;1;1057;15
24235;1906;1;1602;150
24236;1906;2;2621;115
24237;1906;3;244;95
24238;1906;4;1057;75
24239;1906;5;2748;65
24240;1906;6;2456;55
24241;1906;7;1232;47
24242;1906;8;1179;40
24243;1906;9;822;33
24244;1906;10;2162;28
24245;1906;11;3009;23
24246;1906;12;2181;18
24247;1906;13;2438;14
24248;1906;14;1813;11
24249;1906;15;1184;8
24250;1906;16;1588;6
24251;1906;17;298;4
24252;1906;18;926;3
24253;1906;19;1961;2
24254;1906;20;2309;1
24255;1920;1;1602;15
24256;1920;1;1602;15
24257;1920;1;2621;15
24258;1907;1;542;200
24259;1907;2;1179;150
24260;1907;3;1680;125
24261;1907;4;244;100
24262;1907;5;2621;85
24263;1907;6;1370;70
24264;1907;7;1189;60
24265;1907;8;867;50
24266;1907;9;2412;40
24267;1907;10;925;35
24268;1907;11;1994;30
24269;1907;12;1843;25
24270;1907;13;2170;20
24271;1907;14;2750;15
24272;1907;15;2456;10
24273;1907;16;2689;7
24274;1907;17;298;5
24275;1907;18;1347;3
24276;1907;19;1455;2
24277;1907;20;1092;1
24278;1921;1;1179;25
24279;1921;1;542;25
24280;1921;1;1179;25
24281;1908;1;1400;200
24282;1908;2;1602;150
24283;1908;3;542;125
24284;1908;4;2707;100
24285;1908;5;557;85
24286;1908;6;226;70
24287;1908;7;867;60
24288;1908;8;1629;50
24289;1908;9;1994;40
24290;1908;10;266;35
24291;1908;11;157;30
24292;1908;12;1326;25
24293;1908;13;2525;20
24294;1908;14;298;15
24295;1908;15;91;10
24296;1908;16;1576;7
24297;1908;17;3181;5
24298;1908;18;2170;3
24299;1908;19;668;2
24300;1908;20;1179;1
24301;1922;1;1602;25
24302;1922;1;1400;25
24303;1922;1;1400;25
24304;1909;1;521;200
24305;1909;2;2735;150
24306;1909;3;157;125
24307;1909;4;654;100
24308;1909;5;614;85
24309;1909;6;1057;70
24310;1909;7;1602;60
24311;1909;8;1400;50
24312;1909;9;542;40
24313;1909;10;1567;35
24314;1909;11;2777;30
24315;1909;12;1455;25
24316;1909;13;598;20
24317;1909;14;2448;15
24318;1909;15;1206;10
24319;1909;16;347;7
24320;1909;17;926;5
24321;1909;18;2088;3
24322;1909;19;1111;2
24323;1909;20;1522;1
24324;1923;1;1057;25
24325;1923;1;521;25
24326;1923;1;1602;25
24327;1910;1;1807;200
24328;1910;2;1455;150
24329;1910;3;1816;125
24330;1910;4;2377;100
24331;1910;5;1843;85
24332;1910;6;2088;70
24333;1910;7;2950;60
24334;1910;8;1873;50
24335;1910;9;3055;40
24336;1910;10;2456;35
24337;1910;11;2252;30
24338;1910;12;3181;25
24339;1910;13;429;20
24340;1910;14;1642;15
24341;1910;15;1799;10
24342;1910;16;2170;7
24343;1910;17;713;5
24344;1910;18;1571;3
24345;1910;19;1677;2
24346;1910;20;64;1
24347;1924;1;1807;25
24348;1924;1;1807;25
24349;1924;1;1807;25
24350;1911;1;535;200
24351;1911;2;2261;150
24352;1911;3;690;125
24353;1911;4;1111;100
24354;1911;5;2096;85
24355;1911;6;1036;70
24356;1911;7;2424;60
24357;1911;8;2918;50
24358;1911;9;1897;40
24359;1911;10;273;35
24360;1911;11;3106;30
24361;1911;12;2905;25
24362;1911;13;2988;20
24363;1911;14;1408;15
24364;1911;15;3177;10
24365;1911;16;2535;7
24366;1911;17;2908;5
24367;1911;18;2203;3
24368;1911;19;926;2
24369;1911;20;686;1
24370;1925;1;2261;25
24371;1925;1;1111;25
24372;1925;1;535;25
24373;1912;1;2085;200
24374;1912;2;2261;150
24375;1912;3;3252;125
24376;1912;4;2812;100
24377;1912;5;2962;85
24378;1912;6;1535;70
24379;1912;7;2779;60
24380;1912;8;2908;50
24381;1912;9;3221;40
24382;1912;10;3253;35
24383;1912;11;1455;30
24384;1912;12;1111;25
24385;1912;13;3254;20
24386;1912;14;3255;15
24387;1912;15;1897;10
24388;1912;16;3246;7
24389;1912;17;1506;5
24390;1912;18;2188;3
24391;1912;19;3256;2
24392;1912;20;3257;1
24393;1926;1;2261;25
24394;1926;1;2085;25
24395;1926;1;2085;25
24396;1913;1;3221;200
24397;1913;2;2812;150
24398;1913;3;2908;125
24399;1913;4;2579;100
24400;1913;5;2188;85
24401;1913;6;1503;70
24402;1913;7;2528;60
24403;1913;8;660;50
24404;1913;9;805;40
24405;1913;10;1036;35
24406;1913;11;2169;30
24407;1913;12;3258;25
24408;1913;13;1535;20
24409;1913;14;3137;15
24410;1913;15;875;10
24411;1913;16;3198;7
24412;1913;17;1656;5
24413;1913;18;1799;3
24414;1913;19;3259;2
24415;1913;20;3260;1
24416;1927;1;1036;25
24417;1927;1;2812;25
24418;1927;1;1409;25
24419;1928;1;2748;100
24420;1928;2;116;70
24421;1928;3;2978;50
24422;1928;4;2627;40
24423;1928;5;1771;30
24424;1928;6;1751;20
24425;1928;7;531;15
24426;1928;8;111;10
24427;1928;9;2689;5
24428;1928;10;1782;1
24429;1931;1;2748;10
24430;1931;1;2748;10
24431;1931;1;1218;10
24432;1931;1;116;10
24433;1931;1;2748;10
24434;1931;1;2748;10
24435;1929;1;1420;100
24436;1929;2;482;70
24437;1929;3;2627;50
24438;1929;4;2736;40
24439;1929;5;869;30
24440;1929;6;2409;20
24441;1929;7;1385;15
24442;1929;8;3091;10
24443;1929;9;2534;5
24444;1929;10;1514;1
24445;1932;1;1420;10
24446;1932;1;1420;10
24447;1932;1;1195;10
24448;1932;1;2409;10
24449;1930;1;946;100
24450;1930;2;2736;70
24451;1930;3;2933;50
24452;1930;4;1385;40
24453;1930;5;2574;30
24454;1930;6;2207;20
24455;1930;7;1751;15
24456;1930;8;1617;10
24457;1930;9;1420;5
24458;1930;10;876;1
24459;1933;1;1617;10
24460;1933;1;1800;10
24461;1933;1;1420;10
24462;1933;1;876;10
24463;1933;1;1751;10
24464;1934;1;16;100
24465;1934;2;1793;70
24466;1934;3;2004;50
24467;1934;4;1195;40
24468;1934;5;1602;30
24469;1934;6;880;20
24470;1934;7;1727;15
24471;1934;8;2698;10
24472;1934;9;2424;5
24473;1934;10;2252;1
24474;1944;1;2004;10
24475;1944;1;1195;10
24476;1944;1;16;10
24477;1944;1;2004;10
24478;1935;1;1195;100
24479;1935;2;848;70
24480;1935;3;2004;50
24481;1935;4;3003;40
24482;1935;5;1793;30
24483;1935;6;1233;20
24484;1935;7;1602;15
24485;1935;8;519;10
24486;1935;9;2597;5
24487;1935;10;1420;1
24488;1945;1;1617;10
24489;1945;1;1195;10
24490;1945;1;1195;10
24491;1945;1;1602;10
24492;1945;1;2340;10
24493;1936;1;848;100
24494;1936;2;1793;70
24495;1936;3;1602;50
24496;1936;4;1768;40
24497;1936;5;16;30
24498;1936;6;1082;20
24499;1936;7;829;15
24500;1936;8;1233;10
24501;1936;9;2683;5
24502;1936;10;238;1
24503;1946;1;1602;10
24504;1946;1;1602;10
24505;1946;1;848;10
24506;1946;1;1602;10
24507;1946;1;1602;10
24508;1946;1;3031;10
24509;1937;1;1837;100
24510;1937;2;3071;70
24511;1937;3;3003;50
24512;1937;4;347;40
24513;1937;5;1768;30
24514;1937;6;2978;20
24515;1937;7;1602;15
24516;1937;8;848;10
24517;1937;9;1082;5
24518;1937;10;2622;1
24519;1947;1;1602;10
24520;1947;1;1602;10
24521;1947;1;3071;10
24522;1947;1;1837;10
24523;1947;1;519;10
24524;1938;1;1768;100
24525;1938;2;3003;70
24526;1938;3;568;50
24527;1938;4;1837;40
24528;1938;5;1602;30
24529;1938;6;848;20
24530;1938;7;238;15
24531;1938;8;1400;10
24532;1938;9;2622;5
24533;1938;10;2978;1
24534;1948;1;238;10
24535;1948;1;1400;10
24536;1948;1;1837;10
24537;1948;1;1602;10
24538;1948;1;238;10
24539;1939;1;848;100
24540;1939;2;262;70
24541;1939;3;1768;50
24542;1939;4;781;40
24543;1939;5;127;30
24544;1939;6;1837;20
24545;1939;7;1082;15
24546;1939;8;2622;10
24547;1939;9;986;5
24548;1939;10;2597;1
24549;1949;1;519;10
24550;1949;1;101;10
24551;1949;1;1602;10
24552;1949;1;848;10
24553;1949;1;1602;10
24554;1940;1;848;100
24555;1940;2;238;70
24556;1940;3;1768;50
24557;1940;4;1772;40
24558;1940;5;568;30
24559;1940;6;127;20
24560;1940;7;1837;15
24561;1940;8;1813;10
24562;1940;9;108;5
24563;1940;10;986;1
24564;1950;1;848;10
24565;1950;1;127;10
24566;1950;1;1768;10
24567;1950;1;519;10
24568;1950;1;867;10
24569;1941;1;127;100
24570;1941;2;519;70
24571;1941;3;568;50
24572;1941;4;238;40
24573;1941;5;1602;30
24574;1941;6;1772;20
24575;1941;7;3003;15
24576;1941;8;2296;10
24577;1941;9;2579;5
24578;1941;10;1768;1
24579;1951;1;238;10
24580;1951;1;127;10
24581;1951;1;1602;10
24582;1951;1;519;10
24583;1951;1;2;10
24584;1942;1;1772;100
24585;1942;2;848;70
24586;1942;3;1602;50
24587;1942;4;127;40
24588;1942;5;83;30
24589;1942;6;1400;20
24590;1942;7;1813;15
24591;1942;8;568;10
24592;1942;9;1807;5
24593;1942;10;278;1
24594;1952;1;1813;10
24595;1952;1;2190;10
24596;1952;1;1602;10
24597;1952;1;848;10
24598;1952;1;1768;10
24599;1952;1;1602;10
24600;1943;1;848;100
24601;1943;2;1768;70
24602;1943;3;875;50
24603;1943;4;1799;40
24604;1943;5;127;30
24605;1943;6;1772;20
24606;1943;7;83;15
24607;1943;8;2966;10
24608;1943;9;119;5
24609;1943;10;221;1
24610;1953;1;1400;10
24611;1953;1;848;10
24612;1953;1;1799;10
24613;1954;1;880;100
24614;1954;2;1107;70
24615;1954;3;305;50
24616;1954;4;546;40
24617;1954;5;806;30
24618;1954;6;449;20
24619;1954;7;2116;15
24620;1954;8;2413;10
24621;1954;9;2424;5
24622;1954;10;2409;1
24623;1955;1;2409;10
24624;1955;1;1661;10
24625;1955;1;880;10
24626;1955;1;305;10
24627;1956;1;946;100
24628;1956;2;116;70
24629;1956;3;588;50
24630;1956;4;2736;40
24631;1956;5;92;30
24632;1956;6;600;20
24633;1956;7;1312;15
24634;1956;8;1619;10
24635;1956;9;457;5
24636;1956;10;2136;1
24637;1957;1;2930;10
24638;1957;1;2972;10
24639;1957;1;116;10
24640;1957;1;1195;10
24641;1957;1;600;10
24642;1958;1;606;100
24643;1958;2;2939;70
24644;1958;3;944;50
24645;1958;4;116;40
24646;1958;5;299;30
24647;1958;6;2389;20
24648;1958;7;2617;15
24649;1958;8;52;10
24650;1958;9;2516;5
24651;1958;10;779;1
24652;1961;1;2389;10
24653;1961;1;116;10
24654;1961;1;606;10
24655;1961;1;116;10
24656;1961;1;1176;10
24657;1961;1;2778;10
24658;1959;1;2389;100
24659;1959;2;52;70
24660;1959;3;2724;50
24661;1959;4;606;40
24662;1959;5;134;30
24663;1959;6;944;20
24664;1959;7;3087;15
24665;1959;8;3;10
24666;1959;9;1203;5
24667;1959;10;746;1
24668;1962;1;2389;10
24669;1962;1;606;10
24670;1962;1;2389;10
24671;1962;1;3;10
24672;1962;1;3014;10
24673;1962;1;606;10
24674;1960;1;1921;100
24675;1960;2;52;70
24676;1960;3;985;50
24677;1960;4;746;40
24678;1960;5;3014;30
24679;1960;6;2740;20
24680;1960;7;2965;15
24681;1960;8;1652;10
24682;1960;9;654;5
24683;1960;10;784;1
24684;1963;1;52;10
24685;1963;1;52;10
24686;1963;1;52;10
24687;1963;1;985;10
24688;1963;1;1921;10
24689;1963;1;231;10
24690;1964;1;2004;150
24691;1964;2;262;115
24692;1964;3;16;95
24693;1964;4;880;75
24694;1964;5;1751;65
24695;1964;6;116;55
24696;1964;7;2136;47
24697;1964;8;2487;40
24698;1964;9;2978;33
24699;1964;10;1420;28
24700;1964;11;305;23
24701;1964;12;1382;18
24702;1964;13;2389;14
24703;1964;14;806;11
24704;1964;15;546;8
24705;1964;16;1389;6
24706;1964;17;2736;4
24707;1964;18;1361;3
24708;1964;19;2534;2
24709;1964;20;238;1
24710;1975;1;262;15
24711;1975;1;2004;15
24712;1975;1;262;15
24713;1965;1;2004;150
24714;1965;2;1057;115
24715;1965;3;880;95
24716;1965;4;1512;75
24717;1965;5;238;65
24718;1965;6;1837;55
24719;1965;7;822;47
24720;1965;8;111;40
24721;1965;9;568;33
24722;1965;10;3041;28
24723;1965;11;2978;23
24724;1965;12;1361;18
24725;1965;13;829;14
24726;1965;14;1038;11
24727;1965;15;1874;8
24728;1965;16;806;6
24729;1965;17;449;4
24730;1965;18;305;3
24731;1965;19;2736;2
24732;1965;20;2389;1
24733;1976;1;262;15
24734;1976;1;1057;15
24735;1976;1;2004;15
24736;1966;1;238;150
24737;1966;2;2004;115
24738;1966;3;2748;95
24739;1966;4;848;75
24740;1966;5;2487;65
24741;1966;6;2967;55
24742;1966;7;880;47
24743;1966;8;127;40
24744;1966;9;2136;33
24745;1966;10;841;28
24746;1966;11;1837;23
24747;1966;12;1751;18
24748;1966;13;1512;14
24749;1966;14;1361;11
24750;1966;15;806;8
24751;1966;16;1907;6
24752;1966;17;305;4
24753;1966;18;986;3
24754;1966;19;3041;2
24755;1966;20;52;1
24756;1977;1;2004;15
24757;1977;1;238;15
24758;1977;1;2004;15
24759;1967;1;238;150
24760;1967;2;262;115
24761;1967;3;1837;95
24762;1967;4;1556;75
24763;1967;5;2487;65
24764;1967;6;568;55
24765;1967;7;305;47
24766;1967;8;1790;40
24767;1967;9;986;33
24768;1967;10;127;28
24769;1967;11;1304;23
24770;1967;12;111;18
24771;1967;13;2644;14
24772;1967;14;1511;11
24773;1967;15;2155;8
24774;1967;16;880;6
24775;1967;17;2736;4
24776;1967;18;781;3
24777;1967;19;317;2
24778;1967;20;2689;1
24779;1978;1;238;15
24780;1978;1;986;15
24781;1968;1;1511;100
24782;1968;2;1556;75
24783;1968;3;238;60
24784;1968;4;305;50
24785;1968;5;806;45
24786;1968;6;600;40
24787;1968;7;568;35
24788;1968;8;1813;30
24789;1968;9;262;25
24790;1968;10;2004;20
24791;1968;11;848;15
24792;1968;12;2967;10
24793;1968;13;880;8
24794;1968;14;127;7
24795;1968;15;108;6
24796;1968;16;925;5
24797;1968;17;457;4
24798;1968;18;2534;3
24799;1968;19;985;2
24800;1968;20;713;1
24801;1979;1;262;10
24802;1979;1;1813;10
24803;1979;1;1511;10
24804;1969;1;568;100
24805;1969;2;925;75
24806;1969;3;305;60
24807;1969;4;1772;50
24808;1969;5;822;45
24809;1969;6;1813;40
24810;1969;7;2136;35
24811;1969;8;1961;30
24812;1969;9;275;25
24813;1969;10;2843;20
24814;1969;11;2810;15
24815;1969;12;1027;10
24816;1969;13;226;8
24817;1969;14;1512;7
24818;1969;15;3104;6
24819;1969;16;929;5
24820;1969;17;2295;4
24821;1969;18;2482;3
24822;1969;19;2017;2
24823;1969;20;621;1
24824;1980;1;305;10
24825;1980;1;568;10
24826;1980;1;822;10
24827;1970;1;1713;100
24828;1970;2;568;75
24829;1970;3;75;60
24830;1970;4;1813;50
24831;1970;5;1772;45
24832;1970;6;805;40
24833;1970;7;925;35
24834;1970;8;305;30
24835;1970;9;1321;25
24836;1970;10;379;20
24837;1970;11;2644;15
24838;1970;12;781;10
24839;1970;13;2579;8
24840;1970;14;85;7
24841;1970;15;2286;6
24842;1970;16;317;5
24843;1970;17;713;4
24844;1970;18;24;3
24845;1970;19;1961;2
24846;1970;20;2865;1
24847;1981;1;1772;10
24848;1981;1;568;10
24849;1981;1;1713;10
24850;1971;1;1768;100
24851;1971;2;714;75
24852;1971;3;826;60
24853;1971;4;1007;50
24854;1971;5;863;45
24855;1971;6;2579;40
24856;1971;7;1961;35
24857;1971;8;1534;30
24858;1971;9;568;25
24859;1971;10;2846;20
24860;1971;11;2085;15
24861;1971;12;2810;10
24862;1971;13;79;8
24863;1971;14;3021;7
24864;1971;15;521;6
24865;1971;16;81;5
24866;1971;17;1667;4
24867;1971;18;823;3
24868;1971;19;2425;2
24869;1971;20;298;1
24870;1982;1;714;10
24871;1982;1;2085;10
24872;1982;1;1768;10
24873;1972;1;875;100
24874;1972;2;1680;75
24875;1972;3;1961;60
24876;1972;4;1503;50
24877;1972;5;2967;45
24878;1972;6;278;40
24879;1972;7;2628;35
24880;1972;8;568;30
24881;1972;9;2579;25
24882;1972;10;1447;20
24883;1972;11;821;15
24884;1972;12;1321;10
24885;1972;13;2807;8
24886;1972;14;2482;7
24887;1972;15;781;6
24888;1972;16;1681;5
24889;1972;17;2939;4
24890;1972;18;2335;3
24891;1972;19;2012;2
24892;1972;20;157;1
24893;1983;1;1807;10
24894;1983;1;875;10
24895;1983;1;875;10
24896;1973;1;2080;100
24897;1973;2;3077;75
24898;1973;3;2777;60
24899;1973;4;714;50
24900;1973;5;2807;45
24901;1973;6;1503;40
24902;1973;7;2426;35
24903;1973;8;1873;30
24904;1973;9;2194;25
24905;1973;10;2482;20
24906;1973;11;1792;15
24907;1973;12;2335;10
24908;1973;13;1087;8
24909;1973;14;91;7
24910;1973;15;1507;6
24911;1973;16;796;5
24912;1973;17;638;4
24913;1973;18;1197;3
24914;1973;19;1534;2
24915;1973;20;233;1
24916;1984;1;221;10
24917;1984;1;2080;10
24918;1984;1;3077;10
24919;1974;1;103;100
24920;1974;2;2080;75
24921;1974;3;278;60
24922;1974;4;975;50
24923;1974;5;298;45
24924;1974;6;1136;40
24925;1974;7;2186;35
24926;1974;8;79;30
24927;1974;9;568;25
24928;1974;10;501;20
24929;1974;11;796;15
24930;1974;12;2846;10
24931;1974;13;198;8
24932;1974;14;1885;7
24933;1974;15;2091;6
24934;1974;16;61;5
24935;1974;17;2719;4
24936;1974;18;2152;3
24937;1974;19;2807;2
24938;1974;20;2814;1
24939;1985;1;2080;10
24940;1985;1;103;10
24941;1986;1;885;100
24942;1986;2;2936;70
24943;1986;3;52;50
24944;1986;4;305;40
24945;1986;5;238;30
24946;1986;6;959;20
24947;1986;7;767;15
24948;1986;8;1768;10
24949;1986;9;546;5
24950;1986;10;375;1
24951;1987;1;2080;10
24952;1987;1;885;10
24953;1987;1;1800;10
24954;1987;1;1768;10
24955;1987;1;1054;10
24956;1988;1;2004;150
24957;1988;2;880;115
24958;1988;3;2617;95
24959;1988;4;1057;75
24960;1988;5;2863;65
24961;1988;6;127;55
24962;1988;7;1843;47
24963;1988;8;1112;40
24964;1988;9;1671;33
24965;1988;10;781;28
24966;1988;11;317;23
24967;1988;12;1680;18
24968;1988;13;3003;14
24969;1988;14;848;11
24970;1988;15;262;8
24971;1988;16;1768;6
24972;1988;17;1082;4
24973;1988;18;1793;3
24974;1988;19;542;2
24975;1988;20;2978;1
24976;1998;1;880;15
24977;1998;1;2617;15
24978;1998;1;2004;15
24979;1998;1;2004;15
24980;1998;1;2004;15
24981;1989;1;1768;150
24982;1989;2;1400;115
24983;1989;3;568;95
24984;1989;4;880;75
24985;1989;5;1112;65
24986;1989;6;2782;55
24987;1989;7;1680;47
24988;1989;8;75;40
24989;1989;9;2456;33
24990;1989;10;1961;28
24991;1989;11;2622;23
24992;1989;12;2863;18
24993;1989;13;1669;14
24994;1989;14;108;11
24995;1989;15;1813;8
24996;1989;16;2689;6
24997;1989;17;1655;4
24998;1989;18;2122;3
24999;1989;19;1512;2
25000;1989;20;806;1
25001;1999;1;829;15
25002;1999;1;1400;15
25003;1999;1;568;15
25004;1999;1;1768;15
25005;1999;1;1112;15
25006;1990;1;829;200
25007;1990;2;305;150
25008;1990;3;806;125
25009;1990;4;2004;100
25010;1990;5;111;85
25011;1990;6;1680;70
25012;1990;7;127;60
25013;1990;8;880;50
25014;1990;9;1082;40
25015;1990;10;986;35
25016;1990;11;683;30
25017;1990;12;1907;25
25018;1990;13;848;20
25019;1990;14;2364;15
25020;1990;15;1057;10
25021;1990;16;2978;7
25022;1990;17;2225;5
25023;1990;18;108;3
25024;1990;19;52;2
25025;1990;20;519;1
25026;2000;1;568;25
25027;2000;1;127;25
25028;2000;1;829;25
25029;2000;1;2004;25
25030;2000;1;1813;25
25031;1991;1;1511;200
25032;1991;2;568;150
25033;1991;3;1112;125
25034;1991;4;1680;100
25035;1991;5;848;85
25036;1991;6;83;70
25037;1991;7;305;60
25038;1991;8;500;50
25039;1991;9;683;40
25040;1991;10;806;35
25041;1991;11;2978;30
25042;1991;12;238;25
25043;1991;13;986;20
25044;1991;14;1772;15
25045;1991;15;2810;10
25046;1991;16;3104;7
25047;1991;17;1304;5
25048;1991;18;1549;3
25049;1991;19;2736;2
25050;1991;20;1907;1
25051;2001;1;1511;25
25052;2001;1;127;25
25053;2001;1;542;25
25054;2001;1;2707;25
25055;2001;1;1400;25
25056;1992;1;629;200
25057;1992;2;2004;150
25058;1992;3;683;125
25059;1992;4;568;100
25060;1992;5;127;85
25061;1992;6;806;70
25062;1992;7;925;60
25063;1992;8;929;50
25064;1992;9;2487;40
25065;1992;10;2644;35
25066;1992;11;157;30
25067;1992;12;848;25
25068;1992;13;2834;20
25069;1992;14;52;15
25070;1992;15;1057;10
25071;1992;16;2707;7
25072;1992;17;500;5
25073;1992;18;2621;3
25074;1992;19;926;2
25075;1992;20;1511;1
25076;2002;1;1400;25
25077;2002;1;629;25
25078;2002;1;2707;25
25079;2002;1;108;25
25080;2002;1;1813;25
25081;1993;1;829;200
25082;1993;2;1511;150
25083;1993;3;127;125
25084;1993;4;568;100
25085;1993;5;714;85
25086;1993;6;1680;70
25087;1993;7;826;60
25088;1993;8;1681;50
25089;1993;9;1907;40
25090;1993;10;806;35
25091;1993;11;2082;30
25092;1993;12;182;25
25093;1993;13;2579;20
25094;1993;14;2534;15
25095;1993;15;848;10
25096;1993;16;423;7
25097;1993;17;79;5
25098;1993;18;897;3
25099;1993;19;1112;2
25100;1993;20;1768;1
25101;2003;1;1400;25
25102;2003;1;2004;25
25103;2003;1;1400;25
25104;2003;1;1511;25
25105;2003;1;829;25
25106;2003;1;127;25
25107;1994;1;714;200
25108;1994;2;1447;150
25109;1994;3;586;125
25110;1994;4;127;100
25111;1994;5;317;85
25112;1994;6;1680;70
25113;1994;7;83;60
25114;1994;8;2510;50
25115;1994;9;821;40
25116;1994;10;1402;35
25117;1994;11;519;30
25118;1994;12;2750;25
25119;1994;13;233;20
25120;1994;14;568;15
25121;1994;15;2707;10
25122;1994;16;5;7
25123;1994;17;805;5
25124;1994;18;2080;3
25125;1994;19;1873;2
25126;1994;20;1669;1
25127;2004;1;2080;25
25128;2004;1;127;25
25129;2004;1;714;25
25130;2004;1;1807;25
25131;2004;1;1807;25
25132;2004;1;805;25
25133;1995;1;806;200
25134;1995;2;1078;150
25135;1995;3;1511;125
25136;1995;4;67;100
25137;1995;5;305;85
25138;1995;6;821;70
25139;1995;7;1615;60
25140;1995;8;3077;50
25141;1995;9;2807;40
25142;1995;10;2194;35
25143;1995;11;2194;30
25144;1995;12;1212;25
25145;1995;13;2528;20
25146;1995;14;2085;15
25147;1995;15;372;10
25148;1995;16;1961;7
25149;1995;17;1038;5
25150;1995;18;1402;3
25151;1995;19;1612;2
25152;1995;20;2988;1
25153;2005;1;586;25
25154;2005;1;1807;25
25155;2005;1;1807;25
25156;2005;1;1078;25
25157;2005;1;806;25
25158;2005;1;1807;25
25159;1996;1;1816;200
25160;1996;2;221;150
25161;1996;3;568;125
25162;1996;4;2510;100
25163;1996;5;1713;85
25164;1996;6;3199;70
25165;1996;7;829;60
25166;1996;8;3094;50
25167;1996;9;2625;40
25168;1996;10;1807;35
25169;1996;11;804;30
25170;1996;12;2707;25
25171;1996;13;3242;20
25172;1996;14;2065;15
25173;1996;15;1409;10
25174;1996;16;731;7
25175;1996;17;5;5
25176;1996;18;117;3
25177;1996;19;3051;2
25178;1996;20;3261;1
25179;2006;1;1816;25
25180;2006;1;1816;25
25181;2006;1;1807;25
25182;2006;1;2625;25
25183;1997;1;103;200
25184;1997;2;3196;150
25185;1997;3;1503;125
25186;1997;4;2579;100
25187;1997;5;3251;85
25188;1997;6;500;70
25189;1997;7;2137;60
25190;1997;8;221;50
25191;1997;9;2528;40
25192;1997;10;2199;35
25193;1997;11;115;30
25194;1997;12;2012;25
25195;1997;13;3205;20
25196;1997;14;1753;15
25197;1997;15;3262;10
25198;1997;16;1615;7
25199;1997;17;3263;5
25200;1997;18;3234;3
25201;1997;19;2084;2
25202;1997;20;1408;1
25203;2007;1;1596;25
25204;2007;1;3202;25
25205;2007;1;3196;25
25206;2007;1;1807;25
25207;2008;1;238;100
25208;2008;2;2004;70
25209;2008;3;1511;50
25210;2008;4;2617;40
25211;2008;5;2978;30
25212;2008;6;880;20
25213;2008;7;3041;15
25214;2008;8;2622;10
25215;2008;9;262;5
25216;2008;10;2967;1
25217;2017;1;2004;10
25218;2017;1;238;10
25219;2017;1;2004;10
25220;2009;1;2136;100
25221;2009;2;2748;70
25222;2009;3;111;50
25223;2009;4;3041;40
25224;2009;5;238;30
25225;2009;6;568;20
25226;2009;7;880;15
25227;2009;8;2939;10
25228;2009;9;1790;5
25229;2009;10;521;1
25230;2018;1;2748;10
25231;2018;1;2136;10
25232;2018;1;2748;10
25233;2010;1;1837;100
25234;2010;2;2967;75
25235;2010;3;278;60
25236;2010;4;557;50
25237;2010;5;867;45
25238;2010;6;457;40
25239;2010;7;2689;35
25240;2010;8;2347;30
25241;2010;9;2865;25
25242;2010;10;1961;20
25243;2010;11;1460;15
25244;2010;12;436;10
25245;2010;13;79;8
25246;2010;14;500;7
25247;2010;15;1181;6
25248;2010;16;1658;5
25249;2010;17;256;4
25250;2010;18;1321;3
25251;2010;19;2581;2
25252;2010;20;6;1
25253;2019;1;2347;10
25254;2019;1;1837;10
25255;2019;1;278;10
25256;2011;1;2004;200
25257;2011;2;2136;150
25258;2011;3;848;125
25259;2011;4;1556;100
25260;2011;5;1772;85
25261;2011;6;542;70
25262;2011;7;568;60
25263;2011;8;1813;50
25264;2011;9;1447;40
25265;2011;10;75;35
25266;2011;11;519;30
25267;2011;12;1751;25
25268;2011;13;1082;20
25269;2011;14;91;15
25270;2011;15;1511;10
25271;2011;16;2978;7
25272;2011;17;713;5
25273;2011;18;1057;3
25274;2011;19;2534;2
25275;2011;20;1400;1
25276;2020;1;848;25
25277;2020;1;1400;25
25278;2020;1;542;25
25279;2020;1;2136;25
25280;2012;1;2004;200
25281;2012;2;863;150
25282;2012;3;629;125
25283;2012;4;568;100
25284;2012;5;1511;85
25285;2012;6;317;70
25286;2012;7;929;60
25287;2012;8;986;50
25288;2012;9;91;40
25289;2012;10;1837;35
25290;2012;11;1082;30
25291;2012;12;535;25
25292;2012;13;1907;20
25293;2012;14;1943;15
25294;2012;15;1720;10
25295;2012;16;2623;7
25296;2012;17;2237;5
25297;2012;18;2136;3
25298;2012;19;262;2
25299;2012;20;542;1
25300;2021;1;2004;25
25301;2021;1;2004;25
25302;2021;1;2004;25
25303;2013;1;2004;200
25304;2013;2;629;150
25305;2013;3;1680;125
25306;2013;4;1511;100
25307;2013;5;1807;85
25308;2013;6;986;70
25309;2013;7;2080;60
25310;2013;8;568;50
25311;2013;9;2579;40
25312;2013;10;1110;35
25313;2013;11;926;30
25314;2013;12;2628;25
25315;2013;13;542;20
25316;2013;14;925;15
25317;2013;15;1447;10
25318;2013;16;2237;7
25319;2013;17;320;5
25320;2013;18;1772;3
25321;2013;19;4;2
25322;2013;20;2085;1
25323;2022;1;1807;25
25324;2022;1;2004;25
25325;2022;1;2004;25
25326;2022;1;2004;25
25327;2014;1;262;200
25328;2014;2;305;150
25329;2014;3;1615;125
25330;2014;4;2075;100
25331;2014;5;500;85
25332;2014;6;2534;70
25333;2014;7;2579;60
25334;2014;8;1447;50
25335;2014;9;1837;40
25336;2014;10;3139;35
25337;2014;11;821;30
25338;2014;12;2335;25
25339;2014;13;233;20
25340;2014;14;2939;15
25341;2014;15;2194;10
25342;2014;16;79;7
25343;2014;17;1402;5
25344;2014;18;1304;3
25345;2014;19;1943;2
25346;2014;20;843;1
25347;2023;1;1615;25
25348;2023;1;2579;25
25349;2023;1;262;25
25350;2023;1;542;25
25351;2015;1;500;200
25352;2015;2;1720;150
25353;2015;3;67;125
25354;2015;4;2908;100
25355;2015;5;2333;85
25356;2015;6;1444;70
25357;2015;7;278;60
25358;2015;8;1837;50
25359;2015;9;1561;40
25360;2015;10;897;35
25361;2015;11;912;30
25362;2015;12;986;25
25363;2015;13;938;20
25364;2015;14;2004;15
25365;2015;15;2737;10
25366;2015;16;975;7
25367;2015;17;925;5
25368;2015;18;1507;3
25369;2015;19;91;2
25370;2015;20;2625;1
25371;2024;1;2004;25
25372;2024;1;2004;25
25373;2024;1;2004;25
25374;2024;1;67;25
25375;2024;1;500;25
25376;2024;1;2004;25
25377;2016;1;262;200
25378;2016;2;500;150
25379;2016;3;115;125
25380;2016;4;1720;100
25381;2016;5;1078;85
25382;2016;6;2426;70
25383;2016;7;2578;60
25384;2016;8;54;50
25385;2016;9;769;40
25386;2016;10;3139;35
25387;2016;11;584;30
25388;2016;12;2908;25
25389;2016;13;305;20
25390;2016;14;442;15
25391;2016;15;2335;10
25392;2016;16;821;7
25393;2016;17;844;5
25394;2016;18;468;3
25395;2016;19;912;2
25396;2016;20;372;1
25397;2025;1;1807;25
25398;2025;1;500;25
25399;2025;1;1807;25
25400;2025;1;1078;25
25401;2025;1;500;25
25402;2026;1;880;100
25403;2026;2;1400;70
25404;2026;3;2736;50
25405;2026;4;127;40
25406;2026;5;2136;30
25407;2026;6;1680;20
25408;2026;7;3071;15
25409;2026;8;1727;10
25410;2026;9;1280;5
25411;2026;10;2377;1
25412;2037;1;1400;10
25413;2037;1;880;10
25414;2037;1;1400;10
25415;2027;1;1400;100
25416;2027;2;986;70
25417;2027;3;781;50
25418;2027;4;96;40
25419;2027;5;417;30
25420;2027;6;275;20
25421;2027;7;266;15
25422;2027;8;436;10
25423;2027;9;2204;5
25424;2027;10;2296;1
25425;2038;1;1400;10
25426;2038;1;1400;10
25427;2038;1;1400;10
25428;2038;1;96;10
25429;2028;1;1400;100
25430;2028;2;986;70
25431;2028;3;822;50
25432;2028;4;1961;40
25433;2028;5;2579;30
25434;2028;6;2088;20
25435;2028;7;500;15
25436;2028;8;2377;10
25437;2028;9;774;5
25438;2028;10;2296;1
25439;2039;1;1400;10
25440;2039;1;2377;10
25441;2039;1;1400;10
25442;2039;1;1400;10
25443;2029;1;2004;100
25444;2029;2;83;70
25445;2029;3;266;50
25446;2029;4;863;40
25447;2029;5;2237;30
25448;2029;6;1304;20
25449;2029;7;804;15
25450;2029;8;822;10
25451;2029;9;2865;5
25452;2029;10;1009;1
25453;2040;1;266;10
25454;2040;1;83;10
25455;2040;1;804;10
25456;2040;1;2004;10
25457;2040;1;2004;10
25458;2030;1;2004;100
25459;2030;2;1772;70
25460;2030;3;1549;50
25461;2030;4;3003;40
25462;2030;5;1400;30
25463;2030;6;925;20
25464;2030;7;1681;15
25465;2030;8;2626;10
25466;2030;9;805;5
25467;2030;10;2581;1
25468;2041;1;1549;10
25469;2041;1;2004;10
25470;2041;1;1807;10
25471;2041;1;3003;10
25472;2041;1;2080;10
25473;2031;1;1772;100
25474;2031;2;127;70
25475;2031;3;2075;50
25476;2031;4;2190;40
25477;2031;5;2922;30
25478;2031;6;1113;20
25479;2031;7;1713;15
25480;2031;8;1807;10
25481;2031;9;568;5
25482;2031;10;976;1
25483;2042;1;1772;10
25484;2042;1;557;10
25485;2042;1;1326;10
25486;2042;1;1772;10
25487;2042;1;1807;10
25488;2032;1;1772;100
25489;2032;2;2190;70
25490;2032;3;221;50
25491;2032;4;2220;40
25492;2032;5;458;30
25493;2032;6;1113;20
25494;2032;7;1725;15
25495;2032;8;1511;10
25496;2032;9;805;5
25497;2032;10;1799;1
25498;2043;1;1772;10
25499;2043;1;2220;10
25500;2043;1;525;10
25501;2043;1;1772;10
25502;2043;1;1799;10
25503;2033;1;848;100
25504;2033;2;1807;70
25505;2033;3;320;50
25506;2033;4;1039;40
25507;2033;5;2510;30
25508;2033;6;690;20
25509;2033;7;91;15
25510;2033;8;953;10
25511;2033;9;2093;5
25512;2033;10;2190;1
25513;2044;1;848;10
25514;2044;1;1807;10
25515;2044;1;1807;10
25516;2044;1;1807;10
25517;2044;1;848;10
25518;2044;1;1807;10
25519;2034;1;1837;100
25520;2034;2;875;70
25521;2034;3;221;50
25522;2034;4;1345;40
25523;2034;5;925;30
25524;2034;6;1676;20
25525;2034;7;2199;15
25526;2034;8;2059;10
25527;2034;9;2123;5
25528;2034;10;1772;1
25529;2045;1;525;10
25530;2045;1;525;10
25531;2045;1;525;10
25532;2045;1;525;10
25533;2045;1;1837;10
25534;2045;1;1326;10
25535;2035;1;1807;100
25536;2035;2;2510;70
25537;2035;3;2967;50
25538;2035;4;1873;40
25539;2035;5;3264;30
25540;2035;6;525;20
25541;2035;7;568;15
25542;2035;8;3265;10
25543;2035;9;3266;5
25544;2035;10;690;1
25545;2046;1;1807;10
25546;2046;1;1807;10
25547;2046;1;525;10
25548;2046;1;1807;10
25549;2046;1;1807;10
25550;2046;1;1807;10
25551;2036;1;3186;100
25552;2036;2;848;70
25553;2036;3;3203;50
25554;2036;4;1944;40
25555;2036;5;1007;30
25556;2036;6;525;20
25557;2036;7;3233;15
25558;2036;8;2361;10
25559;2036;9;976;5
25560;2036;10;3206;1
25561;2047;1;3186;10
25562;2047;1;525;10
25563;2047;1;3233;10
25564;2047;1;3186;10
25565;2047;1;3186;10
25566;2047;1;2096;10
25567;2048;1;3003;150
25568;2048;2;1680;115
25569;2048;3;1668;95
25570;2048;4;1527;75
25571;2048;5;52;65
25572;2048;6;985;55
25573;2048;7;91;47
25574;2048;8;1669;40
25575;2048;9;1715;33
25576;2048;10;162;28
25577;2048;11;122;23
25578;2048;12;1534;18
25579;2048;13;779;14
25580;2048;14;2593;11
25581;2048;15;1112;8
25582;2048;16;1907;6
25583;2048;17;1385;4
25584;2048;18;1540;3
25585;2048;19;1352;2
25586;2048;20;1603;1
25587;2053;1;1527;15
25588;2053;1;1680;15
25589;2053;1;1680;15
25590;2049;1;2136;200
25591;2049;2;1617;150
25592;2049;3;946;125
25593;2049;4;2004;100
25594;2049;5;1681;85
25595;2049;6;540;70
25596;2049;7;1527;60
25597;2049;8;880;50
25598;2049;9;629;40
25599;2049;10;1669;35
25600;2049;11;683;30
25601;2049;12;52;25
25602;2049;13;417;20
25603;2049;14;1751;15
25604;2049;15;2364;10
25605;2049;16;458;7
25606;2049;17;1921;5
25607;2049;18;2740;3
25608;2049;19;320;2
25609;2049;20;2954;1
25610;2054;1;2136;25
25611;2054;1;2004;25
25612;2054;1;1602;25
25613;2050;1;238;200
25614;2050;2;1527;150
25615;2050;3;299;125
25616;2050;4;1612;100
25617;2050;5;2628;85
25618;2050;6;629;70
25619;2050;7;1669;60
25620;2050;8;52;50
25621;2050;9;2097;40
25622;2050;10;1681;35
25623;2050;11;1715;30
25624;2050;12;2954;25
25625;2050;13;1206;20
25626;2050;14;1524;15
25627;2050;15;2810;10
25628;2050;16;683;7
25629;2050;17;1603;5
25630;2050;18;835;3
25631;2050;19;1680;2
25632;2050;20;1539;1
25633;2055;1;2136;25
25634;2055;1;1527;25
25635;2055;1;629;25
25636;2055;1;1057;25
25637;2051;1;1527;200
25638;2051;2;2954;150
25639;2051;3;1511;125
25640;2051;4;897;100
25641;2051;5;423;85
25642;2051;6;465;70
25643;2051;7;2692;60
25644;2051;8;1681;50
25645;2051;9;1447;40
25646;2051;10;1924;35
25647;2051;11;407;30
25648;2051;12;407;25
25649;2051;13;91;20
25650;2051;14;2685;15
25651;2051;15;1077;10
25652;2051;16;1312;7
25653;2051;17;1534;5
25654;2051;18;724;3
25655;2051;19;77;2
25656;2051;20;2136;1
25657;2056;1;1576;25
25658;2056;1;1527;25
25659;2056;1;299;25
25660;2052;1;238;200
25661;2052;2;1527;150
25662;2052;3;305;125
25663;2052;4;589;100
25664;2052;5;1511;85
25665;2052;6;423;70
25666;2052;7;1612;60
25667;2052;8;2434;50
25668;2052;9;878;40
25669;2052;10;2482;35
25670;2052;11;2954;30
25671;2052;12;116;25
25672;2052;13;767;20
25673;2052;14;829;15
25674;2052;15;1680;10
25675;2052;16;1447;7
25676;2052;17;897;5
25677;2052;18;299;3
25678;2052;19;2424;2
25679;2052;20;2082;1
25680;2057;1;238;25
25681;2057;1;1527;25
25682;2057;1;805;25
25683;2058;1;1556;100
25684;2058;2;2748;70
25685;2058;3;1667;50
25686;2058;4;683;40
25687;2058;5;2978;30
25688;2058;6;1790;20
25689;2058;7;111;15
25690;2058;8;1597;10
25691;2058;9;869;5
25692;2058;10;1675;1
25693;2066;1;1556;10
25694;2066;1;266;10
25695;2066;1;1790;10
25696;2066;1;1597;10
25697;2059;1;111;100
25698;2059;2;1304;70
25699;2059;3;1602;50
25700;2059;4;1667;40
25701;2059;5;75;30
25702;2059;6;2497;20
25703;2059;7;1556;15
25704;2059;8;2628;10
25705;2059;9;83;5
25706;2059;10;2863;1
25707;2067;1;111;10
25708;2067;1;1602;10
25709;2067;1;542;10
25710;2067;1;1602;10
25711;2060;1;111;100
25712;2060;2;1669;75
25713;2060;3;1556;60
25714;2060;4;1840;50
25715;2060;5;1078;45
25716;2060;6;262;40
25717;2060;7;2735;35
25718;2060;8;1518;30
25719;2060;9;1077;25
25720;2060;10;878;20
25721;2060;11;2933;15
25722;2060;12;1534;10
25723;2060;13;2194;8
25724;2060;14;542;7
25725;2060;15;1512;6
25726;2060;16;1751;5
25727;2060;17;6;4
25728;2060;18;2622;3
25729;2060;19;2739;2
25730;2060;20;123;1
25731;2068;1;266;10
25732;2068;1;1556;10
25733;2068;1;111;10
25734;2068;1;542;10
25735;2061;1;111;100
25736;2061;2;1840;75
25737;2061;3;2534;60
25738;2061;4;1612;50
25739;2061;5;91;45
25740;2061;6;1282;40
25741;2061;7;1669;35
25742;2061;8;2933;30
25743;2061;9;870;25
25744;2061;10;2628;20
25745;2061;11;1667;15
25746;2061;12;1078;10
25747;2061;13;2335;8
25748;2061;14;465;7
25749;2061;15;1548;6
25750;2061;16;2118;5
25751;2061;17;836;4
25752;2061;18;1077;3
25753;2061;19;806;2
25754;2061;20;2735;1
25755;2069;1;1713;10
25756;2069;1;111;10
25757;2069;1;1078;10
25758;2069;1;542;10
25759;2062;1;2628;100
25760;2062;2;1720;75
25761;2062;3;111;60
25762;2062;4;1669;50
25763;2062;5;542;45
25764;2062;6;1680;40
25765;2062;7;173;35
25766;2062;8;1548;30
25767;2062;9;1359;25
25768;2062;10;2497;20
25769;2062;11;1447;15
25770;2062;12;2736;10
25771;2062;13;843;8
25772;2062;14;2534;7
25773;2062;15;1282;6
25774;2062;16;299;5
25775;2062;17;2625;4
25776;2062;18;1331;3
25777;2062;19;1924;2
25778;2062;20;2933;1
25779;2070;1;542;10
25780;2070;1;111;10
25781;2070;1;2628;10
25782;2070;1;2782;10
25783;2063;1;1078;200
25784;2063;2;111;150
25785;2063;3;1038;125
25786;2063;4;2625;100
25787;2063;5;1612;85
25788;2063;6;679;70
25789;2063;7;1163;60
25790;2063;8;844;50
25791;2063;9;2534;40
25792;2063;10;5;35
25793;2063;11;67;30
25794;2063;12;1792;25
25795;2063;13;2373;20
25796;2063;14;2368;15
25797;2063;15;584;10
25798;2063;16;2344;7
25799;2063;17;926;5
25800;2063;18;3094;3
25801;2063;19;614;2
25802;2063;20;423;1
25803;2071;1;690;25
25804;2071;1;67;25
25805;2071;1;1078;25
25806;2064;1;2700;200
25807;2064;2;2361;150
25808;2064;3;2333;125
25809;2064;4;111;100
25810;2064;5;3198;85
25811;2064;6;3094;70
25812;2064;7;844;60
25813;2064;8;1444;50
25814;2064;9;500;40
25815;2064;10;2344;35
25816;2064;11;996;30
25817;2064;12;2120;25
25818;2064;13;2613;20
25819;2064;14;2625;15
25820;2064;15;3200;10
25821;2064;16;2628;7
25822;2064;17;2834;5
25823;2064;18;3267;3
25824;2064;19;1136;2
25825;2064;20;82;1
25826;2072;1;103;25
25827;2072;1;500;25
25828;2072;1;2700;25
25829;2065;1;2390;200
25830;2065;2;2766;150
25831;2065;3;2186;125
25832;2065;4;3198;100
25833;2065;5;821;85
25834;2065;6;1453;70
25835;2065;7;111;60
25836;2065;8;2333;50
25837;2065;9;2628;40
25838;2065;10;82;35
25839;2065;11;3251;30
25840;2065;12;2335;25
25841;2065;13;1444;20
25842;2065;14;3207;15
25843;2065;15;1197;10
25844;2065;16;3212;7
25845;2065;17;897;5
25846;2065;18;1087;3
25847;2065;19;354;2
25848;2065;20;1503;1
25849;2073;1;659;25
25850;2073;1;2390;25
25851;2073;1;540;25
25852;2074;1;500;100
25853;2074;2;299;70
25854;2074;3;305;50
25855;2074;4;2017;40
25856;2074;5;275;30
25857;2074;6;1057;20
25858;2074;7;1642;15
25859;2074;8;600;10
25860;2074;9;2080;5
25861;2074;10;1658;1
25862;2083;1;275;10
25863;2083;1;299;10
25864;2083;1;1862;10
25865;2075;1;1112;100
25866;2075;2;305;70
25867;2075;3;85;50
25868;2075;4;500;40
25869;2075;5;926;30
25870;2075;6;1943;20
25871;2075;7;1511;15
25872;2075;8;2736;10
25873;2075;9;2487;5
25874;2075;10;2080;1
25875;2084;1;1112;10
25876;2084;1;2080;10
25877;2084;1;2353;10
25878;2084;1;1112;10
25879;2076;1;589;100
25880;2076;2;2834;70
25881;2076;3;305;50
25882;2076;4;771;40
25883;2076;5;1304;30
25884;2076;6;897;20
25885;2076;7;1444;15
25886;2076;8;1527;10
25887;2076;9;458;5
25888;2076;10;500;1
25889;2085;1;2628;10
25890;2085;1;1813;10
25891;2085;1;589;10
25892;2085;1;1813;10
25893;2077;1;238;100
25894;2077;2;589;70
25895;2077;3;714;50
25896;2077;4;1681;40
25897;2077;5;2075;30
25898;2077;6;1527;20
25899;2077;7;1943;15
25900;2077;8;897;10
25901;2077;9;1561;5
25902;2077;10;2846;1
25903;2086;1;875;10
25904;2086;1;238;10
25905;2086;1;1789;10
25906;2086;1;1681;10
25907;2078;1;262;100
25908;2078;2;1943;70
25909;2078;3;1561;50
25910;2078;4;705;40
25911;2078;5;2390;30
25912;2078;6;1113;20
25913;2078;7;2835;15
25914;2078;8;1087;10
25915;2078;9;1712;5
25916;2078;10;2434;1
25917;2087;1;262;10
25918;2087;1;2660;10
25919;2087;1;83;10
25920;2087;1;3022;10
25921;2079;1;262;100
25922;2079;2;500;70
25923;2079;3;2082;50
25924;2079;4;848;40
25925;2079;5;1078;30
25926;2079;6;1511;20
25927;2079;7;821;15
25928;2079;8;2779;10
25929;2079;9;1943;5
25930;2079;10;1447;1
25931;2088;1;805;10
25932;2088;1;848;10
25933;2088;1;262;10
25934;2088;1;2080;10
25935;2080;1;1453;100
25936;2080;2;305;75
25937;2080;3;111;60
25938;2080;4;262;50
25939;2080;5;2426;45
25940;2080;6;986;40
25941;2080;7;796;35
25942;2080;8;3139;30
25943;2080;9;1943;25
25944;2080;10;500;20
25945;2080;11;2835;15
25946;2080;12;278;10
25947;2080;13;1447;8
25948;2080;14;2333;7
25949;2080;15;2578;6
25950;2080;16;897;5
25951;2080;17;1021;4
25952;2080;18;584;3
25953;2080;19;2579;2
25954;2080;20;3077;1
25955;2089;1;805;10
25956;2089;1;805;10
25957;2089;1;305;10
25958;2089;1;824;10
25959;2081;1;2075;100
25960;2081;2;1511;75
25961;2081;3;2335;60
25962;2081;4;1447;50
25963;2081;5;1021;45
25964;2081;6;2004;40
25965;2081;7;821;35
25966;2081;8;2368;30
25967;2081;9;2967;25
25968;2081;10;2752;20
25969;2081;11;952;15
25970;2081;12;1676;10
25971;2081;13;468;8
25972;2081;14;182;7
25973;2081;15;2426;6
25974;2081;16;3218;5
25975;2081;17;1615;4
25976;2081;18;2579;3
25977;2081;19;115;2
25978;2081;20;1561;1
25979;2090;1;805;10
25980;2090;1;2075;10
25981;2090;1;2335;10
25982;2090;1;805;10
25983;2082;1;714;100
25984;2082;2;2075;75
25985;2082;3;238;60
25986;2082;4;805;50
25987;2082;5;1720;45
25988;2082;6;24;40
25989;2082;7;974;35
25990;2082;8;423;30
25991;2082;9;1561;25
25992;2082;10;2967;20
25993;2082;11;468;15
25994;2082;12;3212;10
25995;2082;13;821;8
25996;2082;14;2208;7
25997;2082;15;3197;6
25998;2082;16;3268;5
25999;2082;17;182;4
26000;2082;18;1511;3
26001;2082;19;1943;2
26002;2082;20;3208;1
26003;2091;1;714;10
26004;2091;1;2220;10
26005;2091;1;805;10
26006;2091;1;805;10
26007;2092;1;848;200
26008;2092;2;629;150
26009;2092;3;320;125
26010;2092;4;1680;100
26011;2092;5;1720;85
26012;2092;6;863;70
26013;2092;7;1768;60
26014;2092;8;806;50
26015;2092;9;2707;40
26016;2092;10;2521;35
26017;2092;11;1400;30
26018;2092;12;1184;25
26019;2092;13;925;20
26020;2092;14;157;15
26021;2092;15;1873;10
26022;2092;16;621;7
26023;2092;17;266;5
26024;2092;18;2424;3
26025;2092;19;1057;2
26026;2092;20;1907;1
26027;2097;1;1057;25
26028;2093;1;1768;200
26029;2093;2;1837;150
26030;2093;3;2496;125
26031;2093;4;568;100
26032;2093;5;925;85
26033;2093;6;458;70
26034;2093;7;230;60
26035;2093;8;1713;50
26036;2093;9;986;40
26037;2093;10;1007;35
26038;2093;11;2424;30
26039;2093;12;3104;25
26040;2093;13;2628;20
26041;2093;14;614;15
26042;2093;15;1370;10
26043;2093;16;1961;7
26044;2093;17;157;5
26045;2093;18;1825;3
26046;2093;19;1447;2
26047;2093;20;2237;1
26048;2098;1;1768;25
26049;2098;1;542;25
26050;2094;1;1768;200
26051;2094;2;806;150
26052;2094;3;1807;125
26053;2094;4;848;100
26054;2094;5;1680;85
26055;2094;6;262;70
26056;2094;7;2707;60
26057;2094;8;1873;50
26058;2094;9;83;40
26059;2094;10;2190;35
26060;2094;11;805;30
26061;2094;12;925;25
26062;2094;13;1113;20
26063;2094;14;3104;15
26064;2094;15;1360;10
26065;2094;16;2082;7
26066;2094;17;1038;5
26067;2094;18;1720;3
26068;2094;19;320;2
26069;2094;20;1326;1
26070;2099;1;1807;25
26071;2099;1;1768;25
26072;2099;1;805;25
26073;2095;1;262;200
26074;2095;2;2075;150
26075;2095;3;821;125
26076;2095;4;2082;100
26077;2095;5;1720;85
26078;2095;6;1511;70
26079;2095;7;806;60
26080;2095;8;986;50
26081;2095;9;1507;40
26082;2095;10;2482;35
26083;2095;11;1681;30
26084;2095;12;848;25
26085;2095;13;182;20
26086;2095;14;305;15
26087;2095;15;2579;10
26088;2095;16;897;7
26089;2095;17;5;5
26090;2095;18;1816;3
26091;2095;19;952;2
26092;2095;20;52;1
26093;2100;1;2075;25
26094;2100;1;262;25
26095;2100;1;262;25
26096;2100;1;1816;25
26097;2096;1;262;200
26098;2096;2;806;150
26099;2096;3;714;125
26100;2096;4;1720;100
26101;2096;5;500;85
26102;2096;6;182;70
26103;2096;7;233;60
26104;2096;8;821;50
26105;2096;9;1447;40
26106;2096;10;1511;35
26107;2096;11;423;30
26108;2096;12;2777;25
26109;2096;13;1943;20
26110;2096;14;3077;15
26111;2096;15;67;10
26112;2096;16;299;7
26113;2096;17;115;5
26114;2096;18;2335;3
26115;2096;19;894;2
26116;2096;20;222;1
26117;2101;1;262;25
26118;2101;1;1078;25
26119;2101;1;2777;25
26120;2101;1;805;25
26121;2102;1;2846;100
26122;2102;2;2834;70
26123;2102;3;1943;50
26124;2102;4;3021;40
26125;2102;5;1208;30
26126;2102;6;2965;20
26127;2102;7;3022;15
26128;2102;8;843;10
26129;2102;9;1873;5
26130;2102;10;661;1
26131;2108;1;1503;10
26132;2108;1;2834;10
26133;2108;1;2834;10
26134;2108;1;1825;10
26135;2103;1;238;200
26136;2103;2;262;150
26137;2103;3;714;125
26138;2103;4;589;100
26139;2103;5;1561;85
26140;2103;6;500;70
26141;2103;7;1078;60
26142;2103;8;305;50
26143;2103;9;2482;40
26144;2103;10;1511;35
26145;2103;11;806;30
26146;2103;12;2335;25
26147;2103;13;952;20
26148;2103;14;111;15
26149;2103;15;2644;10
26150;2103;16;1612;7
26151;2103;17;2424;5
26152;2103;18;182;3
26153;2103;19;2194;2
26154;2103;20;2834;1
26155;2109;1;1078;25
26156;2109;1;157;25
26157;2109;1;500;25
26158;2109;1;238;25
26159;2104;1;1447;200
26160;2104;2;952;150
26161;2104;3;714;125
26162;2104;4;1612;100
26163;2104;5;500;85
26164;2104;6;2752;70
26165;2104;7;2777;60
26166;2104;8;2335;50
26167;2104;9;182;40
26168;2104;10;2474;35
26169;2104;11;1511;30
26170;2104;12;821;25
26171;2104;13;1615;20
26172;2104;14;233;15
26173;2104;15;1943;10
26174;2104;16;2908;7
26175;2104;17;2834;5
26176;2104;18;2279;3
26177;2104;19;1078;2
26178;2104;20;79;1
26179;2110;1;1816;25
26180;2110;1;2119;25
26181;2110;1;1943;25
26182;2110;1;714;25
26183;2105;1;714;200
26184;2105;2;2752;150
26185;2105;3;305;125
26186;2105;4;540;100
26187;2105;5;2075;85
26188;2105;6;24;70
26189;2105;7;2908;60
26190;2105;8;2834;50
26191;2105;9;2777;40
26192;2105;10;897;35
26193;2105;11;500;30
26194;2105;12;589;25
26195;2105;13;1453;20
26196;2105;14;182;15
26197;2105;15;584;10
26198;2105;16;423;7
26199;2105;17;1837;5
26200;2105;18;3025;3
26201;2105;19;2255;2
26202;2105;20;1932;1
26203;2111;1;1807;25
26204;2111;1;714;25
26205;2111;1;1807;25
26206;2111;1;714;25
26207;2106;1;714;200
26208;2106;2;952;150
26209;2106;3;1503;125
26210;2106;4;821;100
26211;2106;5;2752;85
26212;2106;6;2390;70
26213;2106;7;2834;60
26214;2106;8;1720;50
26215;2106;9;844;40
26216;2106;10;2120;35
26217;2106;11;1712;30
26218;2106;12;2613;25
26219;2106;13;2777;20
26220;2106;14;2908;15
26221;2106;15;2766;10
26222;2106;16;3218;7
26223;2106;17;1676;5
26224;2106;18;986;3
26225;2106;19;82;2
26226;2106;20;442;1
26227;2112;1;1813;25
26228;2112;1;714;25
26229;2112;1;1807;25
26230;2112;1;714;25
26231;2107;1;2075;200
26232;2107;2;806;150
26233;2107;3;3139;125
26234;2107;4;111;100
26235;2107;5;1447;85
26236;2107;6;821;70
26237;2107;7;2186;60
26238;2107;8;3269;50
26239;2107;9;354;40
26240;2107;10;1561;35
26241;2107;11;1816;30
26242;2107;12;2208;25
26243;2107;13;2719;20
26244;2107;14;2474;15
26245;2107;15;24;10
26246;2107;16;2361;7
26247;2107;17;2766;5
26248;2107;18;3215;3
26249;2107;19;1815;2
26250;2107;20;3270;1
26251;2113;1;1807;25
26252;2113;1;2186;25
26253;2113;1;2075;25
26254;2113;1;2075;25
26255;2114;1;714;200
26256;2114;2;2482;150
26257;2114;3;1615;125
26258;2114;4;2082;100
26259;2114;5;1447;85
26260;2114;6;1720;70
26261;2114;7;2335;60
26262;2114;8;986;50
26263;2114;9;2474;40
26264;2114;10;3077;35
26265;2114;11;2426;30
26266;2114;12;1612;25
26267;2114;13;821;20
26268;2114;14;2279;15
26269;2114;15;233;10
26270;2114;16;1837;7
26271;2114;17;305;5
26272;2114;18;2504;3
26273;2114;19;3022;2
26274;2114;20;912;1
26275;2118;1;714;25
26276;2118;1;714;25
26277;2118;1;714;25
26278;2115;1;2075;200
26279;2115;2;714;150
26280;2115;3;1511;125
26281;2115;4;2426;100
26282;2115;5;262;85
26283;2115;6;952;70
26284;2115;7;1720;60
26285;2115;8;1792;50
26286;2115;9;938;40
26287;2115;10;2482;35
26288;2115;11;115;30
26289;2115;12;844;25
26290;2115;13;2834;20
26291;2115;14;1507;15
26292;2115;15;3077;10
26293;2115;16;3025;7
26294;2115;17;584;5
26295;2115;18;875;3
26296;2115;19;79;2
26297;2115;20;1253;1
26298;2119;1;714;25
26299;2119;1;714;25
26300;2119;1;2075;25
26301;2116;1;714;200
26302;2116;2;2220;150
26303;2116;3;1447;125
26304;2116;4;1943;100
26305;2116;5;821;85
26306;2116;6;2426;70
26307;2116;7;2967;60
26308;2116;8;299;50
26309;2116;9;2075;40
26310;2116;10;844;35
26311;2116;11;952;30
26312;2116;12;1649;25
26313;2116;13;2752;20
26314;2116;14;501;15
26315;2116;15;182;10
26316;2116;16;468;7
26317;2116;17;2578;5
26318;2116;18;1676;3
26319;2116;19;2482;2
26320;2116;20;2335;1
26321;2120;1;2220;25
26322;2120;1;2220;25
26323;2120;1;714;25
26324;2117;1;714;200
26325;2117;2;2220;150
26326;2117;3;3251;125
26327;2117;4;1453;100
26328;2117;5;2967;85
26329;2117;6;111;70
26330;2117;7;1943;60
26331;2117;8;286;50
26332;2117;9;952;40
26333;2117;10;731;35
26334;2117;11;3215;30
26335;2117;12;2120;25
26336;2117;13;2482;20
26337;2117;14;3209;15
26338;2117;15;3241;10
26339;2117;16;3022;7
26340;2117;17;2504;5
26341;2117;18;1444;3
26342;2117;19;938;2
26343;2117;20;3243;1
26344;2121;1;2220;25
26345;2121;1;2220;25
26346;2121;1;714;25
26347;2122;1;1807;200
26348;2122;2;805;150
26349;2122;3;875;125
26350;2122;4;1816;100
26351;2122;5;535;85
26352;2122;6;2080;70
26353;2122;7;2777;60
26354;2122;8;1427;50
26355;2122;9;1349;40
26356;2122;10;2787;35
26357;2122;11;1712;30
26358;2122;12;91;25
26359;2122;13;2535;20
26360;2122;14;629;15
26361;2122;15;81;10
26362;2122;16;2075;7
26363;2122;17;1642;5
26364;2122;18;2528;3
26365;2122;19;1511;2
26366;2122;20;1612;1
26367;2125;1;1807;25
26368;2125;1;1807;25
26369;2125;1;1807;25
26370;2123;1;525;200
26371;2123;2;540;150
26372;2123;3;829;125
26373;2123;4;796;100
26374;2123;5;2510;85
26375;2123;6;501;70
26376;2123;7;2966;60
26377;2123;8;2390;50
26378;2123;9;2834;40
26379;2123;10;1675;35
26380;2123;11;3092;30
26381;2123;12;221;25
26382;2123;13;2787;20
26383;2123;14;2621;15
26384;2123;15;926;10
26385;2123;16;1461;7
26386;2123;17;1677;5
26387;2123;18;1604;3
26388;2123;19;614;2
26389;2123;20;450;1
26390;2126;1;525;25
26391;2126;1;540;25
26392;2126;1;525;25
26393;2124;1;1807;200
26394;2124;2;525;150
26395;2124;3;1816;125
26396;2124;4;1713;100
26397;2124;5;586;85
26398;2124;6;2834;70
26399;2124;7;103;60
26400;2124;8;796;50
26401;2124;9;2621;40
26402;2124;10;1961;35
26403;2124;11;2085;30
26404;2124;12;2261;25
26405;2124;13;1946;20
26406;2124;14;85;15
26407;2124;15;1535;10
26408;2124;16;24;7
26409;2124;17;1753;5
26410;2124;18;829;3
26411;2124;19;3246;2
26412;2124;20;3257;1
26413;2127;1;1807;25
26414;2127;1;1807;25
26415;2127;1;1807;25
26416;2128;1;305;200
26417;2128;2;262;150
26418;2128;3;806;125
26419;2128;4;1720;100
26420;2128;5;3077;85
26421;2128;6;952;70
26422;2128;7;3139;60
26423;2128;8;111;50
26424;2128;9;1447;40
26425;2128;10;233;35
26426;2128;11;821;30
26427;2128;12;2834;25
26428;2128;13;2075;20
26429;2128;14;500;15
26430;2128;15;182;10
26431;2128;16;714;7
26432;2128;17;1444;5
26433;2128;18;2082;3
26434;2128;19;3094;2
26435;2128;20;2504;1
26436;2132;1;299;25
26437;2132;1;305;25
26438;2132;1;2085;25
26439;2129;1;714;200
26440;2129;2;1511;150
26441;2129;3;2075;125
26442;2129;4;1447;100
26443;2129;5;2777;85
26444;2129;6;2578;70
26445;2129;7;233;60
26446;2129;8;897;50
26447;2129;9;1021;40
26448;2129;10;2335;35
26449;2129;11;821;30
26450;2129;12;305;25
26451;2129;13;500;20
26452;2129;14;182;15
26453;2129;15;1720;10
26454;2129;16;973;7
26455;2129;17;3139;5
26456;2129;18;1087;3
26457;2129;19;286;2
26458;2129;20;2474;1
26459;2133;1;2807;25
26460;2133;1;714;25
26461;2133;1;1720;25
26462;2130;1;1816;200
26463;2130;2;714;150
26464;2130;3;1021;125
26465;2130;4;2335;100
26466;2130;5;1943;85
26467;2130;6;1447;70
26468;2130;7;305;60
26469;2130;8;3219;50
26470;2130;9;501;40
26471;2130;10;2361;35
26472;2130;11;2700;30
26473;2130;12;2482;25
26474;2130;13;1932;20
26475;2130;14;1720;15
26476;2130;15;286;10
26477;2130;16;897;7
26478;2130;17;2390;5
26479;2130;18;1212;3
26480;2130;19;468;2
26481;2130;20;354;1
26482;2134;1;805;25
26483;2134;1;714;25
26484;2134;1;2579;25
26485;2131;1;821;200
26486;2131;2;3022;150
26487;2131;3;3139;125
26488;2131;4;3268;100
26489;2131;5;2839;85
26490;2131;6;2208;70
26491;2131;7;1447;60
26492;2131;8;844;50
26493;2131;9;3271;40
26494;2131;10;897;35
26495;2131;11;2474;30
26496;2131;12;1932;25
26497;2131;13;468;20
26498;2131;14;3272;15
26499;2131;15;2504;10
26500;2131;16;1943;7
26501;2131;17;2255;5
26502;2131;18;3273;3
26503;2131;19;305;2
26504;2131;20;3218;1
26505;2135;1;3268;25
26506;2135;1;821;25
26507;2135;1;1507;25
26508;2136;1;262;400
26509;2136;2;714;300
26510;2136;3;1021;250
26511;2136;4;2579;200
26512;2136;5;2578;170
26513;2136;6;952;140
26514;2136;7;1447;120
26515;2136;8;897;100
26516;2136;9;1943;80
26517;2136;10;1511;70
26518;2136;11;111;60
26519;2136;12;2777;50
26520;2136;13;2082;40
26521;2136;14;1792;30
26522;2136;15;584;25
26523;2136;16;912;20
26524;2136;17;3077;15
26525;2136;18;182;10
26526;2136;19;2426;5
26527;2136;20;2335;1
26528;2139;1;525;50
26529;2139;1;2004;50
26530;2139;1;2004;50
26531;2139;1;714;50
26532;2139;1;1021;50
26533;2139;1;714;50
26534;2137;1;714;400
26535;2137;2;2579;300
26536;2137;3;806;250
26537;2137;4;1447;200
26538;2137;5;952;170
26539;2137;6;2578;140
26540;2137;7;2335;120
26541;2137;8;3139;100
26542;2137;9;2482;80
26543;2137;10;3217;70
26544;2137;11;286;60
26545;2137;12;1615;50
26546;2137;13;2075;40
26547;2137;14;1212;30
26548;2137;15;897;25
26549;2137;16;2967;20
26550;2137;17;1078;15
26551;2137;18;111;10
26552;2137;19;2700;5
26553;2137;20;1943;1
26554;2140;1;91;50
26555;2140;1;2004;50
26556;2140;1;1615;50
26557;2140;1;714;50
26558;2140;1;952;50
26559;2140;1;2004;50
26560;2140;1;714;50
26561;2138;1;714;400
26562;2138;2;2075;300
26563;2138;3;238;250
26564;2138;4;501;200
26565;2138;5;1447;170
26566;2138;6;2335;140
26567;2138;7;3197;120
26568;2138;8;3139;100
26569;2138;9;2361;80
26570;2138;10;952;70
26571;2138;11;1511;60
26572;2138;12;3025;50
26573;2138;13;2579;40
26574;2138;14;1932;30
26575;2138;15;305;25
26576;2138;16;2967;20
26577;2138;17;3212;15
26578;2138;18;1943;10
26579;2138;19;1561;5
26580;2138;20;2752;1
26581;2141;1;2004;50
26582;2141;1;975;50
26583;2141;1;238;50
26584;2141;1;714;50
26585;2141;1;2004;50
26586;2141;1;714;50
26587;2142;1;806;200
26588;2142;2;1021;150
26589;2142;3;2777;125
26590;2142;4;233;100
26591;2142;5;821;85
26592;2142;6;2194;70
26593;2142;7;2834;60
26594;2142;8;912;50
26595;2142;9;1720;40
26596;2142;10;1932;35
26597;2142;11;584;30
26598;2142;12;298;25
26599;2142;13;731;20
26600;2142;14;1113;15
26601;2142;15;2368;10
26602;2142;16;2787;7
26603;2142;17;2510;5
26604;2142;18;925;3
26605;2142;19;2082;2
26606;2142;20;2279;1
26607;2145;1;525;25
26608;2145;1;1807;25
26609;2145;1;806;25
26610;2145;1;525;25
26611;2143;1;1816;200
26612;2143;2;2333;150
26613;2143;3;1943;125
26614;2143;4;1021;100
26615;2143;5;3200;85
26616;2143;6;2482;70
26617;2143;7;806;60
26618;2143;8;2777;50
26619;2143;9;1932;40
26620;2143;10;2578;35
26621;2143;11;731;30
26622;2143;12;1113;25
26623;2143;13;1503;20
26624;2143;14;372;15
26625;2143;15;2510;10
26626;2143;16;897;7
26627;2143;17;2504;5
26628;2143;18;3094;3
26629;2143;19;24;2
26630;2143;20;1792;1
26631;2146;1;1807;25
26632;2146;1;1807;25
26633;2146;1;1816;25
26634;2146;1;115;25
26635;2144;1;806;200
26636;2144;2;2777;150
26637;2144;3;1596;125
26638;2144;4;3197;100
26639;2144;5;1503;85
26640;2144;6;354;70
26641;2144;7;286;60
26642;2144;8;1561;50
26643;2144;9;1932;40
26644;2144;10;2510;35
26645;2144;11;1447;30
26646;2144;12;2361;25
26647;2144;13;1807;20
26648;2144;14;1943;15
26649;2144;15;79;10
26650;2144;16;501;7
26651;2144;17;2487;5
26652;2144;18;2834;3
26653;2144;19;305;2
26654;2144;20;2085;1
26655;2147;1;1807;25
26656;2147;1;1807;25
26657;2147;1;806;25
26658;2147;1;1807;25
26659;2148;1;2004;100
26660;2148;2;2579;70
26661;2148;3;1561;50
26662;2148;4;1596;40
26663;2148;5;3218;30
26664;2148;6;501;20
26665;2148;7;973;15
26666;2148;8;2613;10
26667;2148;9;2120;5
26668;2148;10;79;1
26669;2150;1;103;10
26670;2150;1;2004;10
26671;2150;1;103;10
26672;2149;1;714;100
26673;2149;2;821;70
26674;2149;3;3200;50
26675;2149;4;182;40
26676;2149;5;974;30
26677;2149;6;2474;20
26678;2149;7;2333;15
26679;2149;8;354;10
26680;2149;9;3249;5
26681;2149;10;2988;1
26682;2151;1;821;10
26683;2151;1;714;10
26684;2151;1;1792;10
26685;2186;1;1473;100
26686;2186;2;215;70
26687;2186;3;1323;50
26688;2186;4;588;40
26689;2186;5;1970;30
26690;2186;6;2558;20
26691;2186;7;3070;15
26692;2186;8;2057;10
26693;2186;9;1192;5
26694;2186;10;1399;1
26695;2187;1;1323;100
26696;2187;2;588;70
26697;2187;3;1541;50
26698;2187;4;3039;40
26699;2187;5;1473;30
26700;2187;6;1322;20
26701;2187;7;486;15
26702;2187;8;3191;10
26703;2187;9;2066;5
26704;2187;10;2955;1
26705;2188;1;1323;100
26706;2188;2;486;70
26707;2188;3;57;50
26708;2188;4;3191;40
26709;2188;5;588;30
26710;2188;6;2057;20
26711;2188;7;1749;15
26712;2188;8;1016;10
26713;2188;9;1107;5
26714;2188;10;349;1
26715;2189;1;1323;100
26716;2189;2;3191;70
26717;2189;3;1420;50
26718;2189;4;1107;40
26719;2189;5;830;30
26720;2189;6;486;20
26721;2189;7;1948;15
26722;2189;8;1749;10
26723;2189;9;3182;5
26724;2189;10;57;1
26725;2190;1;1707;100
26726;2190;2;3191;70
26727;2190;3;1107;50
26728;2190;4;728;40
26729;2190;5;1323;30
26730;2190;6;1541;20
26731;2190;7;1948;15
26732;2190;8;1420;10
26733;2190;9;1749;5
26734;2190;10;830;1
26735;2191;1;1707;100
26736;2191;2;228;70
26737;2191;3;762;50
26738;2191;4;3191;40
26739;2191;5;1107;30
26740;2191;6;1420;20
26741;2191;7;588;15
26742;2191;8;728;10
26743;2191;9;1323;5
26744;2191;10;1541;1
26745;2192;1;1948;100
26746;2192;2;1323;70
26747;2192;3;2546;50
26748;2192;4;2817;40
26749;2192;5;504;30
26750;2192;6;1107;20
26751;2192;7;45;15
26752;2192;8;3182;10
26753;2192;9;1420;5
26754;2192;10;2030;1
26755;2193;1;1323;100
26756;2193;2;2339;70
26757;2193;3;2957;50
26758;2193;4;2546;40
26759;2193;5;1420;30
26760;2193;6;1948;20
26761;2193;7;228;15
26762;2193;8;2216;10
26763;2193;9;728;5
26764;2193;10;2523;1
26765;2194;1;3191;100
26766;2194;2;2339;70
26767;2194;3;1490;50
26768;2194;4;1375;40
26769;2194;5;2686;30
26770;2194;6;2420;20
26771;2194;7;1323;15
26772;2194;8;2546;10
26773;2194;9;1420;5
26774;2194;10;1707;1
26775;2195;1;1375;100
26776;2195;2;1420;70
26777;2195;3;3191;50
26778;2195;4;1490;40
26779;2195;5;1034;30
26780;2195;6;1323;20
26781;2195;7;1634;15
26782;2195;8;708;10
26783;2195;9;2957;5
26784;2195;10;762;1
26785;2196;1;1490;100
26786;2196;2;1420;70
26787;2196;3;3191;50
26788;2196;4;1375;40
26789;2196;5;762;30
26790;2196;6;2216;20
26791;2196;7;571;15
26792;2196;8;2523;10
26793;2196;9;2406;5
26794;2196;10;2939;1
26795;2197;1;1490;100
26796;2197;2;1375;70
26797;2197;3;1617;50
26798;2197;4;1420;40
26799;2197;5;116;30
26800;2197;6;3191;20
26801;2197;7;2216;15
26802;2197;8;571;10
26803;2197;9;2889;5
26804;2197;10;762;1
26805;2198;1;1617;100
26806;2198;2;1490;70
26807;2198;3;571;50
26808;2198;4;2523;40
26809;2198;5;2340;30
26810;2198;6;3191;20
26811;2198;7;1420;15
26812;2198;8;1634;10
26813;2198;9;3003;5
26814;2198;10;116;1
26815;2199;1;1107;100
26816;2199;2;1617;70
26817;2199;3;554;50
26818;2199;4;116;40
26819;2199;5;571;30
26820;2199;6;2523;20
26821;2199;7;1323;15
26822;2199;8;885;10
26823;2199;9;1490;5
26824;2199;10;1718;1
26825;2200;1;116;100
26826;2200;2;554;70
26827;2200;3;1420;50
26828;2200;4;2936;40
26829;2200;5;1617;30
26830;2200;6;1490;20
26831;2200;7;2870;15
26832;2200;8;885;10
26833;2200;9;521;5
26834;2200;10;1751;1
26835;2201;1;1617;100
26836;2201;2;2389;70
26837;2201;3;1751;50
26838;2201;4;1420;40
26839;2201;5;554;30
26840;2201;6;116;20
26841;2201;7;2936;15
26842;2201;8;2930;10
26843;2201;9;1490;5
26844;2201;10;1323;1
26845;2202;1;885;100
26846;2202;2;1420;70
26847;2202;3;1751;50
26848;2202;4;116;40
26849;2202;5;1323;30
26850;2202;6;946;20
26851;2202;7;2930;15
26852;2202;8;2736;10
26853;2202;9;863;5
26854;2202;10;2939;1
26855;2203;1;1420;100
26856;2203;2;1751;70
26857;2203;3;885;50
26858;2203;4;2930;40
26859;2203;5;588;30
26860;2203;6;848;20
26861;2203;7;2576;15
26862;2203;8;116;10
26863;2203;9;863;5
26864;2203;10;2004;1
26865;2204;1;1420;100
26866;2204;2;946;70
26867;2204;3;1751;50
26868;2204;4;885;40
26869;2204;5;848;30
26870;2204;6;1195;20
26871;2204;7;116;15
26872;2204;8;3003;10
26873;2204;9;2099;5
26874;2204;10;2736;1
26875;2205;1;848;100
26876;2205;2;1751;70
26877;2205;3;457;50
26878;2205;4;946;40
26879;2205;5;3003;30
26880;2205;6;274;20
26881;2205;7;2424;15
26882;2205;8;1027;10
26883;2205;9;2936;5
26884;2205;10;880;1
26885;2206;1;1768;100
26886;2206;2;1027;70
26887;2206;3;946;50
26888;2206;4;2190;40
26889;2206;5;275;30
26890;2206;6;458;20
26891;2206;7;848;15
26892;2206;8;92;10
26893;2206;9;1751;5
26894;2206;10;3003;1
26895;2207;1;1751;100
26896;2207;2;238;70
26897;2207;3;1768;50
26898;2207;4;1556;40
26899;2207;5;1617;30
26900;2207;6;946;20
26901;2207;7;848;15
26902;2207;8;52;10
26903;2207;9;275;5
26904;2207;10;3003;1
26905;2208;1;116;100
26906;2208;2;848;70
26907;2208;3;1556;50
26908;2208;4;2424;40
26909;2208;5;262;30
26910;2208;6;1768;20
26911;2208;7;3003;15
26912;2208;8;275;10
26913;2208;9;1512;5
26914;2208;10;52;1
26915;2209;1;262;100
26916;2209;2;238;70
26917;2209;3;1556;50
26918;2209;4;540;40
26919;2209;5;848;30
26920;2209;6;1751;20
26921;2209;7;305;15
26922;2209;8;1669;10
26923;2209;9;1112;5
26924;2209;10;500;1
26925;2210;1;262;100
26926;2210;2;238;70
26927;2210;3;848;50
26928;2210;4;1680;40
26929;2210;5;1681;30
26930;2210;6;1837;20
26931;2210;7;116;15
26932;2210;8;458;10
26933;2210;9;806;5
26934;2210;10;2954;1
26935;2211;1;540;100
26936;2211;2;238;70
26937;2211;3;262;50
26938;2211;4;116;40
26939;2211;5;1772;30
26940;2211;6;2075;20
26941;2211;7;1681;15
26942;2211;8;1837;10
26943;2211;9;52;5
26944;2211;10;1768;1
26945;2212;1;238;100
26946;2212;2;2075;70
26947;2212;3;848;50
26948;2212;4;1768;40
26949;2212;5;1078;30
26950;2212;6;116;20
26951;2212;7;875;15
26952;2212;8;2190;10
26953;2212;9;1669;5
26954;2212;10;3105;1
26955;2213;1;848;100
26956;2213;2;2075;70
26957;2213;3;262;50
26958;2213;4;116;40
26959;2213;5;1768;30
26960;2213;6;1447;20
26961;2213;7;1772;15
26962;2213;8;1402;10
26963;2213;9;2579;5
26964;2213;10;52;1
26965;2214;1;848;100
26966;2214;2;1078;70
26967;2214;3;2075;50
26968;2214;4;3106;40
26969;2214;5;1681;30
26970;2214;6;1615;20
26971;2214;7;262;15
26972;2214;8;1036;10
26973;2214;9;1816;5
26974;2214;10;222;1
26975;2215;1;540;100
26976;2215;2;1078;70
26977;2215;3;562;50
26978;2215;4;221;40
26979;2215;5;1447;30
26980;2215;6;714;20
26981;2215;7;24;15
26982;2215;8;116;10
26983;2215;9;2579;5
26984;2215;10;1039;1
26985;2216;1;1078;100
26986;2216;2;714;70
26987;2216;3;540;50
26988;2216;4;286;40
26989;2216;5;1816;30
26990;2216;6;562;20
26991;2216;7;221;15
26992;2216;8;848;10
26993;2216;9;1447;5
26994;2216;10;116;1
26995;2217;1;2075;100
26996;2217;2;238;70
26997;2217;3;714;50
26998;2217;4;423;40
26999;2217;5;1561;30
27000;2217;6;286;20
27001;2217;7;1447;15
27002;2217;8;221;10
27003;2217;9;540;5
27004;2217;10;2208;1
27005;2218;1;3191;100
27006;2218;2;1323;70
27007;2218;3;588;50
27008;2218;4;1541;40
27009;2218;5;2057;30
27010;2218;6;2955;20
27011;2218;7;1399;15
27012;2218;8;1192;10
27013;2218;9;1749;5
27014;2218;10;228;1
27015;2219;1;1707;100
27016;2219;2;1948;70
27017;2219;3;1323;50
27018;2219;4;228;40
27019;2219;5;1375;30
27020;2219;6;588;20
27021;2219;7;1420;15
27022;2219;8;1107;10
27023;2219;9;728;5
27024;2219;10;762;1
27025;2220;1;1707;100
27026;2220;2;708;70
27027;2220;3;1490;50
27028;2220;4;571;40
27029;2220;5;1634;30
27030;2220;6;2406;20
27031;2220;7;1375;15
27032;2220;8;3191;10
27033;2220;9;2523;5
27034;2220;10;762;1
27035;2221;1;1617;100
27036;2221;2;885;70
27037;2221;3;1490;50
27038;2221;4;1323;40
27039;2221;5;571;30
27040;2221;6;1420;20
27041;2221;7;554;15
27042;2221;8;2523;10
27043;2221;9;3191;5
27044;2221;10;2870;1
27045;2222;1;1617;100
27046;2222;2;1420;70
27047;2222;3;2424;50
27048;2222;4;1751;40
27049;2222;5;588;30
27050;2222;6;885;20
27051;2222;7;116;15
27052;2222;8;848;10
27053;2222;9;3003;5
27054;2222;10;829;1
27055;2223;1;1617;100
27056;2223;2;2424;70
27057;2223;3;238;50
27058;2223;4;848;40
27059;2223;5;806;30
27060;2223;6;1751;20
27061;2223;7;2930;15
27062;2223;8;1768;10
27063;2223;9;1556;5
27064;2223;10;946;1
27065;2224;1;262;100
27066;2224;2;2075;70
27067;2224;3;238;50
27068;2224;4;1078;40
27069;2224;5;116;30
27070;2224;6;1768;20
27071;2224;7;540;15
27072;2224;8;305;10
27073;2224;9;1447;5
27074;2224;10;806;1
27075;2225;1;1078;100
27076;2225;2;221;70
27077;2225;3;540;50
27078;2225;4;1447;40
27079;2225;5;714;30
27080;2225;6;1816;20
27081;2225;7;3217;15
27082;2225;8;806;10
27083;2225;9;320;5
27084;2225;10;562;1
27085;2152;1;2889;100
27086;2152;2;3039;70
27087;2152;3;1323;50
27088;2152;4;50;40
27089;2152;5;1399;30
27090;2152;6;1143;20
27091;2152;7;1614;15
27092;2152;8;1045;10
27093;2152;9;2421;5
27094;2152;10;2103;1
27095;2153;1;2887;100
27096;2153;2;2889;70
27097;2153;3;3039;50
27098;2153;4;2046;40
27099;2153;5;50;30
27100;2153;6;1095;20
27101;2153;7;1143;15
27102;2153;8;812;10
27103;2153;9;2141;5
27104;2153;10;1005;1
27105;2154;1;1323;100
27106;2154;2;1814;70
27107;2154;3;2831;50
27108;2154;4;324;40
27109;2154;5;2318;30
27110;2154;6;2150;20
27111;2154;7;574;15
27112;2154;8;2830;10
27113;2154;9;2103;5
27114;2154;10;1886;1
27115;2155;1;1323;100
27116;2155;2;57;70
27117;2155;3;1016;50
27118;2155;4;486;40
27119;2155;5;2298;30
27120;2155;6;2889;20
27121;2155;7;2957;15
27122;2155;8;1143;10
27123;2155;9;1095;5
27124;2155;10;349;1
27125;2156;1;57;100
27126;2156;2;3191;70
27127;2156;3;1541;50
27128;2156;4;486;40
27129;2156;5;1016;30
27130;2156;6;1871;20
27131;2156;7;2141;15
27132;2156;8;45;10
27133;2156;9;2546;5
27134;2156;10;1143;1
27135;2157;1;3191;100
27136;2157;2;3039;70
27137;2157;3;1192;50
27138;2157;4;1785;40
27139;2157;5;45;30
27140;2157;6;1785;20
27141;2157;7;2887;15
27142;2157;8;1487;10
27143;2157;9;2141;5
27144;2157;10;2546;1
27145;2158;1;1323;100
27146;2158;2;3039;70
27147;2158;3;283;50
27148;2158;4;1541;40
27149;2158;5;1627;30
27150;2158;6;1487;20
27151;2158;7;57;15
27152;2158;8;1044;10
27153;2158;9;45;5
27154;2158;10;2943;1
27155;2159;1;1606;100
27156;2159;2;2686;70
27157;2159;3;2424;50
27158;2159;4;3161;40
27159;2159;5;504;30
27160;2159;6;97;20
27161;2159;7;945;15
27162;2159;8;2551;10
27163;2159;9;993;5
27164;2159;10;371;1
27165;2160;1;3191;100
27166;2160;2;2686;70
27167;2160;3;1323;50
27168;2160;4;97;40
27169;2160;5;2429;30
27170;2160;6;1934;20
27171;2160;7;1341;15
27172;2160;8;744;10
27173;2160;9;3074;5
27174;2160;10;1889;1
27175;2161;1;1107;100
27176;2161;2;1490;70
27177;2161;3;3191;50
27178;2161;4;2686;40
27179;2161;5;486;30
27180;2161;6;2523;20
27181;2161;7;1606;15
27182;2161;8;995;10
27183;2161;9;1934;5
27184;2161;10;1058;1
27185;2162;1;1490;100
27186;2162;2;2523;70
27187;2162;3;1058;50
27188;2162;4;486;40
27189;2162;5;240;30
27190;2162;6;995;20
27191;2162;7;3118;15
27192;2162;8;2778;10
27193;2162;9;879;5
27194;2162;10;1889;1
27195;2163;1;1541;100
27196;2163;2;1323;70
27197;2163;3;3118;50
27198;2163;4;2778;40
27199;2163;5;2437;30
27200;2163;6;1889;20
27201;2163;7;2028;15
27202;2163;8;1486;10
27203;2163;9;2761;5
27204;2163;10;2455;1
27205;2164;1;1490;100
27206;2164;2;554;70
27207;2164;3;176;50
27208;2164;4;3118;40
27209;2164;5;1323;30
27210;2164;6;767;20
27211;2164;7;215;15
27212;2164;8;762;10
27213;2164;9;1541;5
27214;2164;10;2557;1
27215;2165;1;1490;100
27216;2165;2;116;70
27217;2165;3;2216;50
27218;2165;4;885;40
27219;2165;5;848;30
27220;2165;6;129;20
27221;2165;7;419;15
27222;2165;8;2455;10
27223;2165;9;473;5
27224;2165;10;1783;1
27225;2166;1;1490;100
27226;2166;2;1793;70
27227;2166;3;116;50
27228;2166;4;2561;40
27229;2166;5;2216;30
27230;2166;6;1541;20
27231;2166;7;848;15
27232;2166;8;129;10
27233;2166;9;2455;5
27234;2166;10;1081;1
27235;2167;1;3118;100
27236;2167;2;1431;70
27237;2167;3;1081;50
27238;2167;4;1233;40
27239;2167;5;419;30
27240;2167;6;3071;20
27241;2167;7;2455;15
27242;2167;8;829;10
27243;2167;9;2736;5
27244;2167;10;320;1
27245;2168;1;215;100
27246;2168;2;1420;70
27247;2168;3;2424;50
27248;2168;4;3118;40
27249;2168;5;1431;30
27250;2168;6;116;20
27251;2168;7;848;15
27252;2168;8;113;10
27253;2168;9;863;5
27254;2168;10;3091;1
27255;2169;1;1420;100
27256;2169;2;885;70
27257;2169;3;116;50
27258;2169;4;2736;40
27259;2169;5;2424;30
27260;2169;6;2933;20
27261;2169;7;2455;15
27262;2169;8;1090;10
27263;2169;9;946;5
27264;2169;10;2466;1
27265;2170;1;3118;100
27266;2170;2;457;70
27267;2170;3;2424;50
27268;2170;4;1431;40
27269;2170;5;2290;30
27270;2170;6;493;20
27271;2170;7;2466;15
27272;2170;8;1777;10
27273;2170;9;1457;5
27274;2170;10;2933;1
27275;2171;1;848;100
27276;2171;2;457;70
27277;2171;3;2736;50
27278;2171;4;1768;40
27279;2171;5;2424;30
27280;2171;6;63;20
27281;2171;7;2933;15
27282;2171;8;1912;10
27283;2171;9;2097;5
27284;2171;10;2438;1
27285;2172;1;1027;100
27286;2172;2;848;70
27287;2172;3;1556;50
27288;2172;4;275;40
27289;2172;5;96;30
27290;2172;6;320;20
27291;2172;7;806;15
27292;2172;8;972;10
27293;2172;9;499;5
27294;2172;10;63;1
27295;2173;1;275;100
27296;2173;2;2978;70
27297;2173;3;1125;50
27298;2173;4;116;40
27299;2173;5;2097;30
27300;2173;6;3105;20
27301;2173;7;499;15
27302;2173;8;317;10
27303;2173;9;1283;5
27304;2173;10;2977;1
27305;2174;1;1556;100
27306;2174;2;2424;70
27307;2174;3;848;50
27308;2174;4;116;40
27309;2174;5;1768;30
27310;2174;6;1125;20
27311;2174;7;275;15
27312;2174;8;2978;10
27313;2174;9;781;5
27314;2174;10;2736;1
27315;2175;1;1681;100
27316;2175;2;2424;70
27317;2175;3;1125;50
27318;2175;4;2075;40
27319;2175;5;275;30
27320;2175;6;3104;20
27321;2175;7;237;15
27322;2175;8;1760;10
27323;2175;9;1929;5
27324;2175;10;288;1
27325;2176;1;3104;100
27326;2176;2;2190;70
27327;2176;3;2075;50
27328;2176;4;1125;40
27329;2176;5;925;30
27330;2176;6;2956;20
27331;2176;7;2424;15
27332;2176;8;158;10
27333;2176;9;839;5
27334;2176;10;2708;1
27335;2177;1;728;100
27336;2177;2;349;70
27337;2177;3;615;50
27338;2177;4;301;40
27339;2177;5;324;30
27340;2177;6;812;20
27341;2177;7;2831;15
27342;2177;8;2611;10
27343;2177;9;2822;5
27344;2177;10;1938;1
27345;2178;1;1323;100
27346;2178;2;1107;70
27347;2178;3;2298;50
27348;2178;4;486;40
27349;2178;5;2831;30
27350;2178;6;726;20
27351;2178;7;2887;15
27352;2178;8;1399;10
27353;2178;9;1487;5
27354;2178;10;2546;1
27355;2179;1;1323;100
27356;2179;2;3191;70
27357;2179;3;57;50
27358;2179;4;3169;40
27359;2179;5;486;30
27360;2179;6;1541;20
27361;2179;7;1016;15
27362;2179;8;3039;10
27363;2179;9;1399;5
27364;2179;10;726;1
27365;2180;1;3191;100
27366;2180;2;1541;70
27367;2180;3;1948;50
27368;2180;4;57;40
27369;2180;5;1473;30
27370;2180;6;3039;20
27371;2180;7;486;15
27372;2180;8;349;10
27373;2180;9;1487;5
27374;2180;10;45;1
27375;2181;1;228;100
27376;2181;2;1323;70
27377;2181;3;830;50
27378;2181;4;2057;40
27379;2181;5;1107;30
27380;2181;6;2996;20
27381;2181;7;1541;15
27382;2181;8;1627;10
27383;2181;9;1044;5
27384;2181;10;2339;1
27385;2182;1;1107;100
27386;2182;2;45;70
27387;2182;3;1044;50
27388;2182;4;2629;40
27389;2182;5;1775;30
27390;2182;6;726;20
27391;2182;7;279;15
27392;2182;8;3172;10
27393;2182;9;711;5
27394;2182;10;2828;1
27395;2183;1;228;100
27396;2183;2;2817;70
27397;2183;3;486;50
27398;2183;4;1606;40
27399;2183;5;1107;30
27400;2183;6;215;20
27401;2183;7;2030;15
27402;2183;8;1627;10
27403;2183;9;1984;5
27404;2183;10;1968;1
27405;2184;1;1490;100
27406;2184;2;1107;70
27407;2184;3;1323;50
27408;2184;4;554;40
27409;2184;5;767;30
27410;2184;6;1606;20
27411;2184;7;3103;15
27412;2184;8;620;10
27413;2184;9;408;5
27414;2184;10;1445;1
27415;2185;1;2523;100
27416;2185;2;767;70
27417;2185;3;486;50
27418;2185;4;2289;40
27419;2185;5;879;30
27420;2185;6;0;20
27421;2185;7;0;15
27422;2185;8;0;10
27423;2185;9;0;5
27424;2185;10;0;1
27425;2232;1;767;100
27426;2232;2;2523;70
27427;2232;3;2043;50
27428;2232;4;1645;40
27429;2232;5;1375;30
27430;2232;6;1889;20
27431;2232;7;1845;15
27432;2232;8;2028;10
27433;2232;9;890;5
27434;2232;10;1437;1
27435;2233;1;2523;100
27436;2233;2;3191;70
27437;2233;3;2043;50
27438;2233;4;2698;40
27439;2233;5;1541;30
27440;2233;6;1323;20
27441;2233;7;2455;15
27442;2233;8;494;10
27443;2233;9;989;5
27444;2233;10;2518;1
27445;2234;1;2870;100
27446;2234;2;419;70
27447;2234;3;2523;50
27448;2234;4;2961;40
27449;2234;5;885;30
27450;2234;6;2698;20
27451;2234;7;129;15
27452;2234;8;2043;10
27453;2234;9;767;5
27454;2234;10;1634;1
27455;2235;1;2870;100
27456;2235;2;1323;70
27457;2235;3;521;50
27458;2235;4;419;40
27459;2235;5;116;30
27460;2235;6;3002;20
27461;2235;7;767;15
27462;2235;8;1499;10
27463;2235;9;1845;5
27464;2235;10;1434;1
27465;2236;1;1323;100
27466;2236;2;3002;70
27467;2236;3;1431;50
27468;2236;4;2158;40
27469;2236;5;767;30
27470;2236;6;1499;20
27471;2236;7;1434;15
27472;2236;8;1845;10
27473;2236;9;2518;5
27474;2236;10;568;1
27475;2237;1;1323;100
27476;2237;2;116;70
27477;2237;3;767;50
27478;2237;4;2466;40
27479;2237;5;1711;30
27480;2237;6;2455;20
27481;2237;7;2158;15
27482;2237;8;326;10
27483;2237;9;2891;5
27484;2237;10;200;1
27485;2238;1;116;100
27486;2238;2;1617;70
27487;2238;3;2424;50
27488;2238;4;2936;40
27489;2238;5;2516;30
27490;2238;6;1431;20
27491;2238;7;2740;15
27492;2238;8;1323;10
27493;2238;9;2158;5
27494;2238;10;1727;1
27495;2239;1;116;100
27496;2239;2;96;70
27497;2239;3;767;50
27498;2239;4;2466;40
27499;2239;5;2036;30
27500;2239;6;499;20
27501;2239;7;2158;15
27502;2239;8;1323;10
27503;2239;9;275;5
27504;2239;10;1738;1
27505;2240;1;1027;100
27506;2240;2;96;70
27507;2240;3;806;50
27508;2240;4;2424;40
27509;2240;5;767;30
27510;2240;6;116;20
27511;2240;7;419;15
27512;2240;8;1727;10
27513;2240;9;1457;5
27514;2240;10;1431;1
27515;2241;1;1027;100
27516;2241;2;96;70
27517;2241;3;2158;50
27518;2241;4;767;40
27519;2241;5;339;30
27520;2241;6;499;20
27521;2241;7;241;15
27522;2241;8;2070;10
27523;2241;9;1733;5
27524;2241;10;1125;1
27525;2242;1;2936;100
27526;2242;2;1027;70
27527;2242;3;275;50
27528;2242;4;116;40
27529;2242;5;2412;30
27530;2242;6;885;20
27531;2242;7;305;15
27532;2242;8;1125;10
27533;2242;9;499;5
27534;2242;10;767;1
27535;2243;1;275;100
27536;2243;2;1125;70
27537;2243;3;1813;50
27538;2243;4;3104;40
27539;2243;5;499;30
27540;2243;6;767;20
27541;2243;7;894;15
27542;2243;8;2070;10
27543;2243;9;2727;5
27544;2243;10;317;1
27545;2244;1;320;100
27546;2244;2;275;70
27547;2244;3;1125;50
27548;2244;4;2424;40
27549;2244;5;767;30
27550;2244;6;926;20
27551;2244;7;2;15
27552;2244;8;1444;10
27553;2244;9;522;5
27554;2244;10;1457;1
27555;2245;1;2424;100
27556;2245;2;875;70
27557;2245;3;320;50
27558;2245;4;500;40
27559;2245;5;3105;30
27560;2245;6;275;20
27561;2245;7;925;15
27562;2245;8;767;10
27563;2245;9;237;5
27564;2245;10;2075;1
27565;2246;1;1681;100
27566;2246;2;3104;70
27567;2246;3;875;50
27568;2246;4;3105;40
27569;2246;5;1773;30
27570;2246;6;1125;20
27571;2246;7;826;15
27572;2246;8;222;10
27573;2246;9;237;5
27574;2246;10;767;1
27575;2247;1;2075;100
27576;2247;2;222;70
27577;2247;3;2190;50
27578;2247;4;2082;40
27579;2247;5;3105;30
27580;2247;6;2054;20
27581;2247;7;657;15
27582;2247;8;275;10
27583;2247;9;969;5
27584;2247;10;614;1
27585;2248;1;848;100
27586;2248;2;3055;70
27587;2248;3;116;50
27588;2248;4;562;40
27589;2248;5;1792;30
27590;2248;6;783;20
27591;2248;7;614;15
27592;2248;8;657;10
27593;2248;9;1444;5
27594;2248;10;2012;1
27595;2249;1;222;100
27596;2249;2;562;70
27597;2249;3;3055;50
27598;2249;4;783;40
27599;2249;5;116;30
27600;2249;6;1792;20
27601;2249;7;925;15
27602;2249;8;657;10
27603;2249;9;614;5
27604;2249;10;2012;1
27605;2250;1;1078;100
27606;2250;2;3106;70
27607;2250;3;222;50
27608;2250;4;1561;40
27609;2250;5;1792;30
27610;2250;6;3274;20
27611;2250;7;2186;15
27612;2250;8;3165;10
27613;2250;9;1885;5
27614;2250;10;657;1
27615;2251;1;848;100
27616;2251;2;61;70
27617;2251;3;562;50
27618;2251;4;3274;40
27619;2251;5;3165;30
27620;2251;6;3275;20
27621;2251;7;222;15
27622;2251;8;3203;10
27623;2251;9;3276;5
27624;2251;10;3277;1
27625;2254;1;848;100
27626;2254;2;238;70
27627;2254;3;2424;50
27628;2254;4;52;40
27629;2254;5;320;30
27630;2254;6;275;20
27631;2254;7;806;15
27632;2254;8;1512;10
27633;2254;9;2412;5
27634;2254;10;767;1
27635;2255;1;848;100
27636;2255;2;275;70
27637;2255;3;238;50
27638;2255;4;1837;40
27639;2255;5;2097;30
27640;2255;6;925;20
27641;2255;7;1512;15
27642;2255;8;2424;10
27643;2255;9;2425;5
27644;2255;10;1441;1
27645;2256;1;848;100
27646;2256;2;238;70
27647;2256;3;3003;50
27648;2256;4;320;40
27649;2256;5;2496;30
27650;2256;6;806;20
27651;2256;7;925;15
27652;2256;8;1125;10
27653;2256;9;275;5
27654;2256;10;1813;1
27655;2257;1;848;100
27656;2257;2;1772;70
27657;2257;3;1837;50
27658;2257;4;3104;40
27659;2257;5;222;30
27660;2257;6;2190;20
27661;2257;7;1125;15
27662;2257;8;2496;10
27663;2257;9;83;5
27664;2257;10;1572;1
27665;2258;1;238;100
27666;2258;2;848;70
27667;2258;3;2075;50
27668;2258;4;1768;40
27669;2258;5;3105;30
27670;2258;6;1447;20
27671;2258;7;230;15
27672;2258;8;52;10
27673;2258;9;1772;5
27674;2258;10;320;1
27675;2259;1;2075;100
27676;2259;2;848;70
27677;2259;3;1768;50
27678;2259;4;1772;40
27679;2259;5;2579;30
27680;2259;6;3055;20
27681;2259;7;222;15
27682;2259;8;3105;10
27683;2259;9;2694;5
27684;2259;10;875;1
27685;2260;1;2075;100
27686;2260;2;848;70
27687;2260;3;2579;50
27688;2260;4;320;40
27689;2260;5;222;30
27690;2260;6;1447;20
27691;2260;7;1444;15
27692;2260;8;562;10
27693;2260;9;783;5
27694;2260;10;24;1
27695;2261;1;2075;100
27696;2261;2;221;70
27697;2261;3;562;50
27698;2261;4;320;40
27699;2261;5;1816;30
27700;2261;6;222;20
27701;2261;7;2579;15
27702;2261;8;925;10
27703;2261;9;804;5
27704;2261;10;3055;1
27705;2262;1;1816;100
27706;2262;2;848;70
27707;2262;3;562;50
27708;2262;4;2579;40
27709;2262;5;3106;30
27710;2262;6;1561;20
27711;2262;7;2190;15
27712;2262;8;925;10
27713;2262;9;2556;5
27714;2262;10;222;1
27715;2263;1;2075;100
27716;2263;2;2186;70
27717;2263;3;2220;50
27718;2263;4;1561;40
27719;2263;5;1725;30
27720;2263;6;1447;20
27721;2263;7;221;15
27722;2263;8;562;10
27723;2263;9;501;5
27724;2263;10;3165;1
27725;4720;1;963;15
27726;4721;1;963;15
27727;6710;1;963;10
27728;4599;1;2696;15
27729;4600;1;30;15
27730;4601;1;30;15
27731;4602;1;30;15
27732;4603;1;30;15
27733;4604;1;2530;15
27734;4605;1;2530;15
27735;4606;1;3141;15
27736;4607;1;2332;15
27737;4608;1;3141;15
27738;4609;1;3141;15
27739;4610;1;2332;15
27740;6549;1;30;10
27741;6550;1;30;10
27742;6551;1;30;10
27743;6552;1;30;10
27744;6553;1;30;10
27745;6554;1;2530;10
27746;6555;1;30;10
27747;6556;1;3141;10
27748;6557;1;2332;10
27749;6558;1;1584;10
27750;6559;1;3296;10
27751;6560;1;2332;10
27752;4727;1;3154;15
27753;4728;1;3154;15
27754;4729;1;3154;15
27755;4730;1;3330;15
27756;6692;1;3154;10
27757;6693;1;3154;10
27758;6694;1;3154;10
27759;4449;1;2914;15
27760;4450;1;1758;15
27761;4451;1;2914;15
27762;4452;1;2914;15
27763;4453;1;2914;15
27764;4454;1;1582;15
27765;4455;1;2914;15
27766;4456;1;2914;15
27767;4457;1;3060;15
27768;4458;1;3060;15
27769;6361;1;2914;10
27770;6362;1;2914;10
27771;6363;1;2914;10
27772;6364;1;2914;10
27773;6365;1;1582;10
27774;6366;1;2914;10
27775;6367;1;1758;10
27776;6368;1;2914;10
27777;6369;1;1582;10
27778;6370;1;1758;10
27779;6371;1;3315;10
27780;3482;1;1722;25
27781;3483;1;1014;25
27782;3484;1;2213;25
27783;3485;1;2218;25
27784;3486;1;1014;25
27785;3487;1;1955;25
27786;3488;1;3107;25
27787;3489;1;2464;25
27788;3490;1;2464;25
27789;3491;1;665;25
27790;3492;1;1802;25
27791;3493;1;1084;25
27792;3494;1;1802;25
27793;3495;1;2815;25
27794;3496;1;3079;25
27795;3497;1;1547;25
27796;3498;1;3049;25
27797;3499;1;3049;25
27798;3500;1;1353;25
27799;3501;1;1353;25
27800;3502;1;2451;25
27801;3503;1;3049;25
27802;3504;1;1353;25
27803;3505;1;650;25
27804;3506;1;1953;25
27805;3507;1;1926;25
27806;3508;1;914;25
27807;3509;1;1083;25
27808;3510;1;2027;25
27809;3511;1;3048;25
27810;3512;1;1430;25
27811;3513;1;1953;25
27812;3514;1;734;25
27813;3515;1;2007;25
27814;3516;1;464;25
27815;3517;1;1985;25
27816;3518;1;2007;25
27817;3519;1;2171;25
27818;3520;1;1985;25
27819;3521;1;3327;25
27820;5599;1;1802;10
27821;5600;1;1802;10
27822;5601;1;3048;10
27823;5602;1;3048;10
27824;5603;1;3048;10
27825;5604;1;1353;10
27826;5605;1;1353;10
27827;5606;1;3048;10
27828;5607;1;2234;10
27829;5608;1;1353;10
27830;5609;1;3048;10
27831;5610;1;3048;10
27832;5611;1;3048;10
27833;5612;1;3048;10
27834;5613;1;3048;10
27835;5614;1;1201;10
27836;5615;1;3048;10
27837;5616;1;3048;10
27838;5617;1;914;10
27839;5618;1;3048;10
27840;5619;1;914;10
27841;5620;1;346;10
27842;5621;1;346;10
27843;5622;1;284;10
27844;5623;1;151;10
27845;5624;1;3369;10
27846;5625;1;346;10
27847;4373;1;743;15
27848;4374;1;743;15
27849;4375;1;743;15
27850;4376;1;532;15
27851;4377;1;532;15
27852;4378;1;380;15
27853;6330;1;743;10
27854;6331;1;743;10
27855;6332;1;743;10
27856;6333;1;532;10
27857;6334;1;532;10
27858;6335;1;2668;10
27859;2896;1;1867;50
27860;2897;1;1129;50
27861;2898;1;2758;50
27862;2899;1;2591;50
27863;2900;1;1532;50
27864;2901;1;1532;50
27865;2902;1;706;50
27866;2903;1;706;50
27867;2904;1;1295;50
27868;2905;1;1532;50
27869;2906;1;1532;50
27870;2907;1;1541;50
27871;2908;1;1541;50
27872;2909;1;1541;50
27873;2910;1;837;50
27874;2911;1;1871;50
27875;2912;1;2904;50
27876;2913;1;1541;50
27877;2914;1;2996;50
27878;2915;1;228;50
27879;2916;1;1552;50
27880;2917;1;1934;50
27881;2918;1;2429;50
27882;2919;1;2406;50
27883;2920;1;1808;50
27884;2921;1;1525;50
27885;2922;1;1552;50
27886;2923;1;2406;50
27887;2924;1;447;50
27888;2925;1;2627;50
27889;2926;1;74;50
27890;2927;1;111;50
27891;2928;1;1082;50
27892;2929;1;1082;50
27893;2930;1;2497;50
27894;2931;1;111;50
27895;2932;1;1556;50
27896;2933;1;2735;50
27897;2934;1;2700;50
27898;2935;1;111;50
27899;2936;1;2707;50
27900;2937;1;2344;50
27901;2938;1;423;50
27902;2939;1;2625;50
27903;2940;1;3257;50
27904;5198;1;484;10
27905;5199;1;1541;10
27906;5200;1;1541;10
27907;5201;1;1541;10
27908;5202;1;2996;10
27909;5203;1;1541;10
27910;5204;1;228;10
27911;5205;1;228;10
27912;5206;1;1627;10
27913;5207;1;2996;10
27914;5208;1;228;10
27915;5209;1;2686;10
27916;5210;1;2686;10
27917;5211;1;2406;10
27918;5212;1;2406;10
27919;5213;1;1541;10
27920;5214;1;447;10
27921;5215;1;419;10
27922;5216;1;447;10
27923;5217;1;113;10
27924;5218;1;2736;10
27925;5219;1;2736;10
27926;5220;1;2736;10
27927;5221;1;972;10
27928;5222;1;2736;10
27929;5223;1;1556;10
27930;5224;1;1556;10
27931;5225;1;1556;10
27932;5226;1;1078;10
27933;5227;1;2700;10
27934;5228;1;2700;10
27935;5229;1;1078;10
27936;5230;1;1078;10
27937;5231;1;1078;10
27938;5232;1;423;10
27939;3402;1;1391;25
27940;3403;1;1391;25
27941;3404;1;1171;25
27942;3405;1;1391;25
27943;3406;1;1391;25
27944;3407;1;1171;25
27945;3408;1;1963;25
27946;3409;1;1391;25
27947;3410;1;2774;25
27948;3411;1;2774;25
27949;3412;1;172;25
27950;3413;1;566;25
27951;3414;1;2770;25
27952;3415;1;2924;25
27953;3416;1;2924;25
27954;3417;1;1392;25
27955;3418;1;2924;25
27956;3419;1;3019;25
27957;3420;1;172;25
27958;3421;1;172;25
27959;3422;1;1240;25
27960;3423;1;382;25
27961;3424;1;554;25
27962;3425;1;167;25
27963;3426;1;554;25
27964;3427;1;674;25
27965;3428;1;2247;25
27966;3429;1;554;25
27967;3430;1;167;25
27968;3431;1;167;25
27969;3432;1;167;25
27970;3433;1;167;25
27971;3434;1;1270;25
27972;3435;1;2097;25
27973;3436;1;559;25
27974;3437;1;2097;25
27975;3438;1;2706;25
27976;3439;1;222;25
27977;3440;1;1535;25
27978;3441;1;1535;25
27979;3442;1;562;25
27980;3443;1;442;25
27981;3444;1;222;25
27982;3445;1;1535;25
27983;5091;1;800;10
27984;5092;1;765;10
27985;5093;1;106;10
27986;5094;1;1851;10
27987;5095;1;1851;10
27988;5096;1;566;10
27989;5097;1;744;10
27990;5098;1;744;10
27991;5099;1;744;10
27992;5100;1;2924;10
27993;5101;1;422;10
27994;5102;1;422;10
27995;5103;1;402;10
27996;5104;1;744;10
27997;5105;1;744;10
27998;5106;1;744;10
27999;5107;1;744;10
28000;5108;1;554;10
28001;5109;1;554;10
28002;5110;1;554;10
28003;5111;1;554;10
28004;5112;1;554;10
28005;5113;1;554;10
28006;5114;1;554;10
28007;5115;1;744;10
28008;5116;1;554;10
28009;5117;1;2097;10
28010;5118;1;2097;10
28011;5119;1;2097;10
28012;5120;1;2097;10
28013;5121;1;2097;10
28014;5122;1;2097;10
28015;5123;1;222;10
28016;5124;1;222;10
28017;5125;1;222;10
28018;5126;1;562;10
28019;5127;1;222;10
28020;5128;1;222;10
28021;5129;1;562;10
28022;4561;1;791;15
28023;4562;1;2412;15
28024;4563;1;2412;15
28025;4564;1;3015;15
28026;4565;1;2583;15
28027;4566;1;329;15
28028;4567;1;3097;15
28029;6511;1;791;10
28030;6512;1;2412;10
28031;6513;1;2412;10
28032;6514;1;3015;10
28033;6515;1;3015;10
28034;6516;1;329;10
28035;6517;1;3097;10
28036;6518;1;3097;10
28037;4500;1;1746;15
28038;4501;1;338;15
28039;4502;1;1746;15
28040;4503;1;338;15
28041;4504;1;2072;15
28042;6359;1;1148;10
28043;6360;1;2072;10
28044;4568;1;921;15
28045;4569;1;921;15
28046;4570;1;114;15
28047;4571;1;114;15
28048;4572;1;114;15
28049;4573;1;114;15
28050;6519;1;921;10
28051;6520;1;921;10
28052;6521;1;114;10
28053;6522;1;114;10
28054;6523;1;114;10
28055;6524;1;114;10
28056;3805;1;2941;25
28057;3806;1;2941;25
28058;3807;1;2941;25
28059;3808;1;3109;25
28060;3809;1;3109;25
28061;3810;1;3109;25
28062;3811;1;2950;25
28063;3812;1;53;25
28064;3813;1;2950;25
28065;3814;1;776;25
28066;3815;1;2950;25
28067;3816;1;42;25
28068;3817;1;52;25
28069;3818;1;2950;25
28070;3819;1;52;25
28071;3820;1;52;25
28072;3821;1;52;25
28073;3822;1;2950;25
28074;3823;1;2950;25
28075;3824;1;52;25
28076;3825;1;2950;25
28077;3826;1;2950;25
28078;3827;1;2950;25
28079;3828;1;1111;25
28080;3829;1;1111;25
28081;5710;1;2941;10
28082;5711;1;2941;10
28083;5712;1;2941;10
28084;5713;1;53;10
28085;5714;1;1962;10
28086;5715;1;2950;10
28087;5716;1;2950;10
28088;5717;1;776;10
28089;5718;1;776;10
28090;5719;1;2950;10
28091;5720;1;42;10
28092;5721;1;52;10
28093;5722;1;52;10
28094;5723;1;52;10
28095;5724;1;52;10
28096;5725;1;52;10
28097;5726;1;2950;10
28098;5727;1;2950;10
28099;5728;1;52;10
28100;5729;1;2950;10
28101;5730;1;2950;10
28102;5731;1;2950;10
28103;5732;1;1111;10
28104;2540;1;3093;50
28105;2541;1;2604;50
28106;2542;1;272;50
28107;2543;1;3170;50
28108;2544;1;3170;50
28109;2545;1;716;50
28110;2546;1;1819;50
28111;2547;1;2032;50
28112;2548;1;551;50
28113;2549;1;1947;50
28114;2550;1;2355;50
28115;2551;1;2355;50
28116;2552;1;2035;50
28117;2553;1;2035;50
28118;2554;1;2355;50
28119;2555;1;2355;50
28120;2556;1;2035;50
28121;2557;1;3170;50
28122;2558;1;2355;50
28123;2559;1;1967;50
28124;2560;1;1967;50
28125;2561;1;2328;50
28126;2562;1;1047;50
28127;2563;1;1342;50
28128;2564;1;1209;50
28129;2565;1;2328;50
28130;2566;1;1407;50
28131;2567;1;20;50
28132;2568;1;20;50
28133;2569;1;20;50
28134;2570;1;2900;50
28135;2571;1;3086;50
28136;2572;1;1614;50
28137;2573;1;1074;50
28138;2574;1;1614;50
28139;2575;1;1143;50
28140;2576;1;854;50
28141;2577;1;2827;50
28142;2578;1;2827;50
28143;2579;1;1143;50
28144;2580;1;578;50
28145;2581;1;954;50
28146;2582;1;954;50
28147;2583;1;1199;50
28148;2584;1;206;50
28149;2585;1;2289;50
28150;2586;1;620;50
28151;2587;1;3085;50
28152;2588;1;1845;50
28153;2589;1;1190;50
28154;2590;1;1845;50
28155;2591;1;1727;50
28156;2592;1;943;50
28157;2593;1;1400;50
28158;2594;1;1727;50
28159;2595;1;1400;50
28160;2596;1;1400;50
28161;2597;1;1459;50
28162;2598;1;1400;50
28163;2599;1;256;50
28164;2600;1;1349;50
28165;2601;1;1816;50
28166;2602;1;1816;50
28167;2603;1;1587;50
28168;2604;1;1816;50
28169;2605;1;1816;50
28170;2606;1;1453;50
28171;5733;1;1143;10
28172;5734;1;1143;10
28173;5735;1;1143;10
28174;5736;1;578;10
28175;5737;1;954;10
28176;5738;1;2289;10
28177;5739;1;2289;10
28178;5740;1;129;10
28179;5741;1;129;10
28180;5742;1;129;10
28181;5743;1;1727;10
28182;5744;1;1081;10
28183;5745;1;1727;10
28184;5746;1;1727;10
28185;5747;1;1727;10
28186;5748;1;275;10
28187;5749;1;275;10
28188;5750;1;275;10
28189;5751;1;275;10
28190;5752;1;275;10
28191;5753;1;1816;10
28192;5754;1;1816;10
28193;5755;1;1816;10
28194;5756;1;1816;10
28195;5757;1;1816;10
28196;5758;1;1816;10
28197;5759;1;1816;10
28198;4297;1;2051;15
28199;4298;1;2732;15
28200;4299;1;2732;15
28201;4300;1;2732;15
28202;4301;1;2732;15
28203;4302;1;2732;15
28204;4303;1;2732;15
28205;4304;1;2732;15
28206;4305;1;2732;15
28207;4306;1;639;15
28208;4307;1;2931;15
28209;4308;1;86;15
28210;4309;1;639;15
28211;4310;1;86;15
28212;4311;1;639;15
28213;4312;1;639;15
28214;4313;1;639;15
28215;4314;1;639;15
28216;6372;1;2732;10
28217;6373;1;2732;10
28218;6374;1;2732;10
28219;6375;1;2732;10
28220;6376;1;639;10
28221;6377;1;86;10
28222;6378;1;86;10
28223;6379;1;86;10
28224;6380;1;639;10
28225;6381;1;639;10
28226;6382;1;2346;10
28227;6383;1;86;10
28228;6384;1;2459;10
28229;6385;1;639;10
28230;6386;1;2459;10
28231;4739;1;2031;15
28232;4740;1;2031;15
28233;4741;1;3336;15
28234;6702;1;2031;10
28235;6703;1;3302;10
28236;6704;1;2031;10
28237;4172;1;1428;15
28238;4173;1;695;15
28239;4174;1;695;15
28240;4175;1;2697;15
28241;4176;1;1472;15
28242;4177;1;2350;15
28243;4178;1;1472;15
28244;4179;1;2350;15
28245;4180;1;1472;15
28246;4181;1;1472;15
28247;4182;1;2350;15
28248;4183;1;430;15
28249;4184;1;430;15
28250;4185;1;2610;15
28251;4186;1;430;15
28252;4187;1;430;15
28253;4188;1;3305;15
28254;4189;1;3332;15
28255;6128;1;1428;10
28256;6129;1;307;10
28257;6130;1;695;10
28258;6131;1;695;10
28259;6132;1;1472;10
28260;6133;1;2350;10
28261;6134;1;2350;10
28262;6135;1;2350;10
28263;6136;1;1472;10
28264;6137;1;1482;10
28265;6138;1;306;10
28266;6139;1;430;10
28267;6140;1;430;10
28268;6141;1;430;10
28269;6142;1;2350;10
28270;6143;1;430;10
28271;6144;1;3291;10
28272;6145;1;3332;10
28273;4379;1;140;15
28274;4380;1;3047;15
28275;4381;1;3047;15
28276;4382;1;838;15
28277;4383;1;1069;15
28278;4384;1;3047;15
28279;4385;1;672;15
28280;4386;1;3145;15
28281;4387;1;838;15
28282;4388;1;838;15
28283;4389;1;838;15
28284;4390;1;3333;15
28285;6435;1;3047;10
28286;6436;1;3047;10
28287;6437;1;838;10
28288;6438;1;3047;10
28289;6439;1;3047;10
28290;6440;1;1481;10
28291;6441;1;2741;10
28292;6442;1;2549;10
28293;6443;1;2172;10
28294;6444;1;2172;10
28295;6445;1;3333;10
28296;4611;1;3189;15
28297;4612;1;1696;15
28298;4613;1;105;15
28299;4614;1;2094;15
28300;4615;1;2094;15
28301;4616;1;3306;15
28302;4617;1;3306;15
28303;6571;1;1696;10
28304;6572;1;2094;10
28305;6573;1;2094;10
28306;6574;1;3306;10
28307;6575;1;3306;10
28308;4687;1;2524;15
28309;4688;1;3287;15
28310;6646;1;3007;10
28311;6647;1;3317;10
28312;3549;1;596;25
28313;3550;1;445;25
28314;3551;1;445;25
28315;3552;1;2607;25
28316;3553;1;3014;25
28317;3554;1;606;25
28318;3555;1;901;25
28319;3556;1;3057;25
28320;3557;1;606;25
28321;3558;1;1301;25
28322;3559;1;1301;25
28323;3560;1;2945;25
28324;3561;1;1834;25
28325;3562;1;1834;25
28326;3563;1;1930;25
28327;3564;1;606;25
28328;3565;1;606;25
28329;3566;1;606;25
28330;3567;1;985;25
28331;3568;1;685;25
28332;3569;1;144;25
28333;3570;1;88;25
28334;3571;1;150;25
28335;3572;1;2915;25
28336;3573;1;3365;25
28337;5907;1;1976;10
28338;5908;1;1979;10
28339;5909;1;2607;10
28340;5910;1;1979;10
28341;5911;1;431;10
28342;5912;1;702;10
28343;5913;1;1301;10
28344;5914;1;431;10
28345;5915;1;89;10
28346;5916;1;702;10
28347;5917;1;1834;10
28348;5918;1;1834;10
28349;5919;1;606;10
28350;5920;1;144;10
28351;5921;1;662;10
28352;5922;1;606;10
28353;5923;1;144;10
28354;5924;1;2915;10
28355;5925;1;2915;10
28356;5926;1;144;10
28357;5927;1;144;10
28358;5928;1;144;10
28359;5929;1;150;10
28360;5930;1;2915;10
28361;4700;1;2509;15
28362;4701;1;2509;15
28363;4702;1;2509;15
28364;4703;1;3096;15
28365;4704;1;3297;15
28366;4705;1;3346;15
28367;6674;1;2509;10
28368;6675;1;1262;10
28369;6676;1;2509;10
28370;6677;1;1262;10
28371;6678;1;3292;10
28372;6679;1;3346;10
28373;4695;1;328;15
28374;4696;1;328;15
28375;4697;1;1637;15
28376;4698;1;1637;15
28377;4699;1;328;15
28378;4722;1;2052;15
28379;4723;1;3356;15
28380;4724;1;3356;15
28381;2845;1;1008;50
28382;2846;1;1469;50
28383;2847;1;1469;50
28384;2848;1;2895;50
28385;2849;1;2895;50
28386;2850;1;1469;50
28387;2851;1;2895;50
28388;2852;1;1469;50
28389;2853;1;3075;50
28390;2854;1;2019;50
28391;2855;1;1032;50
28392;2856;1;353;50
28393;2857;1;2703;50
28394;2858;1;1032;50
28395;2859;1;2703;50
28396;2860;1;1663;50
28397;2861;1;94;50
28398;2862;1;94;50
28399;2863;1;588;50
28400;2864;1;94;50
28401;2865;1;94;50
28402;2866;1;1749;50
28403;2867;1;2859;50
28404;2868;1;1749;50
28405;2869;1;1749;50
28406;2870;1;588;50
28407;2871;1;2677;50
28408;2872;1;1868;50
28409;2873;1;1562;50
28410;2874;1;1034;50
28411;2875;1;1868;50
28412;2876;1;1034;50
28413;2877;1;71;50
28414;2878;1;1056;50
28415;2879;1;71;50
28416;2880;1;2930;50
28417;2881;1;1389;50
28418;2882;1;3087;50
28419;2883;1;720;50
28420;2884;1;1389;50
28421;2885;1;1680;50
28422;2886;1;1389;50
28423;2887;1;270;50
28424;2888;1;102;50
28425;2889;1;1529;50
28426;2890;1;458;50
28427;2891;1;91;50
28428;2892;1;1897;50
28429;2893;1;91;50
28430;2894;1;2426;50
28431;2895;1;91;50
28432;4809;1;1423;10
28433;4810;1;1469;10
28434;4811;1;2895;10
28435;4812;1;1469;10
28436;4813;1;2895;10
28437;4814;1;463;10
28438;4815;1;1469;10
28439;4816;1;604;10
28440;4817;1;2019;10
28441;4818;1;2703;10
28442;4819;1;1575;10
28443;4820;1;2928;10
28444;4821;1;588;10
28445;4822;1;588;10
28446;4823;1;588;10
28447;4824;1;1749;10
28448;4825;1;1749;10
28449;4826;1;1749;10
28450;4827;1;588;10
28451;4828;1;588;10
28452;4829;1;1868;10
28453;4830;1;1034;10
28454;4831;1;1868;10
28455;4832;1;2859;10
28456;4833;1;2859;10
28457;4834;1;71;10
28458;4835;1;215;10
28459;4836;1;215;10
28460;4837;1;2930;10
28461;4838;1;1435;10
28462;4839;1;588;10
28463;4840;1;588;10
28464;4841;1;1389;10
28465;4842;1;1680;10
28466;4843;1;458;10
28467;4844;1;2930;10
28468;4845;1;458;10
28469;4846;1;1680;10
28470;4847;1;1680;10
28471;4848;1;91;10
28472;4849;1;2476;10
28473;4850;1;2476;10
28474;4851;1;2476;10
28475;4852;1;2426;10
28476;4496;1;2440;15
28477;4497;1;3351;15
28478;6432;1;470;10
28479;6433;1;2559;10
28480;6434;1;3351;10
28481;4655;1;967;15
28482;6628;1;967;10
28483;3830;1;807;25
28484;3831;1;593;25
28485;3832;1;2081;25
28486;3833;1;2448;25
28487;3834;1;2448;25
28488;3835;1;2595;25
28489;3836;1;2448;25
28490;3837;1;666;25
28491;3838;1;2448;25
28492;3839;1;1501;25
28493;3840;1;2448;25
28494;3841;1;722;25
28495;3842;1;1501;25
28496;3843;1;2448;25
28497;3844;1;292;25
28498;3845;1;722;25
28499;3846;1;292;25
28500;3847;1;477;25
28501;3848;1;1501;25
28502;3849;1;3284;25
28503;3850;1;477;25
28504;5760;1;1878;10
28505;5761;1;593;10
28506;5762;1;2484;10
28507;5763;1;340;10
28508;5764;1;1003;10
28509;5765;1;593;10
28510;5766;1;2415;10
28511;5767;1;1709;10
28512;5768;1;988;10
28513;5769;1;1501;10
28514;5770;1;669;10
28515;5771;1;669;10
28516;5772;1;292;10
28517;5773;1;611;10
28518;5774;1;292;10
28519;5775;1;611;10
28520;5776;1;292;10
28521;5777;1;477;10
28522;5778;1;292;10
28523;5779;1;292;10
28524;5780;1;477;10
28525;4016;1;3113;15
28526;4017;1;2334;15
28527;4018;1;3180;15
28528;4019;1;3181;15
28529;4020;1;2918;15
28530;4021;1;977;15
28531;4022;1;3177;15
28532;4023;1;3293;15
28533;4024;1;3347;15
28534;5626;1;3179;10
28535;5627;1;1718;10
28536;5628;1;1718;10
28537;5629;1;2749;10
28538;5630;1;1365;10
28539;5631;1;1093;10
28540;5632;1;3114;10
28541;5633;1;3288;10
28542;5634;1;3342;10
28543;3522;1;15;25
28544;3523;1;15;25
28545;3524;1;153;25
28546;3525;1;1977;25
28547;3526;1;987;25
28548;3527;1;2283;25
28549;3528;1;143;25
28550;3529;1;1895;25
28551;3530;1;2667;25
28552;3531;1;143;25
28553;3532;1;675;25
28554;3533;1;3108;25
28555;3534;1;3108;25
28556;3535;1;1805;25
28557;3536;1;1805;25
28558;3537;1;3038;25
28559;3538;1;1716;25
28560;3539;1;1860;25
28561;3540;1;1855;25
28562;3541;1;1530;25
28563;3542;1;407;25
28564;3543;1;1739;25
28565;3544;1;1343;25
28566;3545;1;724;25
28567;3546;1;724;25
28568;3547;1;2474;25
28569;3548;1;3321;25
28570;5635;1;153;10
28571;5636;1;143;10
28572;5637;1;987;10
28573;5638;1;987;10
28574;5639;1;1977;10
28575;5640;1;2667;10
28576;5641;1;2232;10
28577;5642;1;1977;10
28578;5643;1;143;10
28579;5644;1;143;10
28580;5645;1;143;10
28581;5646;1;1977;10
28582;5647;1;1977;10
28583;5648;1;2724;10
28584;5649;1;2724;10
28585;5650;1;134;10
28586;5651;1;134;10
28587;5652;1;134;10
28588;5653;1;2724;10
28589;5654;1;2724;10
28590;5655;1;134;10
28591;5656;1;2724;10
28592;5657;1;1739;10
28593;5658;1;1739;10
28594;5659;1;724;10
28595;5660;1;724;10
28596;4125;1;1479;15
28597;4126;1;46;15
28598;4127;1;1925;15
28599;4128;1;1923;15
28600;4129;1;2129;15
28601;4130;1;3146;15
28602;4131;1;14;15
28603;4132;1;1925;15
28604;4133;1;763;15
28605;4134;1;2475;15
28606;4135;1;1925;15
28607;4136;1;1925;15
28608;4137;1;2291;15
28609;4138;1;1973;15
28610;4139;1;2196;15
28611;4140;1;632;15
28612;4141;1;1610;15
28613;4142;1;733;15
28614;4143;1;733;15
28615;4144;1;14;15
28616;6037;1;1368;10
28617;6038;1;2619;10
28618;6039;1;76;10
28619;6040;1;2619;10
28620;6041;1;2555;10
28621;6042;1;2291;10
28622;6043;1;2291;10
28623;6044;1;2291;10
28624;6045;1;2291;10
28625;6046;1;763;10
28626;6047;1;1528;10
28627;6048;1;2196;10
28628;6049;1;2196;10
28629;6050;1;1973;10
28630;6051;1;1973;10
28631;6052;1;2196;10
28632;6053;1;915;10
28633;6054;1;2196;10
28634;6055;1;2291;10
28635;6056;1;3334;10
28636;3931;1;3095;25
28637;3932;1;3095;25
28638;3933;1;2041;25
28639;3934;1;2041;25
28640;3935;1;2170;25
28641;3936;1;2170;25
28642;3937;1;282;25
28643;3938;1;2170;25
28644;3939;1;2170;25
28645;3940;1;2170;25
28646;3941;1;2170;25
28647;3942;1;2170;25
28648;3943;1;1902;25
28649;3944;1;1902;25
28650;3945;1;1902;25
28651;3946;1;2117;25
28652;3947;1;1905;25
28653;3948;1;1905;25
28654;3949;1;3357;25
28655;6057;1;1259;10
28656;6058;1;1259;10
28657;6059;1;3095;10
28658;6060;1;2170;10
28659;6061;1;1327;10
28660;6062;1;2170;10
28661;6063;1;2170;10
28662;6064;1;2170;10
28663;6065;1;2170;10
28664;6066;1;2170;10
28665;6067;1;2170;10
28666;6068;1;2170;10
28667;6069;1;2170;10
28668;6070;1;2170;10
28669;6071;1;2170;10
28670;6072;1;2170;10
28671;6073;1;2170;10
28672;6074;1;2170;10
28673;6075;1;1905;10
28674;6076;1;3352;10
28675;3998;1;2405;15
28676;3999;1;3152;15
28677;4000;1;3164;15
28678;4001;1;3152;15
28679;4002;1;3142;15
28680;4003;1;3166;15
28681;4004;1;3156;15
28682;4005;1;3166;15
28683;4006;1;299;15
28684;4007;1;299;15
28685;4008;1;299;15
28686;4009;1;299;15
28687;4010;1;3156;15
28688;4011;1;299;15
28689;4012;1;330;15
28690;4013;1;299;15
28691;4014;1;299;15
28692;4015;1;2078;15
28693;5781;1;3164;10
28694;5782;1;3164;10
28695;5783;1;3152;10
28696;5784;1;3164;10
28697;5785;1;655;10
28698;5786;1;655;10
28699;5787;1;3152;10
28700;5788;1;2078;10
28701;5789;1;3166;10
28702;5790;1;299;10
28703;5791;1;2078;10
28704;5792;1;299;10
28705;5793;1;693;10
28706;5794;1;299;10
28707;5795;1;299;10
28708;5796;1;2078;10
28709;4215;1;1046;15
28710;4216;1;1046;15
28711;4217;1;1046;15
28712;4218;1;1046;15
28713;4219;1;1046;15
28714;4220;1;1046;15
28715;4221;1;1046;15
28716;4222;1;1770;15
28717;4223;1;1770;15
28718;4224;1;1770;15
28719;6181;1;1046;10
28720;6182;1;1046;10
28721;6183;1;1046;10
28722;6184;1;1046;10
28723;6185;1;1046;10
28724;6186;1;1046;10
28725;6187;1;1770;10
28726;6188;1;2077;10
28727;6189;1;2077;10
28728;6190;1;1770;10
28729;4109;1;803;15
28730;4110;1;803;15
28731;4111;1;712;15
28732;4112;1;288;15
28733;4113;1;288;15
28734;4114;1;1504;15
28735;4115;1;288;15
28736;4116;1;288;15
28737;4117;1;288;15
28738;4118;1;288;15
28739;4119;1;288;15
28740;4120;1;288;15
28741;4121;1;288;15
28742;4122;1;288;15
28743;4123;1;288;15
28744;4124;1;3358;15
28745;5971;1;803;10
28746;5972;1;803;10
28747;5973;1;2050;10
28748;5974;1;288;10
28749;5975;1;1504;10
28750;5976;1;288;10
28751;5977;1;2050;10
28752;5978;1;288;10
28753;5979;1;288;10
28754;5980;1;288;10
28755;5981;1;288;10
28756;5982;1;288;10
28757;5983;1;288;10
28758;5984;1;288;10
28759;5985;1;3343;10
28760;3632;1;1443;25
28761;3633;1;1701;25
28762;3634;1;2715;25
28763;3635;1;1443;25
28764;3636;1;2201;25
28765;3637;1;409;25
28766;3638;1;1634;25
28767;3639;1;1634;25
28768;3640;1;1634;25
28769;3641;1;1443;25
28770;3642;1;1188;25
28771;3643;1;2098;25
28772;3644;1;1188;25
28773;3645;1;1634;25
28774;3646;1;2098;25
28775;3647;1;2098;25
28776;3648;1;2098;25
28777;3649;1;2099;25
28778;3650;1;2099;25
28779;3651;1;2489;25
28780;3652;1;2099;25
28781;3653;1;2099;25
28782;3654;1;2099;25
28783;3655;1;2099;25
28784;3656;1;2368;25
28785;3657;1;1308;25
28786;3658;1;2962;25
28787;3659;1;1308;25
28788;3660;1;2962;25
28789;3661;1;2962;25
28790;3662;1;1308;25
28791;3663;1;3303;25
28792;3664;1;3246;25
28793;5268;1;2715;10
28794;5269;1;2567;10
28795;5270;1;2715;10
28796;5271;1;2488;10
28797;5272;1;1622;10
28798;5273;1;1634;10
28799;5274;1;1634;10
28800;5275;1;1634;10
28801;5276;1;1634;10
28802;5277;1;1634;10
28803;5278;1;1188;10
28804;5279;1;1443;10
28805;5280;1;1634;10
28806;5281;1;2961;10
28807;5282;1;1308;10
28808;5283;1;2961;10
28809;5284;1;2099;10
28810;5285;1;2099;10
28811;5286;1;1308;10
28812;5287;1;2099;10
28813;5288;1;2099;10
28814;5289;1;2099;10
28815;5290;1;2099;10
28816;5291;1;2368;10
28817;5292;1;2959;10
28818;5293;1;2959;10
28819;5294;1;2368;10
28820;5295;1;2368;10
28821;5296;1;715;10
28822;5297;1;825;10
28823;5298;1;3250;10
28824;5299;1;3250;10
28825;5267;1;1700;10
28826;2987;1;1160;50
28827;2988;1;1160;50
28828;2989;1;1160;50
28829;2990;1;1797;50
28830;2991;1;1495;50
28831;2992;1;1160;50
28832;2993;1;1160;50
28833;2994;1;1117;50
28834;2995;1;1495;50
28835;2996;1;1495;50
28836;2997;1;1495;50
28837;2998;1;2682;50
28838;2999;1;2682;50
28839;3000;1;2582;50
28840;3001;1;2582;50
28841;3002;1;1160;50
28842;3003;1;2582;50
28843;3004;1;2582;50
28844;3005;1;216;50
28845;3006;1;2168;50
28846;3007;1;1775;50
28847;3008;1;1775;50
28848;3009;1;1775;50
28849;3010;1;2495;50
28850;3011;1;751;50
28851;3012;1;1751;50
28852;3013;1;1492;50
28853;3014;1;1751;50
28854;3015;1;1751;50
28855;3016;1;274;50
28856;3017;1;1441;50
28857;3018;1;493;50
28858;3019;1;1462;50
28859;3020;1;108;50
28860;3021;1;108;50
28861;3022;1;875;50
28862;3023;1;436;50
28863;3024;1;108;50
28864;3025;1;108;50
28865;3026;1;875;50
28866;3027;1;108;50
28867;3028;1;500;50
28868;3029;1;2556;50
28869;3030;1;2556;50
28870;3031;1;3359;50
28871;5011;1;1160;10
28872;5012;1;1779;10
28873;5013;1;1495;10
28874;5014;1;1495;10
28875;5015;1;1117;10
28876;5016;1;1117;10
28877;5017;1;1117;10
28878;5018;1;1117;10
28879;5019;1;1117;10
28880;5020;1;1117;10
28881;5021;1;1117;10
28882;5022;1;1798;10
28883;5023;1;2872;10
28884;5024;1;1817;10
28885;5025;1;1160;10
28886;5026;1;2150;10
28887;5027;1;1775;10
28888;5028;1;1775;10
28889;5029;1;1775;10
28890;5030;1;1775;10
28891;5031;1;1775;10
28892;5032;1;2167;10
28893;5033;1;751;10
28894;5034;1;1751;10
28895;5035;1;3002;10
28896;5036;1;1751;10
28897;5037;1;1751;10
28898;5038;1;274;10
28899;5039;1;274;10
28900;5040;1;493;10
28901;5041;1;274;10
28902;5042;1;1441;10
28903;5043;1;2581;10
28904;5044;1;500;10
28905;5045;1;500;10
28906;5046;1;500;10
28907;5047;1;1823;10
28908;5048;1;108;10
28909;5049;1;875;10
28910;5050;1;875;10
28911;5051;1;875;10
28912;5052;1;875;10
28913;5053;1;2556;10
28914;4415;1;1417;15
28915;4416;1;1417;15
28916;4417;1;1417;15
28917;4418;1;505;15
28918;4419;1;505;15
28919;4420;1;505;15
28920;4421;1;1417;15
28921;4422;1;1017;15
28922;4423;1;3294;15
28923;4424;1;3294;15
28924;6484;1;1169;10
28925;6485;1;1417;10
28926;6486;1;1417;10
28927;6487;1;1417;10
28928;6488;1;2313;10
28929;6489;1;1417;10
28930;6490;1;1417;10
28931;6491;1;1417;10
28932;6492;1;2233;10
28933;6493;1;3294;10
28934;6494;1;3294;10
28935;4505;1;1989;15
28936;4506;1;2308;15
28937;4507;1;1316;15
28938;4508;1;2219;15
28939;4509;1;2658;15
28940;4510;1;2219;15
28941;4511;1;2219;15
28942;4512;1;920;15
28943;4513;1;135;15
28944;4514;1;2219;15
28945;4515;1;3320;15
28946;6446;1;1989;10
28947;6447;1;1989;10
28948;6448;1;1316;10
28949;6449;1;2219;10
28950;6450;1;2658;10
28951;6451;1;2369;10
28952;6452;1;2219;10
28953;6453;1;2219;10
28954;6454;1;2473;10
28955;6455;1;2219;10
28956;6456;1;2219;10
28957;6457;1;2219;10
28958;4742;1;758;15
28959;4743;1;758;15
28960;4744;1;758;15
28961;6705;1;758;10
28962;6706;1;758;10
28963;6707;1;758;10
28964;4257;1;944;15
28965;4258;1;944;15
28966;4259;1;944;15
28967;4260;1;944;15
28968;4261;1;944;15
28969;4262;1;137;15
28970;4263;1;1231;15
28971;4264;1;3130;15
28972;4265;1;944;15
28973;4266;1;3130;15
28974;4267;1;944;15
28975;4268;1;12;15
28976;4269;1;2717;15
28977;4270;1;1231;15
28978;4271;1;1231;15
28979;4272;1;2717;15
28980;4273;1;2717;15
28981;4274;1;2717;15
28982;4275;1;2717;15
28983;6225;1;944;10
28984;6226;1;944;10
28985;6227;1;944;10
28986;6228;1;944;10
28987;6229;1;944;10
28988;6230;1;3130;10
28989;6231;1;137;10
28990;6232;1;3130;10
28991;6233;1;944;10
28992;6234;1;137;10
28993;6235;1;944;10
28994;6236;1;2620;10
28995;6237;1;3130;10
28996;6238;1;3130;10
28997;6239;1;1480;10
28998;6240;1;2717;10
28999;6241;1;2647;10
29000;6242;1;2717;10
29001;6243;1;2717;10
29002;4618;1;3110;15
29003;4619;1;3110;15
29004;4620;1;2256;15
29005;4621;1;3153;15
29006;4622;1;3127;15
29007;4623;1;658;15
29008;4624;1;404;15
29009;4625;1;2226;15
29010;4626;1;1607;15
29011;4627;1;1607;15
29012;4628;1;2226;15
29013;6561;1;3110;10
29014;6562;1;3110;10
29015;6563;1;2256;10
29016;6564;1;2256;10
29017;6565;1;2256;10
29018;6566;1;11;10
29019;6567;1;658;10
29020;6568;1;10;10
29021;6569;1;10;10
29022;6570;1;2226;10
29023;3873;1;1090;25
29024;3874;1;1090;25
29025;3875;1;1090;25
29026;3876;1;1090;25
29027;3877;1;1876;25
29028;3878;1;1090;25
29029;3879;1;1090;25
29030;3880;1;1090;25
29031;3881;1;1732;25
29032;3882;1;1732;25
29033;3883;1;1731;25
29034;3884;1;1569;25
29035;3885;1;1569;25
29036;3886;1;1731;25
29037;3887;1;1731;25
29038;3888;1;32;25
29039;3889;1;32;25
29040;3890;1;246;25
29041;3891;1;1656;25
29042;3892;1;1656;25
29043;3893;1;3231;25
29044;5797;1;1133;10
29045;5798;1;2580;10
29046;5799;1;1090;10
29047;5800;1;1090;10
29048;5801;1;1090;10
29049;5802;1;1090;10
29050;5803;1;1731;10
29051;5804;1;1090;10
29052;5805;1;1090;10
29053;5806;1;1090;10
29054;5807;1;1732;10
29055;5808;1;1732;10
29056;5809;1;1732;10
29057;5810;1;1732;10
29058;5811;1;1732;10
29059;5812;1;1732;10
29060;5813;1;1732;10
29061;5814;1;2039;10
29062;5815;1;2039;10
29063;5816;1;1613;10
29064;5817;1;1656;10
29065;5818;1;1656;10
29066;5819;1;1656;10
29067;4659;1;956;15
29068;4660;1;2720;15
29069;4661;1;2720;15
29070;4662;1;3008;15
29071;4663;1;2998;15
29072;4664;1;2998;15
29073;4665;1;2720;15
29074;4666;1;3354;15
29075;6576;1;956;10
29076;6577;1;956;10
29077;6578;1;956;10
29078;6579;1;2720;10
29079;6580;1;398;10
29080;6581;1;2998;10
29081;6582;1;2998;10
29082;6583;1;3308;10
29083;6584;1;398;10
29084;4634;1;393;15
29085;3312;1;2586;25
29086;3313;1;312;25
29087;3314;1;312;25
29088;3315;1;2519;25
29089;3316;1;312;25
29090;3317;1;312;25
29091;3318;1;2519;25
29092;3319;1;2435;25
29093;3320;1;1157;25
29094;3321;1;2519;25
29095;3322;1;1183;25
29096;3323;1;2955;25
29097;3324;1;2825;25
29098;3325;1;2547;25
29099;3326;1;2646;25
29100;3327;1;2955;25
29101;3328;1;2047;25
29102;3329;1;2516;25
29103;3330;1;2679;25
29104;3331;1;2679;25
29105;3332;1;2797;25
29106;3333;1;2516;25
29107;3334;1;2516;25
29108;3335;1;1875;25
29109;3336;1;2980;25
29110;3337;1;2516;25
29111;3338;1;1899;25
29112;3339;1;2980;25
29113;3340;1;2209;25
29114;3341;1;441;25
29115;3342;1;441;25
29116;3343;1;2516;25
29117;3344;1;1813;25
29118;3345;1;1813;25
29119;3346;1;1813;25
29120;3347;1;1813;25
29121;3348;1;1813;25
29122;3349;1;1813;25
29123;3350;1;1813;25
29124;3351;1;2514;25
29125;3352;1;2205;25
29126;3353;1;285;25
29127;3354;1;273;25
29128;3355;1;273;25
29129;3356;1;273;25
29130;3357;1;273;25
29131;4903;1;312;10
29132;4904;1;312;10
29133;4905;1;312;10
29134;4906;1;312;10
29135;4907;1;312;10
29136;4908;1;312;10
29137;4909;1;1183;10
29138;4910;1;1183;10
29139;4911;1;2955;10
29140;4912;1;2955;10
29141;4913;1;2646;10
29142;4914;1;2955;10
29143;4915;1;2955;10
29144;4916;1;38;10
29145;4917;1;38;10
29146;4918;1;2516;10
29147;4919;1;2679;10
29148;4920;1;2679;10
29149;4921;1;2714;10
29150;4922;1;1621;10
29151;4923;1;2980;10
29152;4924;1;2980;10
29153;4925;1;2980;10
29154;4926;1;2480;10
29155;4927;1;2980;10
29156;4928;1;252;10
29157;4929;1;1158;10
29158;4930;1;225;10
29159;4931;1;2516;10
29160;4932;1;251;10
29161;4933;1;2714;10
29162;4934;1;1813;10
29163;4935;1;1813;10
29164;4936;1;1813;10
29165;4937;1;1813;10
29166;4938;1;1813;10
29167;4939;1;2205;10
29168;4940;1;2205;10
29169;4941;1;2981;10
29170;4942;1;273;10
29171;4943;1;273;10
29172;4944;1;273;10
29173;4945;1;273;10
29174;2338;1;1835;50
29175;2339;1;1324;50
29176;2340;1;1324;50
29177;2341;1;2388;50
29178;2342;1;1863;50
29179;2343;1;1736;50
29180;2344;1;1736;50
29181;2345;1;1736;50
29182;2346;1;1736;50
29183;2347;1;2573;50
29184;2348;1;1736;50
29185;2349;1;1736;50
29186;2350;1;1736;50
29187;2351;1;179;50
29188;2352;1;1736;50
29189;2353;1;1061;50
29190;2354;1;1736;50
29191;2355;1;518;50
29192;2356;1;1033;50
29193;2357;1;1033;50
29194;2358;1;269;50
29195;2359;1;1033;50
29196;2360;1;811;50
29197;2361;1;1033;50
29198;2362;1;1033;50
29199;2363;1;1033;50
29200;2364;1;1033;50
29201;2365;1;516;50
29202;2366;1;1323;50
29203;2367;1;1323;50
29204;2368;1;1323;50
29205;2369;1;1323;50
29206;2370;1;1323;50
29207;2371;1;1323;50
29208;2372;1;1323;50
29209;2373;1;1323;50
29210;2374;1;1323;50
29211;2375;1;1323;50
29212;2376;1;1323;50
29213;2377;1;486;50
29214;2378;1;2057;50
29215;2379;1;1323;50
29216;2380;1;2057;50
29217;2381;1;517;50
29218;2382;1;1323;50
29219;2383;1;486;50
29220;2384;1;2899;50
29221;2385;1;1323;50
29222;2386;1;1323;50
29223;2387;1;1323;50
29224;2388;1;1323;50
29225;2389;1;1887;50
29226;2390;1;2822;50
29227;2391;1;1323;50
29228;2392;1;1887;50
29229;2393;1;1323;50
29230;2394;1;767;50
29231;2395;1;1323;50
29232;2396;1;546;50
29233;2397;1;2158;50
29234;2398;1;546;50
29235;2399;1;2060;50
29236;2400;1;822;50
29237;2401;1;2487;50
29238;2402;1;2487;50
29239;2403;1;767;50
29240;2404;1;522;50
29241;2405;1;317;50
29242;2406;1;1279;50
29243;2407;1;320;50
29244;2408;1;952;50
29245;2409;1;320;50
29246;2410;1;3092;50
29247;2411;1;1447;50
29248;2412;1;2012;50
29249;5453;1;1323;10
29250;5454;1;2057;10
29251;5455;1;486;10
29252;5456;1;45;10
29253;5457;1;1323;10
29254;5458;1;1323;10
29255;5459;1;1323;10
29256;5460;1;1323;10
29257;5461;1;1323;10
29258;5462;1;767;10
29259;5463;1;767;10
29260;5464;1;1323;10
29261;5465;1;2114;10
29262;5466;1;1323;10
29263;5467;1;1323;10
29264;5468;1;1323;10
29265;5469;1;1323;10
29266;5470;1;2487;10
29267;5471;1;2487;10
29268;5472;1;2487;10
29269;5473;1;320;10
29270;5474;1;320;10
29271;5475;1;320;10
29272;5476;1;320;10
29273;5477;1;2727;10
29274;5478;1;1447;10
29275;5479;1;320;10
29276;5480;1;320;10
29277;5481;1;501;10
29278;5482;1;320;10
29279;5483;1;501;10
29280;4495;1;3028;15
29281;6430;1;980;10
29282;3172;1;802;25
29283;3173;1;802;25
29284;3174;1;802;25
29285;3175;1;1485;25
29286;3176;1;1485;25
29287;3177;1;814;25
29288;3178;1;814;25
29289;3179;1;164;25
29290;3180;1;2568;25
29291;3181;1;1120;25
29292;3182;1;2568;25
29293;3183;1;2568;25
29294;3184;1;2568;25
29295;3185;1;2897;25
29296;3186;1;166;25
29297;3187;1;166;25
29298;3188;1;166;25
29299;3189;1;1140;25
29300;3190;1;1140;25
29301;3191;1;1140;25
29302;3192;1;1140;25
29303;3193;1;1140;25
29304;3194;1;1019;25
29305;3195;1;2176;25
29306;3196;1;2503;25
29307;3197;1;2503;25
29308;3198;1;188;25
29309;3199;1;2503;25
29310;3200;1;1019;25
29311;2670;1;2246;50
29312;2671;1;1210;50
29313;2672;1;1210;50
29314;2673;1;3023;50
29315;2674;1;1060;50
29316;2675;1;1060;50
29317;2676;1;1210;50
29318;2677;1;2003;50
29319;2678;1;360;50
29320;2679;1;360;50
29321;2680;1;360;50
29322;2681;1;360;50
29323;2682;1;1012;50
29324;2683;1;360;50
29325;2684;1;360;50
29326;2685;1;2663;50
29327;2686;1;2663;50
29328;2687;1;3026;50
29329;2688;1;3026;50
29330;2689;1;1202;50
29331;2690;1;3100;50
29332;2691;1;1142;50
29333;2692;1;1142;50
29334;2693;1;3100;50
29335;2694;1;599;50
29336;2695;1;2563;50
29337;2696;1;1107;50
29338;2697;1;3100;50
29339;2698;1;1107;50
29340;2699;1;1107;50
29341;2700;1;1107;50
29342;2701;1;1107;50
29343;2702;1;2503;50
29344;2703;1;1420;50
29345;2704;1;3003;50
29346;2705;1;2503;50
29347;2706;1;2563;50
29348;2707;1;600;50
29349;2708;1;1859;50
29350;2709;1;1859;50
29351;2710;1;1195;50
29352;2711;1;521;50
29353;2712;1;1195;50
29354;2713;1;1420;50
29355;2714;1;3003;50
29356;2715;1;1768;50
29357;2716;1;3003;50
29358;2717;1;2190;50
29359;2718;1;1772;50
29360;2719;1;1720;50
29361;2720;1;1768;50
29362;2721;1;1768;50
29363;2722;1;1768;50
29364;2723;1;1720;50
29365;2724;1;1720;50
29366;2725;1;1007;50
29367;2726;1;1007;50
29368;5391;1;3070;10
29369;5392;1;1107;10
29370;5393;1;1107;10
29371;5394;1;1107;10
29372;5395;1;1420;10
29373;5396;1;1420;10
29374;5397;1;1107;10
29375;5398;1;1420;10
29376;5399;1;1107;10
29377;5400;1;1420;10
29378;5401;1;1420;10
29379;5402;1;1420;10
29380;5403;1;521;10
29381;5404;1;1107;10
29382;5405;1;1107;10
29383;5406;1;3003;10
29384;5407;1;1420;10
29385;5408;1;1420;10
29386;5409;1;1420;10
29387;5410;1;1768;10
29388;5411;1;1768;10
29389;5412;1;2190;10
29390;5413;1;3003;10
29391;5414;1;3003;10
29392;5415;1;1768;10
29393;5416;1;1772;10
29394;5417;1;1768;10
29395;5418;1;1768;10
29396;5419;1;2190;10
29397;5420;1;2190;10
29398;5421;1;286;10
29399;4069;1;777;15
29400;4070;1;794;15
29401;4071;1;777;15
29402;4072;1;777;15
29403;4073;1;156;15
29404;4074;1;156;15
29405;4075;1;156;15
29406;4076;1;156;15
29407;4077;1;808;15
29408;4078;1;808;15
29409;4079;1;808;15
29410;4080;1;808;15
29411;4081;1;795;15
29412;4082;1;3066;15
29413;4083;1;297;15
29414;4084;1;3066;15
29415;4085;1;297;15
29416;4086;1;297;15
29417;4087;1;297;15
29418;4088;1;315;15
29419;4089;1;3066;15
29420;4090;1;3066;15
29421;4091;1;297;15
29422;4092;1;297;15
29423;4093;1;297;15
29424;5931;1;156;10
29425;5932;1;508;10
29426;5933;1;508;10
29427;5934;1;156;10
29428;5935;1;156;10
29429;5936;1;808;10
29430;5937;1;808;10
29431;5938;1;808;10
29432;5939;1;808;10
29433;5940;1;808;10
29434;5941;1;808;10
29435;5942;1;808;10
29436;5943;1;795;10
29437;5944;1;315;10
29438;5945;1;3066;10
29439;5946;1;795;10
29440;5947;1;795;10
29441;5948;1;3066;10
29442;5949;1;795;10
29443;5950;1;3066;10
29444;5951;1;795;10
29445;5952;1;297;10
29446;5953;1;297;10
29447;5954;1;3066;10
29448;5955;1;3066;10
29449;4707;1;1842;15
29450;6685;1;1842;10
29451;4725;1;2929;15
29452;4726;1;3366;15
29453;6688;1;2929;10
29454;6689;1;3314;10
29455;6690;1;3370;10
29456;4516;1;1826;15
29457;4517;1;644;15
29458;4518;1;644;15
29459;4519;1;1313;15
29460;4520;1;644;15
29461;4521;1;2359;15
29462;4522;1;1313;15
29463;4523;1;1313;15
29464;4524;1;1313;15
29465;4525;1;1313;15
29466;4526;1;1313;15
29467;4527;1;1313;15
29468;4528;1;1313;15
29469;6458;1;577;10
29470;6459;1;1981;10
29471;6460;1;165;10
29472;6461;1;644;10
29473;6462;1;165;10
29474;6463;1;165;10
29475;6464;1;2359;10
29476;6465;1;2359;10
29477;6466;1;2478;10
29478;6467;1;1313;10
29479;6468;1;1313;10
29480;6469;1;1313;10
29481;6470;1;1313;10
29482;6471;1;1313;10
29483;4442;1;1928;15
29484;4443;1;1126;15
29485;4444;1;1126;15
29486;4445;1;581;15
29487;4446;1;2287;15
29488;4447;1;581;15
29489;4448;1;581;15
29490;6507;1;581;10
29491;6508;1;581;10
29492;6509;1;581;10
29493;6510;1;581;10
29494;4680;1;195;15
29495;4681;1;1468;15
29496;4682;1;1743;15
29497;4683;1;1743;15
29498;4684;1;1743;15
29499;4685;1;2385;15
29500;4686;1;1743;15
29501;6659;1;195;10
29502;6660;1;1743;10
29503;6661;1;1743;10
29504;6662;1;2385;10
29505;6663;1;3311;10
29506;6664;1;1743;10
29507;4025;1;3147;15
29508;4026;1;3147;15
29509;4027;1;1173;15
29510;4028;1;3128;15
29511;4029;1;3128;15
29512;4030;1;3128;15
29513;4031;1;2162;15
29514;4032;1;2162;15
29515;4033;1;2162;15
29516;4034;1;3136;15
29517;4035;1;2444;15
29518;4036;1;3136;15
29519;4037;1;1608;15
29520;4038;1;1687;15
29521;4039;1;1687;15
29522;4040;1;1687;15
29523;5820;1;3147;10
29524;5821;1;3128;10
29525;5822;1;3128;10
29526;5823;1;2444;10
29527;5824;1;3136;10
29528;5825;1;2444;10
29529;5826;1;3136;10
29530;5827;1;1714;10
29531;5828;1;1608;10
29532;5829;1;1714;10
29533;5830;1;1714;10
29534;5831;1;1687;10
29535;3446;1;1;25
29536;3447;1;1;25
29537;3448;1;1186;25
29538;3449;1;361;25
29539;3450;1;361;25
29540;3451;1;931;25
29541;3452;1;640;25
29542;3453;1;931;25
29543;3454;1;3083;25
29544;3455;1;3083;25
29545;3456;1;3083;25
29546;3457;1;3083;25
29547;3458;1;3083;25
29548;3459;1;2089;25
29549;3460;1;3083;25
29550;3461;1;2244;25
29551;3462;1;2244;25
29552;3463;1;2244;25
29553;3464;1;203;25
29554;3465;1;2244;25
29555;3466;1;1628;25
29556;3467;1;203;25
29557;3468;1;203;25
29558;3469;1;727;25
29559;3470;1;727;25
29560;3471;1;727;25
29561;3472;1;2244;25
29562;3473;1;2244;25
29563;3474;1;341;25
29564;3475;1;3190;25
29565;3476;1;1507;25
29566;3477;1;1507;25
29567;3478;1;1507;25
29568;3479;1;1507;25
29569;3480;1;1507;25
29570;3481;1;1507;25
29571;5168;1;361;10
29572;5169;1;931;10
29573;5170;1;931;10
29574;5171;1;3084;10
29575;5172;1;3083;10
29576;5173;1;1508;10
29577;5174;1;2566;10
29578;5175;1;2566;10
29579;5176;1;900;10
29580;5177;1;900;10
29581;5178;1;727;10
29582;5179;1;727;10
29583;5180;1;2244;10
29584;5181;1;199;10
29585;5182;1;199;10
29586;5183;1;1628;10
29587;5184;1;1018;10
29588;5185;1;2244;10
29589;5186;1;3081;10
29590;5187;1;3081;10
29591;5188;1;2244;10
29592;5189;1;2244;10
29593;5190;1;17;10
29594;5191;1;3081;10
29595;5192;1;341;10
29596;5193;1;1507;10
29597;5194;1;1507;10
29598;5195;1;1507;10
29599;5196;1;3290;10
29600;5197;1;3290;10
29601;4459;1;935;15
29602;4460;1;302;15
29603;4461;1;1470;15
29604;4462;1;403;15
29605;4463;1;1988;15
29606;4464;1;406;15
29607;4465;1;950;15
29608;4466;1;908;15
29609;4467;1;27;15
29610;4468;1;27;15
29611;4469;1;27;15
29612;4470;1;2764;15
29613;4471;1;1104;15
29614;4472;1;1104;15
29615;4473;1;1104;15
29616;4474;1;3360;15
29617;6387;1;1470;10
29618;6388;1;304;10
29619;6389;1;1470;10
29620;6390;1;403;10
29621;6391;1;403;10
29622;6392;1;403;10
29623;6393;1;403;10
29624;6394;1;27;10
29625;6395;1;2539;10
29626;6396;1;27;10
29627;6397;1;27;10
29628;6398;1;27;10
29629;6399;1;1104;10
29630;6400;1;1104;10
29631;6401;1;1104;10
29632;6402;1;1104;10
29633;4225;1;1101;15
29634;4226;1;2326;15
29635;4227;1;1877;15
29636;4228;1;1898;15
29637;4229;1;396;15
29638;4230;1;1724;15
29639;4231;1;397;15
29640;4232;1;1918;15
29641;4233;1;2659;15
29642;4234;1;2892;15
29643;4235;1;2820;15
29644;4236;1;2892;15
29645;4237;1;2892;15
29646;4237;1;3319;15
29647;6191;1;520;10
29648;6192;1;2326;10
29649;6193;1;2851;10
29650;6194;1;2851;10
29651;6195;1;2851;10
29652;6196;1;520;10
29653;6197;1;2633;10
29654;6198;1;397;10
29655;6199;1;2633;10
29656;6200;1;2659;10
29657;6201;1;2140;10
29658;6202;1;2522;10
29659;6203;1;1563;10
29660;6204;1;3278;10
29661;6204;1;3318;10
29662;4391;1;2999;15
29663;4392;1;3138;15
29664;4393;1;3138;15
29665;4394;1;332;15
29666;4395;1;631;15
29667;4396;1;332;15
29668;4397;1;332;15
29669;4398;1;332;15
29670;4399;1;332;15
29671;6652;1;3138;10
29672;6653;1;332;10
29673;6654;1;295;10
29674;6655;1;1765;10
29675;6656;1;1765;10
29676;6657;1;3298;10
29677;6658;1;332;10
29678;4574;1;2366;15
29679;4575;1;2110;15
29680;4576;1;2575;15
29681;4577;1;2594;15
29682;4578;1;2452;15
29683;4579;1;992;15
29684;4580;1;2819;15
29685;4581;1;2819;15
29686;4582;1;2819;15
29687;4583;1;2445;15
29688;4584;1;2819;15
29689;4585;1;2445;15
29690;6525;1;2366;10
29691;6526;1;2110;10
29692;6527;1;2575;10
29693;6528;1;2110;10
29694;6529;1;2819;10
29695;6530;1;2110;10
29696;6531;1;2819;10
29697;6532;1;1913;10
29698;6533;1;1913;10
29699;6534;1;2819;10
29700;6535;1;1913;10
29701;6536;1;2575;10
29702;3695;1;582;25
29703;3696;1;2858;25
29704;3697;1;1043;25
29705;3698;1;1043;25
29706;3699;1;1043;25
29707;3700;1;1043;25
29708;3701;1;1442;25
29709;3702;1;2796;25
29710;3703;1;2796;25
29711;3704;1;2796;25
29712;3705;1;2796;25
29713;3706;1;1132;25
29714;3707;1;2428;25
29715;3708;1;2796;25
29716;3709;1;2149;25
29717;3710;1;2149;25
29718;3711;1;984;25
29719;3712;1;1862;25
29720;3713;1;1862;25
29721;3714;1;1862;25
29722;3715;1;941;25
29723;3716;1;81;25
29724;3717;1;1639;25
29725;3718;1;1194;25
29726;3719;1;81;25
29727;3720;1;1639;25
29728;3721;1;3295;25
29729;3722;1;2169;25
29730;5832;1;2015;10
29731;5833;1;2015;10
29732;5834;1;2858;10
29733;5835;1;1043;10
29734;5836;1;1521;10
29735;5837;1;2796;10
29736;5838;1;1822;10
29737;5839;1;1822;10
29738;5840;1;2428;10
29739;5841;1;2428;10
29740;5842;1;2428;10
29741;5843;1;472;10
29742;5844;1;2428;10
29743;5845;1;472;10
29744;5846;1;472;10
29745;5847;1;2796;10
29746;5848;1;237;10
29747;5849;1;772;10
29748;5850;1;1572;10
29749;5851;1;1572;10
29750;5852;1;941;10
29751;5853;1;1380;10
29752;5854;1;1572;10
29753;5855;1;1572;10
29754;5856;1;3295;10
29755;5857;1;1572;10
29756;3851;1;1810;25
29757;3852;1;2733;25
29758;3853;1;1196;25
29759;3854;1;1679;25
29760;3855;1;1679;25
29761;3856;1;1679;25
29762;3857;1;1196;25
29763;3858;1;2177;25
29764;3859;1;3167;25
29765;3860;1;2490;25
29766;3861;1;2490;25
29767;3862;1;2618;25
29768;3863;1;2211;25
29769;3864;1;2434;25
29770;3865;1;2434;25
29771;3866;1;2434;25
29772;3867;1;2434;25
29773;3868;1;2434;25
29774;3869;1;2434;25
29775;3870;1;287;25
29776;3871;1;2618;25
29777;3872;1;3367;25
29778;6015;1;1810;10
29779;6016;1;1679;10
29780;6017;1;2733;10
29781;6018;1;1679;10
29782;6019;1;1679;10
29783;6020;1;1679;10
29784;6021;1;3140;10
29785;6022;1;671;10
29786;6023;1;2490;10
29787;6024;1;2490;10
29788;6025;1;2490;10
29789;6026;1;2490;10
29790;6027;1;2490;10
29791;6028;1;2733;10
29792;6029;1;2618;10
29793;6030;1;2618;10
29794;6031;1;2434;10
29795;6032;1;2618;10
29796;6033;1;2434;10
29797;6034;1;2618;10
29798;6035;1;2618;10
29799;6036;1;2618;10
29800;4547;1;41;15
29801;4548;1;7;15
29802;4549;1;2202;15
29803;4550;1;3313;15
29804;2607;1;2450;50
29805;2608;1;1956;50
29806;2609;1;991;50
29807;2610;1;820;50
29808;2611;1;2599;50
29809;2612;1;1956;50
29810;2613;1;2254;50
29811;2614;1;1065;50
29812;2615;1;1258;50
29813;2616;1;1956;50
29814;2617;1;1956;50
29815;2618;1;456;50
29816;2619;1;1854;50
29817;2620;1;427;50
29818;2621;1;1854;50
29819;2622;1;2616;50
29820;2623;1;998;50
29821;2624;1;2182;50
29822;2625;1;2608;50
29823;2626;1;1952;50
29824;2627;1;2469;50
29825;2628;1;1952;50
29826;2629;1;1952;50
29827;2630;1;428;50
29828;2631;1;1952;50
29829;2632;1;1952;50
29830;2633;1;1952;50
29831;2634;1;819;50
29832;2635;1;1830;50
29833;2636;1;2179;50
29834;2637;1;1192;50
29835;2638;1;2784;50
29836;2639;1;2589;50
29837;2640;1;959;50
29838;2641;1;1192;50
29839;2642;1;1830;50
29840;2643;1;3046;50
29841;2644;1;1016;50
29842;2645;1;1089;50
29843;2646;1;2606;50
29844;2647;1;57;50
29845;2648;1;959;50
29846;2649;1;2776;50
29847;2650;1;959;50
29848;2651;1;933;50
29849;2652;1;959;50
29850;2653;1;2227;50
29851;2654;1;2227;50
29852;2655;1;2389;50
29853;2656;1;1050;50
29854;2657;1;654;50
29855;2658;1;781;50
29856;2659;1;781;50
29857;2660;1;781;50
29858;2661;1;806;50
29859;2662;1;2082;50
29860;2663;1;2080;50
29861;2664;1;806;50
29862;2665;1;806;50
29863;2666;1;805;50
29864;2667;1;806;50
29865;2668;1;806;50
29866;2669;1;806;50
29867;5130;1;1952;10
29868;5131;1;1952;10
29869;5132;1;1952;10
29870;5133;1;1952;10
29871;5134;1;2588;10
29872;5135;1;2005;10
29873;5136;1;1192;10
29874;5137;1;1192;10
29875;5138;1;1016;10
29876;5139;1;1016;10
29877;5140;1;1192;10
29878;5141;1;1016;10
29879;5142;1;1016;10
29880;5143;1;57;10
29881;5144;1;1058;10
29882;5145;1;1058;10
29883;5146;1;1058;10
29884;5147;1;2939;10
29885;5148;1;2778;10
29886;5149;1;3068;10
29887;5150;1;2939;10
29888;5151;1;2389;10
29889;5152;1;2939;10
29890;5153;1;2389;10
29891;5154;1;2939;10
29892;5155;1;2939;10
29893;5156;1;806;10
29894;5157;1;2778;10
29895;5158;1;806;10
29896;5159;1;806;10
29897;5160;1;781;10
29898;5161;1;781;10
29899;5162;1;806;10
29900;5163;1;806;10
29901;5164;1;806;10
29902;5165;1;806;10
29903;5166;1;3106;10
29904;5167;1;3106;10
29905;4329;1;649;15
29906;4330;1;1214;15
29907;4331;1;649;15
29908;4332;1;1791;15
29909;4333;1;1791;15
29910;4334;1;1791;15
29911;6278;1;649;10
29912;6279;1;1303;10
29913;6280;1;1791;10
29914;6281;1;1791;10
29915;6282;1;1791;10
29916;3752;1;2191;25
29917;3753;1;2192;25
29918;3754;1;2192;25
29919;3755;1;2192;25
29920;3756;1;2192;25
29921;3757;1;2192;25
29922;3758;1;2192;25
29923;3759;1;2192;25
29924;3760;1;2192;25
29925;3761;1;2192;25
29926;3762;1;2192;25
29927;3763;1;1463;25
29928;3764;1;2130;25
29929;3765;1;2130;25
29930;3766;1;2130;25
29931;3767;1;894;25
29932;3768;1;2130;25
29933;3769;1;2130;25
29934;3770;1;894;25
29935;3771;1;894;25
29936;3772;1;894;25
29937;3773;1;894;25
29938;3774;1;2195;25
29939;3775;1;2756;25
29940;3776;1;894;25
29941;3777;1;894;25
29942;3778;1;3337;25
29943;5661;1;331;10
29944;5662;1;1632;10
29945;5663;1;331;10
29946;5664;1;2221;10
29947;5665;1;2221;10
29948;5666;1;2192;10
29949;5667;1;2192;10
29950;5668;1;2130;10
29951;5669;1;2130;10
29952;5670;1;2130;10
29953;5671;1;2130;10
29954;5672;1;2130;10
29955;5673;1;894;10
29956;5674;1;2130;10
29957;5675;1;894;10
29958;5676;1;894;10
29959;5677;1;894;10
29960;5678;1;894;10
29961;5679;1;894;10
29962;5680;1;2756;10
29963;5681;1;2756;10
29964;5682;1;3157;10
29965;5683;1;3299;10
29966;5684;1;3361;10
29967;3916;1;3191;25
29968;3917;1;3191;25
29969;3918;1;3191;25
29970;3919;1;3191;25
29971;3920;1;2067;25
29972;3921;1;2309;25
29973;3922;1;2309;25
29974;3923;1;2951;25
29975;3924;1;2309;25
29976;3925;1;2885;25
29977;3926;1;1906;25
29978;3927;1;2584;25
29979;3928;1;1906;25
29980;3929;1;2584;25
29981;3930;1;3258;25
29982;6146;1;3191;10
29983;6147;1;3191;10
29984;6148;1;3191;10
29985;6149;1;3191;10
29986;6150;1;2067;10
29987;6151;1;2309;10
29988;6152;1;3143;10
29989;6153;1;3143;10
29990;6154;1;2310;10
29991;6155;1;2309;10
29992;6156;1;1906;10
29993;6157;1;2584;10
29994;6158;1;1906;10
29995;6159;1;1906;10
29996;6160;1;2584;10
29997;6161;1;3344;10
29998;4209;1;1624;15
29999;4210;1;1624;15
30000;4211;1;1538;15
30001;4212;1;1538;15
30002;4213;1;1538;15
30003;4214;1;2704;15
30004;4735;1;648;15
30005;4736;1;2759;15
30006;4737;1;2386;15
30007;4738;1;2759;15
30008;6680;1;121;10
30009;6681;1;2386;10
30010;6682;1;2759;10
30011;6683;1;648;10
30012;6684;1;2759;10
30013;4657;1;2281;15
30014;4658;1;2281;15
30015;6629;1;2281;10
30016;6630;1;1647;10
30017;3988;1;1733;25
30018;3989;1;1733;25
30019;3990;1;1733;25
30020;3991;1;1733;25
30021;3992;1;1733;25
30022;3993;1;1741;25
30023;3994;1;154;25
30024;3995;1;154;25
30025;3996;1;154;25
30026;3997;1;657;25
30027;6403;1;1261;10
30028;6404;1;1325;10
30029;6405;1;1325;10
30030;6406;1;657;10
30031;6407;1;657;10
30032;6408;1;657;10
30033;6409;1;1733;10
30034;6410;1;1733;10
30035;6411;1;1733;10
30036;6412;1;1733;10
30037;6413;1;657;10
30038;6414;1;657;10
30039;6415;1;657;10
30040;6416;1;657;10
30041;6417;1;657;10
30042;6418;1;3289;10
30043;6419;1;657;10
30044;4208;1;1740;15
30045;6180;1;1740;10
30046;4629;1;2564;15
30047;4630;1;3010;15
30048;4631;1;3371;15
30049;6547;1;2564;10
30050;6548;1;3010;10
30051;4291;1;66;15
30052;3106;1;2546;50
30053;3107;1;761;50
30054;3108;1;728;50
30055;3109;1;728;50
30056;3110;1;3183;50
30057;3111;1;762;50
30058;3112;1;728;50
30059;3113;1;1203;50
30060;3114;1;728;50
30061;3115;1;2544;50
30062;3116;1;2222;50
30063;3117;1;2544;50
30064;3118;1;327;50
30065;3119;1;2544;50
30066;3120;1;1203;50
30067;3121;1;19;50
30068;3122;1;327;50
30069;3123;1;652;50
30070;3124;1;652;50
30071;3125;1;652;50
30072;3126;1;2544;50
30073;3127;1;2781;50
30074;3128;1;1203;50
30075;3129;1;1203;50
30076;3130;1;2544;50
30077;3131;1;2431;50
30078;3132;1;2431;50
30079;3133;1;652;50
30080;5484;1;2546;10
30081;5485;1;728;10
30082;5486;1;762;10
30083;5487;1;762;10
30084;5488;1;762;10
30085;5489;1;728;10
30086;5490;1;728;10
30087;5491;1;2886;10
30088;5492;1;762;10
30089;5493;1;762;10
30090;5494;1;652;10
30091;5495;1;728;10
30092;5496;1;1513;10
30093;5497;1;327;10
30094;5498;1;3098;10
30095;5499;1;1203;10
30096;5500;1;327;10
30097;5501;1;327;10
30098;5502;1;327;10
30099;5503;1;909;10
30100;5504;1;652;10
30101;5505;1;1513;10
30102;5506;1;1513;10
30103;5507;1;1203;10
30104;5508;1;1203;10
30105;5509;1;2431;10
30106;5510;1;2431;10
30107;5511;1;3338;10
30108;3252;1;858;25
30109;3253;1;858;25
30110;3254;1;858;25
30111;3255;1;858;25
30112;3256;1;858;25
30113;3257;1;858;25
30114;3258;1;858;25
30115;3259;1;858;25
30116;3260;1;858;25
30117;3261;1;858;25
30118;3262;1;2902;25
30119;3263;1;858;25
30120;3264;1;858;25
30121;3265;1;858;25
30122;3266;1;858;25
30123;3267;1;858;25
30124;3268;1;2792;25
30125;3269;1;2792;25
30126;3270;1;2974;25
30127;3271;1;2792;25
30128;3272;1;2792;25
30129;3273;1;681;25
30130;3274;1;2925;25
30131;3275;1;2925;25
30132;3276;1;2925;25
30133;3277;1;2925;25
30134;3278;1;2920;25
30135;3279;1;719;25
30136;3280;1;2262;25
30137;3281;1;2262;25
30138;3282;1;2262;25
30139;3283;1;2262;25
30140;3284;1;2878;25
30141;3285;1;2927;25
30142;3286;1;2927;25
30143;3287;1;2878;25
30144;3288;1;680;25
30145;3289;1;1243;25
30146;3290;1;1243;25
30147;3291;1;2321;25
30148;3292;1;1243;25
30149;3293;1;2878;25
30150;3294;1;2321;25
30151;3295;1;2321;25
30152;3296;1;568;25
30153;3297;1;568;25
30154;3298;1;568;25
30155;3299;1;568;25
30156;3300;1;568;25
30157;3301;1;568;25
30158;3302;1;568;25
30159;3303;1;568;25
30160;3304;1;568;25
30161;3305;1;568;25
30162;3306;1;568;25
30163;3307;1;568;25
30164;3308;1;568;25
30165;3309;1;568;25
30166;3310;1;3265;25
30167;3311;1;3265;25
30168;6205;1;260;10
30169;6206;1;568;10
30170;6207;1;568;10
30171;6208;1;568;10
30172;6209;1;568;10
30173;6210;1;568;10
30174;6211;1;568;10
30175;6212;1;568;10
30176;6213;1;568;10
30177;6214;1;568;10
30178;6215;1;568;10
30179;6216;1;568;10
30180;6217;1;568;10
30181;6218;1;568;10
30182;6219;1;568;10
30183;6220;1;568;10
30184;6221;1;568;10
30185;6222;1;2371;10
30186;6223;1;568;10
30187;6224;1;3265;10
30188;4674;1;1174;15
30189;4400;1;2395;15
30190;4401;1;2395;15
30191;4402;1;1999;15
30192;4403;1;1598;15
30193;4404;1;1416;15
30194;4405;1;2401;15
30195;4406;1;2404;15
30196;4407;1;2403;15
30197;4408;1;1416;15
30198;4409;1;2800;15
30199;4410;1;2403;15
30200;4411;1;2400;15
30201;4412;1;2400;15
30202;4413;1;3282;15
30203;4414;1;3329;15
30204;6537;1;1999;10
30205;6538;1;538;10
30206;6539;1;538;10
30207;6540;1;2400;10
30208;6541;1;2800;10
30209;6542;1;2800;10
30210;6543;1;2800;10
30211;6544;1;2800;10
30212;6545;1;3281;10
30213;6546;1;3328;10
30214;4675;1;2842;15
30215;4158;1;316;15
30216;4159;1;2269;15
30217;4160;1;310;15
30218;4161;1;311;15
30219;4162;1;966;15
30220;4163;1;2274;15
30221;4164;1;2274;15
30222;4165;1;2274;15
30223;4166;1;966;15
30224;4167;1;966;15
30225;4168;1;2763;15
30226;4169;1;507;15
30227;4170;1;3310;15
30228;4171;1;3310;15
30229;6631;1;2257;10
30230;6632;1;2274;10
30231;6633;1;2274;10
30232;6634;1;966;10
30233;6635;1;2763;10
30234;6636;1;2398;10
30235;6637;1;507;10
30236;6638;1;3310;10
30237;6639;1;3310;10
30238;4551;1;325;15
30239;4552;1;325;15
30240;4553;1;1596;15
30241;4554;1;1596;15
30242;4555;1;325;15
30243;4556;1;2540;15
30244;4557;1;325;15
30245;4558;1;325;15
30246;4559;1;1596;15
30247;4560;1;1596;15
30248;6283;1;325;10
30249;6284;1;325;10
30250;6285;1;325;10
30251;6286;1;325;10
30252;6287;1;2540;10
30253;6288;1;325;10
30254;6289;1;325;10
30255;6290;1;1596;10
30256;6291;1;1596;10
30257;3782;1;59;25
30258;3783;1;2461;25
30259;3784;1;373;25
30260;3785;1;373;25
30261;3786;1;59;25
30262;3787;1;59;25
30263;3788;1;2006;25
30264;3789;1;59;25
30265;3790;1;3078;25
30266;3791;1;3078;25
30267;3792;1;755;25
30268;3793;1;1206;25
30269;3794;1;1206;25
30270;3795;1;148;25
30271;3796;1;902;25
30272;3797;1;139;25
30273;3798;1;1206;25
30274;3799;1;413;25
30275;3800;1;183;25
30276;3801;1;1950;25
30277;3802;1;1789;25
30278;3803;1;1924;25
30279;3804;1;173;25
30280;5689;1;59;10
30281;5690;1;59;10
30282;5691;1;2461;10
30283;5692;1;2461;10
30284;5693;1;59;10
30285;5694;1;59;10
30286;5695;1;59;10
30287;5696;1;3078;10
30288;5697;1;3078;10
30289;5698;1;3078;10
30290;5699;1;1206;10
30291;5700;1;1206;10
30292;5701;1;3078;10
30293;5702;1;1206;10
30294;5703;1;3078;10
30295;5704;1;1206;10
30296;5705;1;1206;10
30297;5706;1;173;10
30298;5707;1;173;10
30299;5708;1;13;10
30300;5709;1;3368;10
30301;4689;1;2217;15
30302;4690;1;146;15
30303;4691;1;2937;15
30304;4692;1;146;15
30305;6648;1;2217;10
30306;6649;1;2937;10
30307;6650;1;2937;10
30308;6651;1;146;10
30309;4190;1;1285;15
30310;4191;1;1285;15
30311;4192;1;1285;15
30312;4193;1;1285;15
30313;4194;1;1285;15
30314;4195;1;1285;15
30315;4196;1;2816;15
30316;4197;1;893;15
30317;4198;1;893;15
30318;4199;1;1285;15
30319;4200;1;1285;15
30320;4201;1;289;15
30321;4202;1;289;15
30322;4203;1;2816;15
30323;4204;1;289;15
30324;4205;1;289;15
30325;4206;1;3309;15
30326;4207;1;3309;15
30327;6162;1;1285;10
30328;6163;1;1285;10
30329;6164;1;1285;10
30330;6165;1;1285;10
30331;6166;1;2816;10
30332;6167;1;1285;10
30333;6168;1;1285;10
30334;6169;1;893;10
30335;6170;1;893;10
30336;6171;1;1285;10
30337;6172;1;1285;10
30338;6173;1;2816;10
30339;6174;1;289;10
30340;6175;1;289;10
30341;6176;1;2816;10
30342;6177;1;2816;10
30343;6178;1;289;10
30344;6179;1;289;10
30345;4708;1;3173;15
30346;6672;1;3173;10
30347;6673;1;3173;10
30348;4335;1;528;15
30349;4336;1;616;15
30350;4337;1;453;15
30351;4338;1;1155;15
30352;4339;1;453;15
30353;4340;1;3072;15
30354;4341;1;1220;15
30355;4342;1;3072;15
30356;4343;1;3072;15
30357;4344;1;3072;15
30358;4345;1;3072;15
30359;4346;1;3072;15
30360;4347;1;3072;15
30361;4348;1;3072;15
30362;4349;1;3072;15
30363;4350;1;3072;15
30364;4351;1;3072;15
30365;4352;1;3072;15
30366;4353;1;3323;15
30367;6292;1;528;10
30368;6293;1;528;10
30369;6294;1;528;10
30370;6295;1;1122;10
30371;6296;1;3072;10
30372;6297;1;1220;10
30373;6298;1;1220;10
30374;6299;1;3072;10
30375;6300;1;3072;10
30376;6301;1;3072;10
30377;6302;1;1220;10
30378;6303;1;3072;10
30379;6304;1;2153;10
30380;6305;1;3072;10
30381;6306;1;3072;10
30382;6307;1;2153;10
30383;6308;1;3072;10
30384;6309;1;3323;10
30385;2476;1;3125;50
30386;2477;1;3125;50
30387;2478;1;3125;50
30388;2479;1;1200;50
30389;2480;1;378;50
30390;2481;1;378;50
30391;2482;1;378;50
30392;2483;1;1565;50
30393;2484;1;1565;50
30394;2485;1;1565;50
30395;2486;1;1565;50
30396;2487;1;1565;50
30397;2488;1;1565;50
30398;2489;1;1565;50
30399;2490;1;1565;50
30400;2491;1;2387;50
30401;2492;1;1565;50
30402;2493;1;2987;50
30403;2494;1;1162;50
30404;2495;1;1162;50
30405;2496;1;1162;50
30406;2497;1;2971;50
30407;2498;1;610;50
30408;2499;1;2971;50
30409;2500;1;1144;50
30410;2501;1;2189;50
30411;2502;1;2250;50
30412;2503;1;1707;50
30413;2504;1;1707;50
30414;2505;1;2498;50
30415;2506;1;1707;50
30416;2507;1;1707;50
30417;2508;1;3172;50
30418;2509;1;3172;50
30419;2510;1;3172;50
30420;2511;1;2356;50
30421;2512;1;1707;50
30422;2513;1;1707;50
30423;2514;1;2216;50
30424;2515;1;2799;50
30425;2516;1;294;50
30426;2517;1;2876;50
30427;2518;1;1707;50
30428;2519;1;1306;50
30429;2520;1;2004;50
30430;2521;1;2079;50
30431;2522;1;2004;50
30432;2523;1;2004;50
30433;2524;1;1793;50
30434;2525;1;2004;50
30435;2526;1;262;50
30436;2527;1;1837;50
30437;2528;1;1233;50
30438;2529;1;1837;50
30439;2530;1;278;50
30440;2531;1;519;50
30441;2532;1;519;50
30442;2533;1;1807;50
30443;2534;1;238;50
30444;2535;1;127;50
30445;2536;1;2579;50
30446;2537;1;714;50
30447;2538;1;519;50
30448;2539;1;1807;50
30449;5233;1;1207;10
30450;5234;1;1699;10
30451;5235;1;2498;10
30452;5236;1;1970;10
30453;5237;1;1364;10
30454;5238;1;3123;10
30455;5239;1;1707;10
30456;5240;1;1707;10
30457;5241;1;1707;10
30458;5242;1;1707;10
30459;5243;1;1707;10
30460;5244;1;1707;10
30461;5245;1;1394;10
30462;5246;1;2216;10
30463;5247;1;2876;10
30464;5248;1;1793;10
30465;5249;1;848;10
30466;5250;1;2216;10
30467;5251;1;2561;10
30468;5252;1;2004;10
30469;5253;1;2004;10
30470;5254;1;848;10
30471;5255;1;848;10
30472;5256;1;262;10
30473;5257;1;238;10
30474;5258;1;262;10
30475;5259;1;262;10
30476;5260;1;848;10
30477;5261;1;262;10
30478;5262;1;238;10
30479;5263;1;848;10
30480;5264;1;2579;10
30481;5265;1;2579;10
30482;5266;1;2220;10
30483;3358;1;646;25
30484;3359;1;1872;25
30485;3360;1;1872;25
30486;3361;1;1458;25
30487;3362;1;1147;25
30488;3363;1;2847;25
30489;3364;1;2651;25
30490;3365;1;2636;25
30491;3366;1;1883;25
30492;3367;1;1477;25
30493;3368;1;1383;25
30494;3369;1;2605;25
30495;3370;1;2550;25
30496;3371;1;2921;25
30497;3372;1;1543;25
30498;3373;1;1964;25
30499;3374;1;2864;25
30500;3375;1;245;25
30501;3376;1;981;25
30502;3377;1;2154;25
30503;3378;1;245;25
30504;3379;1;1386;25
30505;3380;1;482;25
30506;3381;1;2711;25
30507;3382;1;482;25
30508;3383;1;93;25
30509;3384;1;2154;25
30510;3385;1;2154;25
30511;3386;1;2626;25
30512;3387;1;482;25
30513;3388;1;2336;25
30514;3389;1;630;25
30515;3390;1;2626;25
30516;3391;1;1751;25
30517;3392;1;2626;25
30518;3393;1;2626;25
30519;3394;1;1038;25
30520;3395;1;1037;25
30521;3396;1;2335;25
30522;3397;1;1038;25
30523;3398;1;2430;25
30524;3399;1;103;25
30525;3400;1;844;25
30526;3401;1;3217;25
30527;5512;1;1274;10
30528;5513;1;1543;10
30529;5514;1;523;10
30530;5515;1;1606;10
30531;5516;1;245;10
30532;5517;1;1606;10
30533;5518;1;2154;10
30534;5519;1;2154;10
30535;5520;1;653;10
30536;5521;1;653;10
30537;5522;1;2711;10
30538;5523;1;93;10
30539;5524;1;93;10
30540;5525;1;2154;10
30541;5526;1;2154;10
30542;5527;1;2154;10
30543;5528;1;2824;10
30544;5529;1;1666;10
30545;5530;1;1751;10
30546;5531;1;1283;10
30547;5532;1;1283;10
30548;5533;1;2626;10
30549;5534;1;1283;10
30550;5535;1;1038;10
30551;5536;1;1038;10
30552;5537;1;2958;10
30553;5538;1;1038;10
30554;5539;1;1038;10
30555;5540;1;103;10
30556;5541;1;3217;10
30557;5542;1;3217;10
30558;4676;1;136;15
30559;4677;1;1105;15
30560;4678;1;1959;15
30561;4679;1;3312;15
30562;6585;1;1249;10
30563;6586;1;136;10
30564;6587;1;1972;10
30565;6588;1;1972;10
30566;6589;1;1972;10
30567;6590;1;1959;10
30568;6591;1;3312;10
30569;6592;1;3372;10
30570;4632;1;1073;15
30571;4633;1;910;15
30572;4292;1;2439;15
30573;4293;1;2439;15
30574;4294;1;2439;15
30575;6259;1;1591;10
30576;6260;1;2439;10
30577;6261;1;2439;10
30578;4586;1;184;15
30579;4587;1;2612;15
30580;4588;1;184;15
30581;4589;1;184;15
30582;4590;1;487;15
30583;4591;1;184;15
30584;4592;1;205;15
30585;4593;1;789;15
30586;4594;1;789;15
30587;4595;1;789;15
30588;4596;1;789;15
30589;6472;1;754;10
30590;6473;1;184;10
30591;6474;1;184;10
30592;6475;1;184;10
30593;6476;1;184;10
30594;6477;1;184;10
30595;6478;1;205;10
30596;6479;1;184;10
30597;6480;1;756;10
30598;6481;1;789;10
30599;6482;1;789;10
30600;6483;1;789;10
30601;2792;1;2127;50
30602;2793;1;2127;50
30603;2794;1;2127;50
30604;2795;1;2127;50
30605;2796;1;2127;50
30606;2797;1;2127;50
30607;2798;1;405;50
30608;2799;1;2381;50
30609;2800;1;1774;50
30610;2801;1;2376;50
30611;2802;1;2381;50
30612;2803;1;3020;50
30613;2804;1;204;50
30614;2805;1;2991;50
30615;2806;1;3020;50
30616;2807;1;3020;50
30617;2808;1;3020;50
30618;2809;1;2992;50
30619;2810;1;2537;50
30620;2811;1;2235;50
30621;2812;1;2235;50
30622;2813;1;2235;50
30623;2814;1;1401;50
30624;2815;1;1211;50
30625;2816;1;2235;50
30626;2817;1;2235;50
30627;2818;1;2537;50
30628;2819;1;319;50
30629;2820;1;319;50
30630;2821;1;204;50
30631;2822;1;204;50
30632;2823;1;204;50
30633;2824;1;204;50
30634;2825;1;1762;50
30635;2826;1;1625;50
30636;2827;1;204;50
30637;2828;1;1762;50
30638;2829;1;1777;50
30639;2830;1;1011;50
30640;2831;1;1172;50
30641;2832;1;499;50
30642;2833;1;434;50
30643;2834;1;2212;50
30644;2835;1;3104;50
30645;2836;1;3104;50
30646;2837;1;3104;50
30647;2838;1;1208;50
30648;2839;1;2186;50
30649;2840;1;3104;50
30650;2841;1;1911;50
30651;2842;1;2865;50
30652;2843;1;2186;50
30653;2844;1;2186;50
30654;4946;1;3020;10
30655;4947;1;813;10
30656;4948;1;1786;10
30657;4949;1;3020;10
30658;4950;1;3020;10
30659;4951;1;2235;10
30660;4952;1;2235;10
30661;4953;1;2128;10
30662;4954;1;2128;10
30663;4955;1;1211;10
30664;4956;1;2235;10
30665;4957;1;3115;10
30666;4958;1;2817;10
30667;4959;1;3115;10
30668;4960;1;2817;10
30669;4961;1;2817;10
30670;4962;1;204;10
30671;4963;1;204;10
30672;4964;1;204;10
30673;4965;1;276;10
30674;4966;1;204;10
30675;4967;1;204;10
30676;4968;1;1098;10
30677;4969;1;1098;10
30678;4970;1;433;10
30679;4971;1;1777;10
30680;4972;1;2983;10
30681;4973;1;2977;10
30682;4974;1;499;10
30683;4975;1;3104;10
30684;4976;1;3104;10
30685;4977;1;1760;10
30686;4978;1;3104;10
30687;4979;1;1561;10
30688;4980;1;1561;10
30689;4981;1;181;10
30690;4982;1;2186;10
30691;4983;1;1561;10
30692;4984;1;1561;10
30693;4745;1;2360;15
30694;4746;1;3373;15
30695;4747;1;2529;15
30696;6665;1;2548;10
30697;6666;1;2529;10
30698;6667;1;2529;10
30699;4635;1;3149;15
30700;4636;1;3149;15
30701;4637;1;3149;15
30702;4638;1;978;15
30703;4639;1;3149;15
30704;4640;1;2730;15
30705;4641;1;637;15
30706;4642;1;3117;15
30707;4643;1;3117;15
30708;4644;1;3117;15
30709;4645;1;3117;15
30710;4646;1;3117;15
30711;6593;1;881;10
30712;6594;1;3149;10
30713;6595;1;267;10
30714;6596;1;267;10
30715;6597;1;296;10
30716;6598;1;637;10
30717;6599;1;637;10
30718;6600;1;637;10
30719;6601;1;267;10
30720;6602;1;3117;10
30721;6603;1;3117;10
30722;4238;1;1474;15
30723;4239;1;1474;15
30724;4240;1;2263;15
30725;4241;1;601;15
30726;4242;1;2263;15
30727;4243;1;2775;15
30728;4244;1;26;15
30729;4245;1;26;15
30730;4246;1;26;15
30731;4247;1;26;15
30732;4248;1;290;15
30733;4249;1;290;15
30734;4250;1;2773;15
30735;4251;1;26;15
30736;4252;1;2773;15
30737;4253;1;290;15
30738;4254;1;26;15
30739;4255;1;3283;15
30740;4256;1;290;15
30741;6310;1;1474;10
30742;6311;1;2263;10
30743;6312;1;601;10
30744;6313;1;2263;10
30745;6314;1;2775;10
30746;6315;1;26;10
30747;6316;1;26;10
30748;6317;1;26;10
30749;6318;1;26;10
30750;6319;1;290;10
30751;6320;1;290;10
30752;6321;1;2773;10
30753;6322;1;26;10
30754;6323;1;2773;10
30755;6324;1;290;10
30756;6325;1;26;10
30757;6326;1;290;10
30758;6327;1;290;10
30759;4094;1;2467;15
30760;4095;1;2467;15
30761;4096;1;2467;15
30762;4097;1;1066;15
30763;4098;1;694;15
30764;4099;1;1957;15
30765;4100;1;579;15
30766;4101;1;2655;15
30767;4102;1;2284;15
30768;4103;1;709;15
30769;4104;1;1844;15
30770;4105;1;196;15
30771;4106;1;579;15
30772;4107;1;47;15
30773;4108;1;2000;15
30774;5956;1;2467;10
30775;5957;1;2198;10
30776;5958;1;2467;10
30777;5959;1;694;10
30778;5960;1;1957;10
30779;5961;1;1957;10
30780;5962;1;2151;10
30781;5963;1;2284;10
30782;5964;1;2391;10
30783;5965;1;2596;10
30784;5966;1;2000;10
30785;5967;1;2000;10
30786;5968;1;2000;10
30787;5969;1;47;10
30788;5970;1;2596;10
30789;3201;1;217;25
30790;3202;1;3111;25
30791;3203;1;3111;25
30792;3204;1;1165;25
30793;3205;1;1281;25
30794;3206;1;1216;25
30795;3207;1;1166;25
30796;3208;1;1166;25
30797;3209;1;1166;25
30798;3210;1;1398;25
30799;3211;1;1983;25
30800;3212;1;1909;25
30801;3213;1;411;25
30802;3214;1;1909;25
30803;3215;1;219;25
30804;3216;1;23;25
30805;3217;1;23;25
30806;3218;1;23;25
30807;3219;1;411;25
30808;3220;1;23;25
30809;3221;1;411;25
30810;3222;1;25;25
30811;3223;1;411;25
30812;3224;1;411;25
30813;3225;1;411;25
30814;3226;1;411;25
30815;3227;1;411;25
30816;3228;1;411;25
30817;3229;1;411;25
30818;3230;1;411;25
30819;3231;1;2483;25
30820;3232;1;1904;25
30821;3233;1;1904;25
30822;3234;1;2483;25
30823;3235;1;1907;25
30824;3236;1;1907;25
30825;3237;1;235;25
30826;3238;1;1512;25
30827;3239;1;925;25
30828;3240;1;2485;25
30829;3241;1;1907;25
30830;3242;1;1511;25
30831;3243;1;1505;25
30832;3244;1;1907;25
30833;3245;1;1838;25
30834;3246;1;2085;25
30835;3247;1;1505;25
30836;3248;1;3120;25
30837;3249;1;2238;25
30838;3250;1;3198;25
30839;3251;1;1511;25
30840;5054;1;1909;10
30841;5055;1;411;10
30842;5056;1;2076;10
30843;5057;1;748;10
30844;5058;1;1908;10
30845;5059;1;411;10
30846;5060;1;411;10
30847;5061;1;411;10
30848;5062;1;747;10
30849;5063;1;747;10
30850;5064;1;411;10
30851;5065;1;2248;10
30852;5066;1;411;10
30853;5067;1;411;10
30854;5068;1;1378;10
30855;5069;1;1910;10
30856;5070;1;411;10
30857;5071;1;1904;10
30858;5072;1;1378;10
30859;5073;1;411;10
30860;5074;1;411;10
30861;5075;1;1904;10
30862;5076;1;1904;10
30863;5077;1;2105;10
30864;5078;1;1512;10
30865;5079;1;925;10
30866;5080;1;925;10
30867;5081;1;1511;10
30868;5082;1;1512;10
30869;5083;1;1907;10
30870;5084;1;230;10
30871;5085;1;230;10
30872;5086;1;1505;10
30873;5087;1;24;10
30874;5088;1;24;10
30875;5089;1;2084;10
30876;5090;1;24;10
30877;3574;1;130;25
30878;3575;1;130;25
30879;3576;1;130;25
30880;3577;1;130;25
30881;3578;1;1226;25
30882;3579;1;1226;25
30883;3580;1;1237;25
30884;3581;1;1237;25
30885;3582;1;1237;25
30886;3583;1;1226;25
30887;3584;1;917;25
30888;3585;1;917;25
30889;3586;1;3062;25
30890;3587;1;502;25
30891;3588;1;1226;25
30892;3589;1;502;25
30893;3590;1;502;25
30894;3591;1;661;25
30895;3592;1;661;25
30896;3593;1;502;25
30897;3594;1;661;25
30898;3595;1;661;25
30899;3596;1;2156;25
30900;3597;1;1982;25
30901;3598;1;660;25
30902;3599;1;633;25
30903;3600;1;660;25
30904;3601;1;660;25
30905;5858;1;605;10
30906;5859;1;1237;10
30907;5860;1;1237;10
30908;5861;1;78;10
30909;5862;1;1237;10
30910;5863;1;1237;10
30911;5864;1;917;10
30912;5865;1;3062;10
30913;5866;1;1237;10
30914;5867;1;3061;10
30915;5868;1;661;10
30916;5869;1;1509;10
30917;5870;1;661;10
30918;5871;1;661;10
30919;5872;1;2833;10
30920;5873;1;661;10
30921;5874;1;661;10
30922;5875;1;2543;10
30923;5876;1;660;10
30924;5877;1;660;10
30925;5878;1;147;10
30926;5879;1;660;10
30927;5880;1;3349;10
30928;4354;1;31;15
30929;4355;1;1170;15
30930;4356;1;2016;15
30931;4357;1;1991;15
30932;4358;1;2063;15
30933;4359;1;2063;15
30934;4360;1;736;15
30935;4361;1;2818;15
30936;4362;1;2818;15
30937;4363;1;2818;15
30938;4364;1;736;15
30939;4365;1;736;15
30940;4366;1;736;15
30941;4367;1;736;15
30942;4368;1;736;15
30943;4369;1;895;15
30944;4370;1;895;15
30945;5998;1;960;10
30946;5999;1;1995;10
30947;6000;1;960;10
30948;6001;1;1991;10
30949;6002;1;2063;10
30950;6003;1;2063;10
30951;6004;1;1332;10
30952;6005;1;2370;10
30953;6006;1;2063;10
30954;6007;1;736;10
30955;6008;1;736;10
30956;6009;1;736;10
30957;6010;1;736;10
30958;6011;1;736;10
30959;6012;1;895;10
30960;6013;1;895;10
30961;6014;1;895;10
30962;4693;1;2906;15
30963;4694;1;2744;15
30964;4425;1;892;15
30965;4426;1;892;15
30966;4427;1;892;15
30967;4428;1;358;15
30968;4429;1;358;15
30969;4430;1;2358;15
30970;4431;1;138;15
30971;4432;1;138;15
30972;4433;1;138;15
30973;4434;1;138;15
30974;4435;1;138;15
30975;4436;1;1920;15
30976;4437;1;1035;15
30977;4438;1;1920;15
30978;4439;1;1920;15
30979;4440;1;1920;15
30980;4441;1;1920;15
30981;6341;1;892;10
30982;6342;1;892;10
30983;6343;1;358;10
30984;6344;1;358;10
30985;6345;1;358;10
30986;6346;1;358;10
30987;6347;1;358;10
30988;6348;1;138;10
30989;6349;1;138;10
30990;6350;1;138;10
30991;6351;1;138;10
30992;6352;1;138;10
30993;6353;1;1996;10
30994;6354;1;1920;10
30995;6355;1;1996;10
30996;6356;1;1920;10
30997;6357;1;1920;10
30998;6358;1;1920;10
30999;4533;1;1299;15
31000;4534;1;1320;15
31001;4535;1;1320;15
31002;4536;1;363;15
31003;4537;1;3129;15
31004;4538;1;3045;15
31005;4539;1;729;15
31006;4540;1;729;15
31007;4541;1;729;15
31008;4542;1;3362;15
31009;6604;1;1320;10
31010;6605;1;1320;10
31011;6606;1;363;10
31012;6607;1;1275;10
31013;6608;1;1406;10
31014;6609;1;729;10
31015;6610;1;729;10
31016;6611;1;729;10
31017;6612;1;3129;10
31018;3076;1;1095;50
31019;3077;1;2887;50
31020;3078;1;50;50
31021;3079;1;2889;50
31022;3080;1;2946;50
31023;3081;1;2887;50
31024;3082;1;3163;50
31025;3083;1;2889;50
31026;3084;1;791;50
31027;3085;1;2889;50
31028;3086;1;2889;50
31029;3087;1;2889;50
31030;3088;1;3161;50
31031;3089;1;2420;50
31032;3090;1;2290;50
31033;3091;1;3161;50
31034;3092;1;3160;50
31035;3093;1;2936;50
31036;3094;1;40;50
31037;3095;1;3158;50
31038;3096;1;2889;50
31039;3097;1;2936;50
31040;3098;1;231;50
31041;3099;1;2290;50
31042;3100;1;157;50
31043;3101;1;1942;50
31044;3102;1;64;50
31045;3103;1;725;50
31046;3104;1;2718;50
31047;3105;1;2908;50
31048;5300;1;2268;10
31049;5301;1;2889;10
31050;5302;1;3039;10
31051;5303;1;3191;10
31052;5304;1;3191;10
31053;5305;1;3191;10
31054;5306;1;3191;10
31055;5307;1;3191;10
31056;5308;1;2420;10
31057;5309;1;3191;10
31058;5310;1;2889;10
31059;5311;1;2420;10
31060;5312;1;2889;10
31061;5313;1;2420;10
31062;5314;1;2936;10
31063;5315;1;791;10
31064;5316;1;2936;10
31065;5317;1;2936;10
31066;5318;1;63;10
31067;5319;1;2424;10
31068;5320;1;2936;10
31069;5321;1;2936;10
31070;5322;1;2936;10
31071;5323;1;2290;10
31072;5324;1;1630;10
31073;5325;1;2424;10
31074;5326;1;158;10
31075;5327;1;839;10
31076;5328;1;2908;10
31077;5329;1;3056;10
31078;5330;1;2908;10
31079;3894;1;3188;25
31080;3895;1;3188;25
31081;3896;1;757;25
31082;3897;1;753;25
31083;3898;1;753;25
31084;3899;1;1414;25
31085;3900;1;1257;25
31086;3901;1;1326;25
31087;3902;1;1413;25
31088;3903;1;1256;25
31089;3904;1;1326;25
31090;3905;1;1901;25
31091;3906;1;1326;25
31092;3907;1;1326;25
31093;3908;1;1326;25
31094;3909;1;1326;25
31095;3910;1;1260;25
31096;3911;1;1326;25
31097;3912;1;1326;25
31098;3913;1;1326;25
31099;3914;1;1326;25
31100;3915;1;1326;25
31101;6088;1;2880;10
31102;6089;1;3188;10
31103;6090;1;757;10
31104;6091;1;1414;10
31105;6092;1;3058;10
31106;6093;1;1414;10
31107;6094;1;1414;10
31108;6095;1;1414;10
31109;6096;1;1413;10
31110;6097;1;1901;10
31111;6098;1;1326;10
31112;6099;1;1901;10
31113;6100;1;1326;10
31114;6101;1;1326;10
31115;6102;1;1326;10
31116;6103;1;1326;10
31117;6104;1;2691;10
31118;6105;1;51;10
31119;6106;1;1326;10
31120;6107;1;1229;10
31121;6108;1;1229;10
31122;6109;1;3335;10
31123;4706;1;29;15
31124;6671;1;29;10
31125;4475;1;2395;15
31126;4476;1;2760;15
31127;4477;1;2760;15
31128;4478;1;2760;15
31129;4479;1;3150;15
31130;4480;1;3150;15
31131;4481;1;1346;15
31132;4482;1;529;15
31133;4483;1;3150;15
31134;4484;1;834;15
31135;4485;1;834;15
31136;4486;1;3340;15
31137;6495;1;2760;10
31138;6496;1;2760;10
31139;6497;1;2760;10
31140;6498;1;2760;10
31141;6499;1;3150;10
31142;6500;1;1761;10
31143;6501;1;3150;10
31144;6502;1;3150;10
31145;6503;1;3150;10
31146;6504;1;2755;10
31147;6505;1;3316;10
31148;6506;1;3316;10
31149;3665;1;1187;25
31150;3666;1;1700;25
31151;3667;1;936;25
31152;3668;1;1700;25
31153;3669;1;1700;25
31154;3670;1;1700;25
31155;3671;1;1700;25
31156;3672;1;3185;25
31157;3673;1;1700;25
31158;3674;1;3185;25
31159;3675;1;3194;25
31160;3676;1;1510;25
31161;3677;1;937;25
31162;3678;1;107;25
31163;3679;1;1510;25
31164;3680;1;1302;25
31165;3681;1;107;25
31166;3682;1;2243;25
31167;3683;1;2243;25
31168;3684;1;107;25
31169;3685;1;1302;25
31170;3686;1;107;25
31171;3687;1;2960;25
31172;3688;1;107;25
31173;3689;1;2960;25
31174;3690;1;2960;25
31175;3691;1;2396;25
31176;3692;1;2396;25
31177;3693;1;2396;25
31178;3694;1;3249;25
31179;5331;1;1700;10
31180;5332;1;1700;10
31181;5333;1;1700;10
31182;5334;1;1700;10
31183;5335;1;1700;10
31184;5336;1;1700;10
31185;5337;1;778;10
31186;5338;1;1700;10
31187;5339;1;1700;10
31188;5340;1;3185;10
31189;5341;1;3194;10
31190;5342;1;1510;10
31191;5343;1;107;10
31192;5344;1;107;10
31193;5345;1;1302;10
31194;5346;1;107;10
31195;5347;1;107;10
31196;5348;1;2175;10
31197;5349;1;2960;10
31198;5350;1;1831;10
31199;5351;1;1302;10
31200;5352;1;2940;10
31201;5353;1;2940;10
31202;5354;1;2960;10
31203;5355;1;2396;10
31204;5356;1;2396;10
31205;5357;1;2396;10
31206;5358;1;2396;10
31207;5359;1;3249;10
31208;3950;1;2761;25
31209;3951;1;2521;25
31210;3952;1;2521;25
31211;3953;1;2521;25
31212;3954;1;2521;25
31213;3955;1;2521;25
31214;3956;1;2521;25
31215;3957;1;2521;25
31216;3958;1;2521;25
31217;3959;1;2521;25
31218;3960;1;925;25
31219;3961;1;3021;25
31220;3962;1;925;25
31221;3963;1;925;25
31222;3964;1;3021;25
31223;3965;1;3022;25
31224;3966;1;925;25
31225;6110;1;2374;10
31226;6111;1;1328;10
31227;6112;1;2990;10
31228;6113;1;2990;10
31229;6114;1;2990;10
31230;6115;1;2990;10
31231;6116;1;2688;10
31232;6117;1;2521;10
31233;6118;1;3021;10
31234;6119;1;3021;10
31235;6120;1;925;10
31236;6121;1;925;10
31237;6122;1;3022;10
31238;6123;1;925;10
31239;6124;1;3022;10
31240;6125;1;3022;10
31241;6126;1;3022;10
31242;6127;1;925;10
31243;3723;1;207;25
31244;3724;1;280;25
31245;3725;1;2598;25
31246;3726;1;280;25
31247;3727;1;280;25
31248;3728;1;280;25
31249;3729;1;280;25
31250;3730;1;280;25
31251;3731;1;2598;25
31252;3732;1;280;25
31253;3733;1;2598;25
31254;3734;1;531;25
31255;3735;1;1869;25
31256;3736;1;531;25
31257;3737;1;2064;25
31258;3738;1;305;25
31259;3739;1;305;25
31260;3740;1;305;25
31261;3741;1;305;25
31262;3742;1;209;25
31263;3743;1;1135;25
31264;3744;1;446;25
31265;3745;1;305;25
31266;3746;1;305;25
31267;3747;1;1124;25
31268;3748;1;994;25
31269;3749;1;994;25
31270;3750;1;446;25
31271;3751;1;3325;25
31272;5571;1;1892;10
31273;5572;1;2598;10
31274;5573;1;2598;10
31275;5574;1;2598;10
31276;5575;1;2598;10
31277;5576;1;2598;10
31278;5577;1;207;10
31279;5578;1;207;10
31280;5579;1;476;10
31281;5580;1;2598;10
31282;5581;1;2064;10
31283;5582;1;476;10
31284;5583;1;476;10
31285;5584;1;531;10
31286;5585;1;531;10
31287;5586;1;305;10
31288;5587;1;305;10
31289;5588;1;305;10
31290;5589;1;1419;10
31291;5590;1;305;10
31292;5591;1;1730;10
31293;5592;1;1730;10
31294;5593;1;305;10
31295;5594;1;437;10
31296;5595;1;446;10
31297;5596;1;3174;10
31298;5597;1;1124;10
31299;5598;1;3322;10
31300;4315;1;575;15
31301;4316;1;2265;15
31302;4317;1;2265;15
31303;4318;1;1092;15
31304;4319;1;1685;15
31305;4320;1;2265;15
31306;4321;1;2265;15
31307;4322;1;1685;15
31308;4323;1;2265;15
31309;4324;1;1683;15
31310;4325;1;1684;15
31311;4326;1;1683;15
31312;4327;1;1685;15
31313;4328;1;3350;15
31314;6266;1;1686;10
31315;6267;1;1685;10
31316;6268;1;1685;10
31317;6269;1;1685;10
31318;6270;1;2265;10
31319;6271;1;1685;10
31320;6272;1;1685;10
31321;6273;1;2751;10
31322;6274;1;1688;10
31323;6275;1;1685;10
31324;6276;1;2751;10
31325;6277;1;2751;10
31326;2782;1;2944;50
31327;2783;1;1852;50
31328;2784;1;1024;50
31329;2785;1;100;50
31330;2786;1;2953;50
31331;2787;1;1636;50
31332;2788;1;2306;50
31333;2789;1;2268;50
31334;2790;1;1636;50
31335;2791;1;2546;50
31336;5010;1;2949;10
31337;2941;1;2163;50
31338;2942;1;2163;50
31339;2943;1;2163;50
31340;2944;1;466;50
31341;2945;1;466;50
31342;2946;1;1978;50
31343;2947;1;1986;50
31344;2948;1;1893;50
31345;2949;1;1978;50
31346;2950;1;1193;50
31347;2951;1;612;50
31348;2952;1;608;50
31349;2953;1;1411;50
31350;2954;1;36;50
31351;2955;1;84;50
31352;2956;1;1375;50
31353;2957;1;1971;50
31354;2958;1;1265;50
31355;2959;1;1265;50
31356;2960;1;2603;50
31357;2961;1;1940;50
31358;2962;1;1984;50
31359;2963;1;2957;50
31360;2964;1;291;50
31361;2965;1;891;50
31362;2966;1;145;50
31363;2967;1;1968;50
31364;2968;1;1968;50
31365;2969;1;1968;50
31366;2970;1;1251;50
31367;2971;1;2090;50
31368;2972;1;1694;50
31369;2973;1;2603;50
31370;2974;1;232;50
31371;2975;1;182;50
31372;2976;1;145;50
31373;2977;1;232;50
31374;2978;1;1943;50
31375;2979;1;2750;50
31376;2980;1;771;50
31377;2981;1;1825;50
31378;2982;1;1943;50
31379;2983;1;1943;50
31380;2984;1;1943;50
31381;2985;1;1943;50
31382;2986;1;3025;50
31383;2986;1;3363;50
31384;5422;1;1265;10
31385;5423;1;2957;10
31386;5424;1;1375;10
31387;5425;1;1265;10
31388;5426;1;2957;10
31389;5427;1;2957;10
31390;5428;1;2957;10
31391;5429;1;2957;10
31392;5430;1;891;10
31393;5431;1;2957;10
31394;5432;1;2957;10
31395;5433;1;891;10
31396;5434;1;891;10
31397;5435;1;1968;10
31398;5436;1;701;10
31399;5437;1;1694;10
31400;5438;1;891;10
31401;5439;1;232;10
31402;5440;1;232;10
31403;5441;1;1694;10
31404;5442;1;232;10
31405;5443;1;232;10
31406;5444;1;1825;10
31407;5445;1;1943;10
31408;5446;1;2750;10
31409;5447;1;1943;10
31410;5448;1;1943;10
31411;5449;1;1943;10
31412;5450;1;2208;10
31413;5451;1;2208;10
31414;5452;1;2208;10
31415;6262;1;1624;10
31416;6263;1;1538;10
31417;6264;1;1538;10
31418;6265;1;1538;10
31419;4656;1;2427;15
31420;4709;1;2860;15
31421;4710;1;2860;15
31422;6686;1;2343;10
31423;6687;1;2860;10
31424;4597;1;2362;15
31425;4598;1;112;15
31426;6691;1;112;10
31427;4371;1;1424;15
31428;4372;1;1377;15
31429;6328;1;1377;10
31430;6329;1;1377;10
31431;4711;1;732;15
31432;4712;1;2393;15
31433;4713;1;2393;15
31434;4714;1;2393;15
31435;4715;1;3353;15
31436;2727;1;3016;50
31437;2728;1;214;50
31438;2729;1;3013;50
31439;2730;1;932;50
31440;2731;1;2131;50
31441;2732;1;3013;50
31442;2733;1;3013;50
31443;2734;1;1623;50
31444;2735;1;2002;50
31445;2736;1;243;50
31446;2737;1;1969;50
31447;2738;1;1969;50
31448;2739;1;1623;50
31449;2740;1;2002;50
31450;2741;1;2481;50
31451;2742;1;2481;50
31452;2743;1;2002;50
31453;2744;1;2010;50
31454;2745;1;2010;50
31455;2746;1;817;50
31456;2747;1;2002;50
31457;2748;1;563;50
31458;2749;1;563;50
31459;2750;1;2870;50
31460;2751;1;1747;50
31461;2752;1;2870;50
31462;2753;1;2870;50
31463;2754;1;2870;50
31464;2755;1;1879;50
31465;2756;1;1879;50
31466;2757;1;1879;50
31467;2758;1;2325;50
31468;2759;1;2870;50
31469;2760;1;2870;50
31470;2761;1;2870;50
31471;2762;1;2870;50
31472;2763;1;191;50
31473;2764;1;863;50
31474;2765;1;1333;50
31475;2766;1;880;50
31476;2767;1;880;50
31477;2768;1;880;50
31478;2769;1;863;50
31479;2770;1;880;50
31480;2771;1;880;50
31481;2772;1;880;50
31482;2773;1;2690;50
31483;2774;1;863;50
31484;2775;1;1773;50
31485;2776;1;2317;50
31486;2777;1;440;50
31487;2778;1;1345;50
31488;2779;1;863;50
31489;2780;1;3304;50
31490;2781;1;3304;50
31491;4754;1;809;10
31492;4755;1;809;10
31493;4756;1;2068;10
31494;4757;1;243;10
31495;4758;1;2068;10
31496;4759;1;3013;10
31497;4760;1;3013;10
31498;4761;1;243;10
31499;4762;1;3013;10
31500;4763;1;3013;10
31501;4764;1;1969;10
31502;4765;1;1969;10
31503;4766;1;1537;10
31504;4767;1;2010;10
31505;4768;1;563;10
31506;4769;1;563;10
31507;4770;1;563;10
31508;4771;1;563;10
31509;4772;1;563;10
31510;4773;1;563;10
31511;4774;1;2010;10
31512;4775;1;563;10
31513;4776;1;563;10
31514;4777;1;2870;10
31515;4778;1;1341;10
31516;4779;1;1341;10
31517;4780;1;1341;10
31518;4781;1;1341;10
31519;4782;1;1341;10
31520;4783;1;1341;10
31521;4784;1;1879;10
31522;4785;1;1341;10
31523;4786;1;2870;10
31524;4787;1;2870;10
31525;4788;1;880;10
31526;4789;1;2870;10
31527;4790;1;880;10
31528;4791;1;880;10
31529;4792;1;863;10
31530;4793;1;863;10
31531;4794;1;863;10
31532;4795;1;880;10
31533;4796;1;880;10
31534;4797;1;880;10
31535;4798;1;880;10
31536;4799;1;880;10
31537;4800;1;1773;10
31538;4801;1;1773;10
31539;4802;1;1773;10
31540;4803;1;1773;10
31541;4804;1;2317;10
31542;4805;1;2317;10
31543;4806;1;1345;10
31544;4807;1;1773;10
31545;4808;1;3216;10
31546;3032;1;2838;50
31547;3033;1;949;50
31548;3034;1;766;50
31549;3035;1;766;50
31550;3036;1;766;50
31551;3037;1;766;50
31552;3038;1;1246;50
31553;3039;1;766;50
31554;3040;1;349;50
31555;3041;1;1861;50
31556;3042;1;1861;50
31557;3043;1;1861;50
31558;3044;1;1861;50
31559;3045;1;349;50
31560;3046;1;1966;50
31561;3047;1;3171;50
31562;3048;1;349;50
31563;3049;1;2523;50
31564;3050;1;726;50
31565;3051;1;2339;50
31566;3052;1;2339;50
31567;3053;1;2339;50
31568;3054;1;2722;50
31569;3055;1;2722;50
31570;3056;1;264;50
31571;3057;1;2722;50
31572;3058;1;1338;50
31573;3059;1;1338;50
31574;3060;1;865;50
31575;3061;1;2455;50
31576;3062;1;1338;50
31577;3063;1;746;50
31578;3064;1;2214;50
31579;3065;1;1396;50
31580;3066;1;746;50
31581;3067;1;2347;50
31582;3068;1;1396;50
31583;3069;1;2075;50
31584;3070;1;821;50
31585;3071;1;2075;50
31586;3072;1;469;50
31587;3073;1;2075;50
31588;3074;1;2390;50
31589;3075;1;2839;50
31590;5360;1;345;10
31591;5361;1;1861;10
31592;5362;1;1861;10
31593;5363;1;57;10
31594;5364;1;349;10
31595;5365;1;1487;10
31596;5366;1;2339;10
31597;5367;1;2523;10
31598;5368;1;1490;10
31599;5369;1;1490;10
31600;5370;1;1490;10
31601;5371;1;1490;10
31602;5372;1;1490;10
31603;5373;1;1490;10
31604;5374;1;1490;10
31605;5375;1;2455;10
31606;5376;1;2455;10
31607;5377;1;2466;10
31608;5378;1;2466;10
31609;5379;1;1748;10
31610;5380;1;746;10
31611;5381;1;746;10
31612;5382;1;2075;10
31613;5383;1;2347;10
31614;5384;1;2075;10
31615;5385;1;2075;10
31616;5386;1;2075;10
31617;5387;1;783;10
31618;5388;1;783;10
31619;5389;1;783;10
31620;5390;1;2075;10
31621;4066;1;480;15
31622;4067;1;2587;15
31623;4068;1;2587;15
31624;5905;1;480;10
31625;5906;1;2587;10
31626;4543;1;1178;15
31627;4544;1;1179;15
31628;4545;1;3006;15
31629;4546;1;1179;15
31630;6668;1;1179;10
31631;6669;1;3176;10
31632;6670;1;1179;10
31633;3967;1;2443;25
31634;3968;1;2443;25
31635;3969;1;2852;25
31636;3970;1;1455;25
31637;3971;1;1455;25
31638;3972;1;2852;25
31639;3973;1;1455;25
31640;3974;1;511;25
31641;3975;1;2511;25
31642;3976;1;2511;25
31643;6613;1;2511;10
31644;6614;1;1455;10
31645;6615;1;2511;10
31646;6616;1;2511;10
31647;6617;1;2511;10
31648;6618;1;511;10
31649;6619;1;2511;10
31650;6620;1;2511;10
31651;4487;1;739;15
31652;4488;1;1566;15
31653;4489;1;550;15
31654;4490;1;2956;15
31655;4491;1;2956;15
31656;4492;1;72;15
31657;4493;1;2956;15
31658;4494;1;72;15
31659;6420;1;541;10
31660;6421;1;1566;10
31661;6422;1;1062;10
31662;6423;1;550;10
31663;6424;1;550;10
31664;6425;1;2956;10
31665;6426;1;2956;10
31666;6427;1;72;10
31667;6428;1;2956;10
31668;6429;1;72;10
31669;3134;1;2419;25
31670;3135;1;1175;25
31671;3136;1;3175;25
31672;3137;1;2634;25
31673;3138;1;1847;25
31674;3139;1;1847;25
31675;3140;1;752;25
31676;3141;1;752;25
31677;3142;1;752;25
31678;3143;1;1151;25
31679;3144;1;1371;25
31680;3145;1;939;25
31681;3146;1;2635;25
31682;3147;1;1846;25
31683;3148;1;2635;25
31684;3149;1;1150;25
31685;3150;1;1288;25
31686;3151;1;1288;25
31687;3152;1;1846;25
31688;3153;1;1289;25
31689;3154;1;1289;25
31690;3155;1;1289;25
31691;3156;1;1289;25
31692;3157;1;1255;25
31693;3158;1;1255;25
31694;3159;1;1311;25
31695;3160;1;1633;25
31696;3161;1;1523;25
31697;3162;1;1106;25
31698;3163;1;3184;25
31699;3164;1;3193;25
31700;3165;1;1109;25
31701;3166;1;3184;25
31702;3167;1;1263;25
31703;3168;1;2536;25
31704;3169;1;1187;25
31705;3170;1;778;25
31706;3171;1;778;25
31707;4647;1;2399;15
31708;4648;1;2399;15
31709;4649;1;2399;15
31710;4650;1;2934;15
31711;4651;1;968;15
31712;4652;1;2280;15
31713;4653;1;2280;15
31714;4654;1;3341;15
31715;6621;1;2399;10
31716;6622;1;2399;10
31717;6623;1;2934;10
31718;6624;1;968;10
31719;6625;1;2331;10
31720;6626;1;2280;10
31721;6627;1;3339;10
31722;4276;1;913;15
31723;4277;1;1094;15
31724;4278;1;1094;15
31725;4279;1;2721;15
31726;4280;1;2165;15
31727;4281;1;2721;15
31728;4282;1;913;15
31729;4283;1;438;15
31730;4284;1;759;15
31731;4285;1;1583;15
31732;4286;1;333;15
31733;4287;1;333;15
31734;4288;1;333;15
31735;4289;1;3307;15
31736;4290;1;3364;15
31737;6244;1;1291;10
31738;6245;1;2166;10
31739;6246;1;2166;10
31740;6247;1;2166;10
31741;6248;1;2721;10
31742;6249;1;2721;10
31743;6250;1;438;10
31744;6251;1;438;10
31745;6252;1;911;10
31746;6253;1;911;10
31747;6254;1;957;10
31748;6255;1;333;10
31749;6256;1;333;10
31750;6257;1;3300;10
31751;6258;1;3345;10
31752;4498;1;2053;15
31753;4499;1;3355;15
31754;6711;1;3355;10
31755;3602;1;2307;25
31756;3603;1;2304;25
31757;3604;1;2913;25
31758;3605;1;3148;25
31759;3606;1;2913;25
31760;3607;1;1026;25
31761;3608;1;2408;25
31762;3609;1;2943;25
31763;3610;1;3035;25
31764;3611;1;2302;25
31765;3612;1;3035;25
31766;3613;1;3144;25
31767;3614;1;3144;25
31768;3615;1;2943;25
31769;3616;1;3148;25
31770;3617;1;2379;25
31771;3618;1;2965;25
31772;3619;1;2409;25
31773;3620;1;839;25
31774;3621;1;2965;25
31775;3622;1;2965;25
31776;3623;1;3148;25
31777;3624;1;3148;25
31778;3625;1;2425;25
31779;3626;1;2425;25
31780;3627;1;229;25
31781;3628;1;2425;25
31782;3629;1;2115;25
31783;3630;1;2425;25
31784;3631;1;3165;25
31785;5543;1;791;10
31786;5544;1;2913;10
31787;5545;1;3035;10
31788;5546;1;2913;10
31789;5547;1;3162;10
31790;5548;1;3035;10
31791;5549;1;2935;10
31792;5550;1;2943;10
31793;5551;1;1236;10
31794;5552;1;1236;10
31795;5553;1;1711;10
31796;5554;1;2943;10
31797;5555;1;3148;10
31798;5556;1;1027;10
31799;5557;1;2891;10
31800;5558;1;229;10
31801;5559;1;3055;10
31802;5560;1;2965;10
31803;5561;1;1027;10
31804;5562;1;3148;10
31805;5563;1;3148;10
31806;5564;1;3055;10
31807;5565;1;3055;10
31808;5566;1;2425;10
31809;5567;1;3055;10
31810;5568;1;3055;10
31811;5569;1;3165;10
31812;5570;1;3165;10
31813;4731;1;2645;15
31814;4732;1;2729;15
31815;4733;1;2645;15
31816;4734;1;2645;15
31817;6695;1;2645;10
31818;6696;1;2729;10
31819;6697;1;2645;10
31820;6698;1;2645;10
31821;2264;1;1415;50
31822;2265;1;1219;50
31823;2266;1;1450;50
31824;2267;1;1450;50
31825;2268;1;2258;50
31826;2269;1;1271;50
31827;2269;1;2200;50
31828;2270;1;1936;50
31829;2270;1;2754;50
31830;2271;1;643;50
31831;2271;1;1373;50
31832;2272;1;386;50
31833;2273;1;386;50
31834;2274;1;1372;50
31835;2275;1;386;50
31836;2276;1;386;50
31837;2277;1;3053;50
31838;2278;1;386;50
31839;2279;1;386;50
31840;2280;1;386;50
31841;2281;1;386;50
31842;2282;1;212;50
31843;2283;1;386;50
31844;2284;1;386;50
31845;2285;1;386;50
31846;2286;1;386;50
31847;2287;1;386;50
31848;2288;1;1315;50
31849;2289;1;717;50
31850;2290;1;490;50
31851;2291;1;414;50
31852;2292;1;414;50
31853;2293;1;1438;50
31854;2294;1;109;50
31855;2295;1;414;50
31856;2296;1;109;50
31857;2297;1;490;50
31858;2298;1;416;50
31859;2299;1;1767;50
31860;2300;1;1767;50
31861;2301;1;1767;50
31862;2302;1;1767;50
31863;2303;1;2014;50
31864;2304;1;2014;50
31865;2305;1;2014;50
31866;2306;1;2014;50
31867;2307;1;2126;50
31868;2308;1;2014;50
31869;2309;1;1975;50
31870;2310;1;1975;50
31871;2311;1;2134;50
31872;2312;1;2340;50
31873;2313;1;504;50
31874;2314;1;2340;50
31875;2315;1;2340;50
31876;2316;1;2340;50
31877;2317;1;2340;50
31878;2318;1;2340;50
31879;2319;1;2340;50
31880;2320;1;2340;50
31881;2321;1;2340;50
31882;2322;1;2340;50
31883;2323;1;885;50
31884;2324;1;829;50
31885;2325;1;2740;50
31886;2326;1;829;50
31887;2327;1;1655;50
31888;2328;1;829;50
31889;2329;1;1112;50
31890;2330;1;829;50
31891;2331;1;1360;50
31892;2332;1;83;50
31893;2333;1;2510;50
31894;2334;1;82;50
31895;2335;1;2510;50
31896;2336;1;2510;50
31897;2337;1;2199;50
31898;4985;1;386;10
31899;4986;1;3169;10
31900;4987;1;504;10
31901;4988;1;2648;10
31902;4989;1;995;10
31903;4990;1;1431;10
31904;4991;1;2557;10
31905;4992;1;3118;10
31906;4993;1;2740;10
31907;4994;1;885;10
31908;4995;1;885;10
31909;4996;1;3118;10
31910;4997;1;3118;10
31911;4998;1;1381;10
31912;4999;1;885;10
31913;5000;1;1125;10
31914;5001;1;1125;10
31915;5002;1;583;10
31916;5003;1;1112;10
31917;5004;1;83;10
31918;5005;1;221;10
31919;5006;1;1402;10
31920;5007;1;832;10
31921;5008;1;221;10
31922;5009;1;3186;10
31923;4716;1;28;15
31924;4717;1;133;15
31925;4718;1;1393;15
31926;4719;1;3326;15
31927;6699;1;958;10
31928;6700;1;1998;10
31929;6701;1;3324;10
31930;3977;1;2416;25
31931;3978;1;2416;25
31932;3979;1;2417;25
31933;3980;1;775;25
31934;3981;1;2424;25
31935;3982;1;3137;25
31936;3983;1;3137;25
31937;3984;1;2731;25
31938;3985;1;3137;25
31939;3986;1;3137;25
31940;3987;1;2731;25
31941;5986;1;2952;10
31942;5987;1;2416;10
31943;5988;1;2416;10
31944;5989;1;2565;10
31945;5990;1;2565;10
31946;5991;1;2424;10
31947;5992;1;3137;10
31948;5993;1;3137;10
31949;5994;1;1941;10
31950;5995;1;2424;10
31951;5996;1;1941;10
31952;5997;1;3137;10
31953;4041;1;281;15
31954;4042;1;692;15
31955;4043;1;281;15
31956;4044;1;197;15
31957;4045;1;410;15
31958;4046;1;1958;15
31959;4047;1;684;15
31960;4048;1;684;15
31961;4049;1;1958;15
31962;4050;1;684;15
31963;4051;1;197;15
31964;4052;1;197;15
31965;4053;1;684;15
31966;4054;1;684;15
31967;4055;1;1334;15
31968;4056;1;3192;15
31969;4057;1;1334;15
31970;4058;1;3151;15
31971;4059;1;3126;15
31972;4060;1;3151;15
31973;4061;1;3126;15
31974;4062;1;160;15
31975;4063;1;1735;15
31976;4064;1;1949;15
31977;4065;1;160;15
31978;5881;1;1796;10
31979;5882;1;647;10
31980;5883;1;281;10
31981;5884;1;281;10
31982;5885;1;684;10
31983;5886;1;1467;10
31984;5887;1;684;10
31985;5888;1;684;10
31986;5889;1;684;10
31987;5890;1;684;10
31988;5891;1;684;10
31989;5892;1;684;10
31990;5893;1;684;10
31991;5894;1;1334;10
31992;5895;1;684;10
31993;5896;1;1735;10
31994;5897;1;684;10
31995;5898;1;3126;10
31996;5899;1;1949;10
31997;5900;1;3126;10
31998;5901;1;1735;10
31999;5902;1;1735;10
32000;5903;1;3301;10
32001;5904;1;1735;10
32002;2413;1;2285;50
32003;2414;1;2285;50
32004;2415;1;2285;50
32005;2416;1;2285;50
32006;2417;1;322;50
32007;2418;1;2282;50
32008;2419;1;2282;50
32009;2420;1;741;50
32010;2421;1;322;50
32011;2422;1;2107;50
32012;2423;1;696;50
32013;2424;1;845;50
32014;2425;1;1294;50
32015;2426;1;1755;50
32016;2427;1;609;50
32017;2428;1;609;50
32018;2429;1;350;50
32019;2430;1;609;50
32020;2431;1;387;50
32021;2432;1;609;50
32022;2433;1;2849;50
32023;2434;1;2558;50
32024;2435;1;2553;50
32025;2436;1;2553;50
32026;2437;1;1558;50
32027;2438;1;1297;50
32028;2439;1;1204;50
32029;2440;1;1433;50
32030;2441;1;2632;50
32031;2442;1;1204;50
32032;2443;1;1322;50
32033;2444;1;1204;50
32034;2445;1;1322;50
32035;2446;1;1322;50
32036;2447;1;708;50
32037;2448;1;1818;50
32038;2449;1;2442;50
32039;2450;1;1948;50
32040;2451;1;2345;50
32041;2452;1;1593;50
32042;2453;1;1358;50
32043;2454;1;116;50
32044;2455;1;1617;50
32045;2456;1;1531;50
32046;2457;1;1617;50
32047;2458;1;1921;50
32048;2459;1;425;50
32049;2460;1;2164;50
32050;2461;1;1921;50
32051;2462;1;2590;50
32052;2463;1;2136;50
32053;2464;1;1280;50
32054;2465;1;92;50
32055;2466;1;2136;50
32056;2467;1;2136;50
32057;2468;1;116;50
32058;2469;1;629;50
32059;2470;1;2628;50
32060;2471;1;1669;50
32061;2472;1;882;50
32062;2473;1;540;50
32063;2474;1;1615;50
32064;2475;1;1615;50
32065;4853;1;2107;10
32066;4854;1;1866;10
32067;4855;1;1866;10
32068;4856;1;923;10
32069;4857;1;387;10
32070;4858;1;387;10
32071;4859;1;609;10
32072;4860;1;2558;10
32073;4861;1;645;10
32074;4862;1;2471;10
32075;4863;1;833;10
32076;4864;1;1293;10
32077;4865;1;1204;10
32078;4866;1;2512;10
32079;4867;1;1322;10
32080;4868;1;1204;10
32081;4869;1;1204;10
32082;4870;1;1322;10
32083;4871;1;2558;10
32084;4872;1;2558;10
32085;4873;1;1948;10
32086;4874;1;1948;10
32087;4875;1;830;10
32088;4876;1;1948;10
32089;4877;1;1948;10
32090;4878;1;1948;10
32091;4879;1;1593;10
32092;4880;1;1593;10
32093;4881;1;1593;10
32094;4882;1;571;10
32095;4883;1;1617;10
32096;4884;1;1617;10
32097;4885;1;1617;10
32098;4886;1;92;10
32099;4887;1;1358;10
32100;4888;1;946;10
32101;4889;1;946;10
32102;4890;1;116;10
32103;4891;1;457;10
32104;4892;1;92;10
32105;4893;1;1617;10
32106;4894;1;457;10
32107;4895;1;116;10
32108;4896;1;116;10
32109;4897;1;116;10
32110;4898;1;540;10
32111;4899;1;1681;10
32112;4900;1;540;10
32113;4901;1;3286;10
32114;4902;1;3277;10
32115;4748;1;2976;15
32116;4749;1;2976;15
32117;6708;1;2975;10
32118;6709;1;3374;10
32119;4529;1;2649;15
32120;4530;1;2432;15
32121;4531;1;2432;15
32122;4532;1;2432;15
32123;6336;1;1766;10
32124;6337;1;1766;10
32125;6338;1;2432;10
32126;6339;1;2432;10
32127;6340;1;2432;10
32128;4295;1;2798;15
32129;4296;1;2853;15
32130;6431;1;2853;10
32131;3779;1;1185;25
32132;3780;1;1185;25
32133;3781;1;3188;25
32134;5685;1;1185;10
32135;5686;1;1185;10
32136;5687;1;1185;10
32137;5688;1;3188;10
32138;4145;1;377;15
32139;4146;1;1744;15
32140;4147;1;1744;15
32141;4148;1;1744;15
32142;4149;1;1754;15
32143;4150;1;1744;15
32144;4151;1;1744;15
32145;4152;1;2747;15
32146;4153;1;1086;15
32147;4154;1;2803;15
32148;4155;1;1146;15
32149;4156;1;2803;15
32150;4157;1;1146;15
32151;6077;1;1744;10
32152;6078;1;1744;10
32153;6079;1;1744;10
32154;6080;1;1744;10
32155;6081;1;1744;10
32156;6082;1;1264;10
32157;6083;1;1086;10
32158;6084;1;1146;10
32159;6085;1;1146;10
32160;6086;1;2803;10
32161;6087;1;1146;10
32162;4667;1;1348;15
32163;4668;1;1348;15
32164;4669;1;1933;15
32165;4670;1;1348;15
32166;4671;1;1348;15
32167;4672;1;3279;15
32168;4673;1;1348;15
32169;6640;1;1348;10
32170;6641;1;1348;10
32171;6642;1;1348;10
32172;6643;1;1348;10
32173;6644;1;1348;10
32174;6645;1;1348;10
32175;4750;1;3280;15
32176;6712;1;3280;10
32177;4751;1;3285;15
32178;4752;1;3331;15
32179;6713;1;3331;10
32180;4753;1;3348;15
32181;6714;1;3176;10
32182;6715;1;1179;15
32183;6716;1;3375;15
32184;6717;1;3376;10